{
	"credit": "Made with Blockbench",
	"textures": {
		"0": "guns/deagle"
	},
	"elements": [
		{
			"from": [8, 6.5, 6.25],
			"to": [8, 8.5, 9.25],
			"rotation": {"angle": 0, "axis": "y", "origin": [16, 14.5, 14]},
			"faces": {
				"north": {"uv": [0, 0, 0, 2.5], "texture": "#0"},
				"east": {"uv": [16, 2.5, 13, 4.5], "texture": "#0"},
				"south": {"uv": [0, 0, 0, 2.5], "texture": "#0"},
				"west": {"uv": [13, 2.5, 16, 4.5], "texture": "#0"},
				"up": {"uv": [0, 0, 0, 2.5], "texture": "#0"},
				"down": {"uv": [0, 0, 0, 2.5], "texture": "#0"}
			}
		},
		{
			"from": [8, 11, 0.75],
			"to": [8, 11.5, 2.75],
			"rotation": {"angle": 0, "axis": "y", "origin": [16, 19, 9.25]},
			"faces": {
				"north": {"uv": [0, 0, 0, 1], "texture": "#0"},
				"east": {"uv": [13, 4.5, 15, 5], "texture": "#0"},
				"south": {"uv": [0, 0, 0, 1], "texture": "#0"},
				"west": {"uv": [13, 4.5, 15, 5], "rotation": 180, "texture": "#0"},
				"up": {"uv": [0, 0, 0, 1], "texture": "#0"},
				"down": {"uv": [0, 0, 0, 1], "texture": "#0"}
			}
		},
		{
			"from": [7, 8.5, 1.25],
			"to": [9, 11, 12.25],
			"rotation": {"angle": 0, "axis": "y", "origin": [15, 17, 10.25]},
			"faces": {
				"north": {"uv": [11.5, 0, 13.5, 2.5], "texture": "#0"},
				"east": {"uv": [11, 0, 0, 2.5], "texture": "#0"},
				"south": {"uv": [10.5, 0, 11, 2.5], "texture": "#0"},
				"west": {"uv": [0, 0, 11, 2.5], "texture": "#0"},
				"up": {"uv": [0, 2.5, 11, 4.5], "rotation": 90, "texture": "#0"},
				"down": {"uv": [0, 4.5, 11, 6.5], "rotation": 270, "texture": "#0"}
			}
		},
		{
			"from": [7.25, 5, 7.75],
			"to": [8.75, 10.5, 10.75],
			"rotation": {"angle": -22.5, "axis": "x", "origin": [8.75, 11, 12.25]},
			"faces": {
				"north": {"uv": [0, 9.5, 5.5, 11], "rotation": 90, "texture": "#0"},
				"east": {"uv": [0, 9.5, 5.5, 6.5], "rotation": 90, "texture": "#0"},
				"south": {"uv": [0, 9.5, 5.5, 11], "rotation": 90, "texture": "#0"},
				"west": {"uv": [0, 6.5, 5.5, 9.5], "rotation": 90, "texture": "#0"},
				"down": {"uv": [5, 6.5, 5.5, 9.5], "texture": "#0"}
			}
		},
		{
			"from": [7.25, 8.5, 10.75],
			"to": [8.75, 11, 12.25],
			"rotation": {"angle": -22.5, "axis": "x", "origin": [8.75, 11, 12.25]},
			"faces": {
				"east": {"uv": [15, 0, 13.5, 2.5], "texture": "#0"},
				"south": {"uv": [11.5, 2.5, 13, 5], "texture": "#0"},
				"west": {"uv": [13.5, 0, 15, 2.5], "texture": "#0"},
				"up": {"uv": [8.5, 2.5, 9, 3], "rotation": 180, "texture": "#0"},
				"down": {"uv": [13.5, 2, 15, 2.5], "rotation": 270, "texture": "#0"}
			}
		}
	],
	"gui_light": "front",
	"display": {
		"thirdperson_righthand": {
			"rotation": [8, -12, 0],
			"scale": [0.8, 0.8, 0.8]
		},
		"thirdperson_lefthand": {
			"rotation": [8, -12, 0],
			"scale": [0.8, 0.8, 0.8]
		},
		"firstperson_righthand": {
			"rotation": [-2, -4, 0],
			"translation": [-4, 0, -3.1]
		},
		"firstperson_lefthand": {
			"rotation": [-2, -4, 0],
			"translation": [-4, 0, -3.1]
		},
		"ground": {
			"rotation": [0, 0, 90],
			"translation": [0, -3, 0]
		},
		"gui": {
			"rotation": [20, 145, 0],
			"translation": [1, -1, 0],
			"scale": [1.9, 1.9, 1.9]
		},
		"head": {
			"translation": [0, -0.5, -0.25]
		},
		"fixed": {
			"rotation": [0, 90, 0],
			"translation": [3.75, -5.5, -0.25]
		}
	},
	"groups": [
		{
			"name": "deagle",
			"origin": [8.75, 17.25, 9.75],
			"color": 0,
			"children": [0, 1, 2, 3, 4]
		}
	]
}