{
	"format_version": "1.9.0",
	"credit": "Made with Blockbench",
	"textures": {
		"0": "guns/revolver",
		"particle": "guns/revolver"
	},
	"elements": [
		{
			"from": [7.55, 8, 5.35],
			"to": [8.45, 8.85, 8.25],
			"rotation": {"angle": 0, "axis": "y", "origin": [8, 8.98946, 5.73143]},
			"faces": {
				"north": {"uv": [8, 12, 9, 13], "texture": "#0"},
				"east": {"uv": [11, 4, 8, 5], "texture": "#0"},
				"west": {"uv": [8, 4, 11, 5], "texture": "#0"},
				"down": {"uv": [6, 8, 5, 11], "texture": "#0"}
			}
		},
		{
			"from": [8, 6.5, 6.75],
			"to": [8, 8, 8.7],
			"rotation": {"angle": 0, "axis": "y", "origin": [8, 8.98946, 5.73143]},
			"faces": {
				"east": {"uv": [8, 5, 6, 6.5], "texture": "#0"},
				"west": {"uv": [6, 5, 8, 6.5], "texture": "#0"}
			}
		},
		{
			"from": [8, 10.75, 1.35],
			"to": [8, 11.25, 2.85],
			"rotation": {"angle": 0, "axis": "y", "origin": [8, 8.98946, 5.73143]},
			"faces": {
				"east": {"uv": [13.5, 13, 12, 13.5], "texture": "#0"},
				"west": {"uv": [12, 13, 13.5, 13.5], "texture": "#0"}
			}
		},
		{
			"from": [8, 9.25, 9.25],
			"to": [8, 10.75, 10.95],
			"rotation": {"angle": 0, "axis": "y", "origin": [8, 8.98946, 5.73143]},
			"faces": {
				"east": {"uv": [11.5, 7, 10, 8.5], "texture": "#0"},
				"west": {"uv": [10, 7, 11.5, 8.5], "texture": "#0"}
			}
		},
		{
			"from": [7.45, 8, 8.75],
			"to": [8.55, 9.25, 10.5],
			"rotation": {"angle": 0, "axis": "y", "origin": [8, 8.98946, 5.73143]},
			"faces": {
				"east": {"uv": [3, 9, 1, 10.5], "texture": "#0"},
				"south": {"uv": [4, 12, 5, 13.5], "texture": "#0"},
				"west": {"uv": [1, 9, 3, 10.5], "texture": "#0"},
				"up": {"uv": [11, 13, 10, 11], "texture": "#0"}
			}
		},
		{
			"from": [7.451, 3.67644, 7.89418],
			"to": [8.549, 7.22644, 10.14418],
			"rotation": {"angle": -22.5, "axis": "x", "origin": [8, 8.98946, 5.73143]},
			"faces": {
				"north": {"uv": [6, 7, 7, 10.5], "texture": "#0"},
				"east": {"uv": [5.5, 0, 3, 3.5], "texture": "#0"},
				"south": {"uv": [7, 7, 8, 10.5], "texture": "#0"},
				"west": {"uv": [3, 0, 5.5, 3.5], "texture": "#0"},
				"down": {"uv": [9, 9, 8, 11.5], "texture": "#0"}
			}
		},
		{
			"from": [7.45, 8.85, 5],
			"to": [8.55, 10.75, 6],
			"rotation": {"angle": 0, "axis": "y", "origin": [8, 8.98946, 5.73143]},
			"faces": {
				"north": {"uv": [11, 0, 12, 2], "texture": "#0"},
				"east": {"uv": [12, 2, 11, 4], "texture": "#0"},
				"west": {"uv": [11, 2, 12, 4], "texture": "#0"},
				"up": {"uv": [13, 11, 12, 10], "texture": "#0"},
				"down": {"uv": [12, 12, 11, 13], "texture": "#0"}
			}
		},
		{
			"from": [6.60156, 8.81008, 4.998],
			"to": [7.50156, 9.61008, 5.998],
			"rotation": {"angle": -45, "axis": "z", "origin": [8, 8.98946, 5.73143]},
			"faces": {
				"north": {"uv": [12, 12, 13, 13], "texture": "#0"},
				"south": {"uv": [13, 0, 14, 1], "texture": "#0"},
				"west": {"uv": [1, 13, 2, 14], "texture": "#0"},
				"down": {"uv": [14, 1, 13, 2], "texture": "#0"}
			}
		},
		{
			"from": [8.49844, 8.81008, 4.998],
			"to": [9.39844, 9.61008, 5.998],
			"rotation": {"angle": 45, "axis": "z", "origin": [8, 8.98946, 5.73143]},
			"faces": {
				"north": {"uv": [13, 12, 12, 13], "texture": "#0"},
				"east": {"uv": [2, 13, 1, 14], "texture": "#0"},
				"south": {"uv": [14, 0, 13, 1], "texture": "#0"},
				"down": {"uv": [13, 1, 14, 2], "texture": "#0"}
			}
		},
		{
			"from": [8.65702, 9.22222, 2.998],
			"to": [9.35702, 9.92222, 4.998],
			"rotation": {"angle": 45, "axis": "z", "origin": [8, 8.98946, 5.73143]},
			"faces": {
				"north": {"uv": [14.5, 14, 14, 14.5], "texture": "#0"},
				"east": {"uv": [15, 2, 13, 2.5], "texture": "#0"},
				"down": {"uv": [2, 13, 2.5, 15], "texture": "#0"}
			}
		},
		{
			"from": [8.73025, 9.299, 1.37],
			"to": [9.28025, 9.849, 3.02],
			"rotation": {"angle": 45, "axis": "z", "origin": [8, 8.98946, 5.73143]},
			"faces": {
				"north": {"uv": [1.5, 15, 1, 15.5], "texture": "#0"},
				"east": {"uv": [14.5, 12, 13, 12.5], "texture": "#0"},
				"down": {"uv": [0, 14, 0.5, 15.5], "texture": "#0"}
			}
		},
		{
			"from": [6.64298, 9.22222, 2.998],
			"to": [7.34298, 9.92222, 4.998],
			"rotation": {"angle": -45, "axis": "z", "origin": [8, 8.98946, 5.73143]},
			"faces": {
				"north": {"uv": [14, 14, 14.5, 14.5], "texture": "#0"},
				"west": {"uv": [13, 2, 15, 2.5], "texture": "#0"},
				"down": {"uv": [2.5, 13, 2, 15], "texture": "#0"}
			}
		},
		{
			"from": [6.71975, 9.299, 1.37],
			"to": [7.26975, 9.849, 3.02],
			"rotation": {"angle": -45, "axis": "z", "origin": [8, 8.98946, 5.73143]},
			"faces": {
				"north": {"uv": [1, 15, 1.5, 15.5], "texture": "#0"},
				"west": {"uv": [13, 12, 14.5, 12.5], "texture": "#0"},
				"down": {"uv": [0.5, 14, 0, 15.5], "texture": "#0"}
			}
		},
		{
			"from": [7.45, 8, 8.25],
			"to": [8.55, 10.75, 8.75],
			"rotation": {"angle": 0, "axis": "y", "origin": [8, 8.98946, 5.73143]},
			"faces": {
				"north": {"uv": [0, 9, 1, 12], "texture": "#0"},
				"east": {"uv": [3, 12, 3.5, 15], "texture": "#0"},
				"west": {"uv": [3, 12, 3.5, 15], "texture": "#0"},
				"up": {"uv": [2, 14.5, 1, 14], "texture": "#0"},
				"down": {"uv": [5, 14, 4, 14.5], "texture": "#0"}
			}
		},
		{
			"from": [7.451, 5.9499, 8.01077],
			"to": [8.549, 8.0999, 9.11077],
			"rotation": {"angle": -45, "axis": "x", "origin": [8, 8.98946, 5.73143]},
			"faces": {
				"east": {"uv": [12, 9, 11, 11], "texture": "#0"},
				"south": {"uv": [9, 11, 10, 13], "texture": "#0"},
				"west": {"uv": [11, 9, 12, 11], "texture": "#0"}
			}
		},
		{
			"from": [7.45, 10.35, 6],
			"to": [8.55, 10.75, 8.25],
			"rotation": {"angle": 0, "axis": "y", "origin": [8, 8.98946, 5.73143]},
			"faces": {
				"east": {"uv": [14.5, 9, 12, 9.5], "texture": "#0"},
				"west": {"uv": [12, 9, 14.5, 9.5], "texture": "#0"},
				"up": {"uv": [4, 11.5, 3, 9], "texture": "#0"},
				"down": {"uv": [5, 9, 4, 11.5], "texture": "#0"}
			}
		},
		{
			"from": [7.55, 10.75, 4],
			"to": [8.45, 11.25, 7.5],
			"rotation": {"angle": 0, "axis": "y", "origin": [8, 8.98946, 5.73143]},
			"faces": {
				"north": {"uv": [14, 5, 15, 5.5], "texture": "#0"},
				"east": {"uv": [14.5, 11, 11, 11.5], "texture": "#0"},
				"south": {"uv": [14, 6, 15, 6.5], "texture": "#0"},
				"west": {"uv": [11, 11, 14.5, 11.5], "texture": "#0"},
				"up": {"uv": [9, 3.5, 8, 0], "texture": "#0"}
			}
		},
		{
			"from": [7.7, 9.5, 1.35],
			"to": [8.3, 10.75, 3],
			"rotation": {"angle": 0, "axis": "y", "origin": [8, 8.98946, 5.73143]},
			"faces": {
				"north": {"uv": [5, 13, 5.5, 14.5], "texture": "#0"},
				"east": {"uv": [10.5, 9, 9, 10.5], "texture": "#0"},
				"west": {"uv": [9, 9, 10.5, 10.5], "texture": "#0"},
				"up": {"uv": [13.5, 6.5, 13, 5], "texture": "#0"},
				"down": {"uv": [6.5, 13, 6, 14.5], "texture": "#0"}
			}
		},
		{
			"from": [7.7, 9.25, 1.35],
			"to": [8.3, 9.5, 2.9],
			"rotation": {"angle": 0, "axis": "y", "origin": [8, 8.98946, 5.73143]},
			"faces": {
				"north": {"uv": [13, 14, 13.5, 14.5], "texture": "#0"},
				"east": {"uv": [13, 8, 14.5, 8.5], "texture": "#0"},
				"south": {"uv": [14, 13, 14.5, 13.5], "texture": "#0"},
				"west": {"uv": [14.5, 8, 13, 8.5], "texture": "#0"}
			}
		},
		{
			"from": [7.55, 8.85, 1.35],
			"to": [8.45, 9.25, 2.9],
			"rotation": {"angle": 0, "axis": "y", "origin": [8, 8.98946, 5.73143]},
			"faces": {
				"north": {"uv": [7, 14, 8, 14.5], "texture": "#0"},
				"east": {"uv": [15.5, 1, 14, 1.5], "texture": "#0"},
				"south": {"uv": [8, 14, 9, 14.5], "texture": "#0"},
				"west": {"uv": [14, 1, 15.5, 1.5], "texture": "#0"},
				"up": {"uv": [13, 6.5, 12, 5], "texture": "#0"},
				"down": {"uv": [13, 7, 12, 8.5], "texture": "#0"}
			}
		},
		{
			"from": [7.6, 9.5, 3],
			"to": [8.4, 10.75, 5],
			"rotation": {"angle": 0, "axis": "y", "origin": [8, 8.98946, 5.73143]},
			"faces": {
				"north": {"uv": [0, 12, 1, 13.5], "texture": "#0"},
				"east": {"uv": [10, 7, 8, 8.5], "texture": "#0"},
				"west": {"uv": [8, 7, 10, 8.5], "texture": "#0"},
				"up": {"uv": [6, 13, 5, 11], "texture": "#0"},
				"down": {"uv": [7, 11, 6, 13], "texture": "#0"}
			}
		},
		{
			"from": [7.75, 9.85, 1.34],
			"to": [8.25, 10.35, 1.34],
			"rotation": {"angle": 0, "axis": "y", "origin": [8, 8.98946, 5.73143]},
			"faces": {
				"north": {"uv": [2, 15, 2.5, 15.5], "texture": "#0"}
			}
		},
		{
			"from": [7.6, 9, 3.55],
			"to": [8.4, 9.5, 5],
			"rotation": {"angle": 0, "axis": "y", "origin": [8, 8.98946, 5.73143]},
			"faces": {
				"east": {"uv": [14.5, 7, 13, 7.5], "texture": "#0"},
				"west": {"uv": [13, 7, 14.5, 7.5], "texture": "#0"},
				"down": {"uv": [9.5, 13, 9, 14.5], "texture": "#0"}
			}
		},
		{
			"from": [7.601, 7.45441, 3.45148],
			"to": [8.399, 8.00441, 4.18148],
			"rotation": {"angle": 45, "axis": "x", "origin": [8, 8.98946, 5.73143]},
			"faces": {
				"east": {"uv": [11, 14, 11.5, 14.5], "texture": "#0"},
				"west": {"uv": [11, 14, 11.5, 14.5], "texture": "#0"},
				"down": {"uv": [12.5, 14, 12, 14.5], "texture": "#0"}
			}
		},
		{
			"from": [7.05, 8.45, 6],
			"to": [8.95, 10.35, 8.25],
			"rotation": {"angle": 0, "axis": "y", "origin": [8, 8.98946, 5.73143]},
			"faces": {
				"north": {"uv": [2, 6, 4, 8], "texture": "#0"},
				"east": {"uv": [5.5, 4, 3, 6], "texture": "#0"},
				"south": {"uv": [6, 3, 8, 5], "texture": "#0"},
				"west": {"uv": [3, 4, 5.5, 6], "texture": "#0"},
				"up": {"uv": [2, 8.5, 0, 6], "texture": "#0"},
				"down": {"uv": [8, 0, 6, 2.5], "texture": "#0"}
			}
		}
	],
	"gui_light": "front",
	"display": {
		"thirdperson_righthand": {
			"rotation": [8, -12, 0],
			"scale": [0.8, 0.8, 0.8]
		},
		"thirdperson_lefthand": {
			"rotation": [8, -12, 0],
			"scale": [0.8, 0.8, 0.8]
		},
		"firstperson_righthand": {
			"rotation": [-2, -4, 0],
			"translation": [-4, 0, -3.1],
			"scale": [0, 0, 0]
		},
		"firstperson_lefthand": {
			"rotation": [-2, -4, 0],
			"translation": [-4, 0, -3.1],
			"scale": [0, 0, 0]
		},
		"ground": {
			"rotation": [0, 0, 90],
			"translation": [0, -3, 0]
		},
		"gui": {
			"rotation": [20, 145, 0],
			"translation": [2.5, 0, 0],
			"scale": [0, 0, 0]
		}
	},
	"groups": [
		{
			"name": "revolver",
			"origin": [8, 8, 8],
			"color": 0,
			"children": [0, 1, 2, 3, 4, 5, 6, 7, 8, 9, 10, 11, 12, 13, 14, 15, 16, 17, 18, 19, 20, 21, 22, 23, 24]
		}
	]
}