{
	"credit": "Made with Blockbench",
	"texture_size": [64, 48],
	"textures": {
		"particle": "guns/ak47"
	},
	"elements": [
		{
			"from": [8, 10.25, -14.25],
			"to": [8, 12.25, -6.25],
			"rotation": {"angle": 0, "axis": "z", "origin": [8, 10.25, -5.25]},
			"faces": {
				"north": {"uv": [0, 0, 1, 1], "rotation": 180, "texture": "#particle"},
				"east": {"uv": [9.25, 0, 13.25, 1.33333], "texture": "#particle"},
				"south": {"uv": [4.5, 0, 5, 0.66667], "rotation": 180, "texture": "#particle"},
				"west": {"uv": [13.25, 0, 9.25, 1.33333], "texture": "#particle"},
				"up": {"uv": [2.75, 7.33333, 3, 7.66667], "rotation": 180, "texture": "#particle"},
				"down": {"uv": [0, 11.33333, 4.75, 11.66667], "rotation": 270, "texture": "#particle"}
			}
		},
		{
			"from": [9.25, 10, 1.5],
			"to": [10.25, 10.5, 1.5],
			"rotation": {"angle": 0, "axis": "z", "origin": [9.25, 10, 10.5]},
			"faces": {
				"north": {"uv": [6.25, 5, 6.75, 5.33333], "rotation": 180, "texture": "#particle"},
				"east": {"uv": [7.25, 14.33333, 0, 15], "texture": "#particle"},
				"south": {"uv": [6.75, 5, 6.25, 5.33333], "rotation": 180, "texture": "#particle"},
				"west": {"uv": [0, 14.33333, 7.25, 15], "texture": "#particle"},
				"up": {"uv": [2.75, 7.33333, 3, 7.66667], "rotation": 180, "texture": "#particle"},
				"down": {"uv": [0, 11.33333, 4.75, 11.66667], "rotation": 270, "texture": "#particle"}
			}
		},
		{
			"from": [7.5, 9.25, -14.25],
			"to": [8.5, 10.25, -6.25],
			"rotation": {"angle": 0, "axis": "x", "origin": [9, 9.25, -5.25]},
			"faces": {
				"north": {"uv": [4, 9, 4.5, 9.66667], "texture": "#particle"},
				"east": {"uv": [0, 9, 4, 9.66667], "texture": "#particle"},
				"south": {"uv": [13.75, 0, 14.25, 0.66667], "texture": "#particle"},
				"west": {"uv": [4, 9, 0, 9.66667], "texture": "#particle"},
				"up": {"uv": [0, 9, 4, 9.33333], "rotation": 270, "texture": "#particle"},
				"down": {"uv": [0, 9.33333, 4, 9.66667], "rotation": 90, "texture": "#particle"}
			}
		},
		{
			"from": [7.5, 10.75, -9.75],
			"to": [8.5, 11.75, -6.25],
			"rotation": {"angle": 0, "axis": "x", "origin": [9, 10.75, -0.75]},
			"faces": {
				"north": {"uv": [4.5, 9, 5, 9.66667], "texture": "#particle"},
				"east": {"uv": [0, 9.66667, 1.75, 10.33333], "texture": "#particle"},
				"south": {"uv": [13.75, 0, 14.25, 0.66667], "texture": "#particle"},
				"west": {"uv": [1.75, 9.66667, 0, 10.33333], "texture": "#particle"},
				"up": {"uv": [0, 9.66667, 1.75, 10], "rotation": 270, "texture": "#particle"},
				"down": {"uv": [0, 10, 1.75, 10.33333], "rotation": 90, "texture": "#particle"}
			}
		},
		{
			"from": [8, 7, 4],
			"to": [8, 8.5, 9],
			"rotation": {"angle": 0, "axis": "x", "origin": [9.5, 7, 13]},
			"faces": {
				"north": {"uv": [0, 0, 0, 2], "texture": "#particle"},
				"east": {"uv": [8.75, 8.33333, 11.25, 9.33333], "texture": "#particle"},
				"south": {"uv": [0, 0, 0, 2], "texture": "#particle"},
				"west": {"uv": [11.25, 8.33333, 8.75, 9.33333], "texture": "#particle"},
				"up": {"uv": [0, 0, 0, 6], "texture": "#particle"},
				"down": {"uv": [0, 0, 0, 6], "texture": "#particle"}
			}
		},
		{
			"from": [7, 9, -6.25],
			"to": [9, 12, -1.25],
			"rotation": {"angle": 0, "axis": "x", "origin": [8.5, 9, 2.75]},
			"faces": {
				"north": {"uv": [15.75, 0, 16, 2], "texture": "#particle"},
				"east": {"uv": [13.5, 0, 16, 2], "texture": "#particle"},
				"south": {"uv": [13.5, 0, 13.75, 2], "texture": "#particle"},
				"west": {"uv": [16, 0, 13.5, 2], "texture": "#particle"},
				"up": {"uv": [13.5, 2, 16, 3.33333], "rotation": 270, "texture": "#particle"},
				"down": {"uv": [13.5, 1.66667, 16, 2], "rotation": 90, "texture": "#particle"}
			}
		},
		{
			"from": [7.25, 3.75, 8.5],
			"to": [8.75, 8.75, 11],
			"rotation": {"angle": -22.5, "axis": "x", "origin": [7.25, 8.5, 8.5]},
			"faces": {
				"north": {"uv": [14.75, 3.33333, 15.5, 6.66667], "texture": "#particle"},
				"east": {"uv": [13.5, 3.33333, 14.75, 6.66667], "texture": "#particle"},
				"south": {"uv": [13.5, 3.33333, 13.75, 6.66667], "texture": "#particle"},
				"west": {"uv": [14.75, 3.33333, 13.5, 6.66667], "texture": "#particle"},
				"up": {"uv": [3.5, 5.66667, 8, 7.33333], "rotation": 90, "texture": "#particle"},
				"down": {"uv": [13.5, 6.33333, 14.75, 6.66667], "rotation": 90, "texture": "#particle"}
			}
		},
		{
			"from": [7.25, 8.75, 11.75],
			"to": [8.75, 10.75, 16.75],
			"rotation": {"angle": 22.5, "axis": "x", "origin": [7.25, 10.75, 11.75]},
			"faces": {
				"north": {"uv": [3.5, 5.66667, 8, 7.33333], "rotation": 270, "texture": "#particle"},
				"east": {"uv": [13.5, 14.66667, 11, 16], "texture": "#particle"},
				"south": {"uv": [6.75, 6.33333, 8, 6.66667], "rotation": 90, "texture": "#particle"},
				"west": {"uv": [11, 14.66667, 13.5, 16], "texture": "#particle"},
				"up": {"uv": [12.75, 9.66667, 15.25, 10.66667], "rotation": 90, "texture": "#particle"},
				"down": {"uv": [11, 8.33333, 13.5, 9.33333], "rotation": 270, "texture": "#particle"}
			}
		},
		{
			"from": [7.25, 8.75, 16.75],
			"to": [8.75, 11.75, 21.75],
			"rotation": {"angle": 22.5, "axis": "x", "origin": [7.25, 10.75, 11.75]},
			"faces": {
				"north": {"uv": [3.5, 5.66667, 8, 7.33333], "rotation": 270, "texture": "#particle"},
				"east": {"uv": [16, 14, 13.5, 16], "texture": "#particle"},
				"south": {"uv": [8.5, 12.33333, 9.25, 14.33333], "texture": "#particle"},
				"west": {"uv": [13.5, 14, 16, 16], "texture": "#particle"},
				"up": {"uv": [6.75, 3.33333, 7, 6.66667], "texture": "#particle"},
				"down": {"uv": [13.5, 8.33333, 16, 9.33333], "rotation": 270, "texture": "#particle"}
			}
		},
		{
			"from": [6.75, 8.5, -1.75],
			"to": [9.25, 11, 11.75],
			"rotation": {"angle": 0, "axis": "x", "origin": [8.25, 8.5, 7.25]},
			"faces": {
				"north": {"uv": [15.75, 10.66667, 16, 12.33334], "texture": "#particle"},
				"east": {"uv": [9.25, 10.66667, 16, 12.33334], "texture": "#particle"},
				"south": {"uv": [8.75, 4.33333, 10, 6], "texture": "#particle"},
				"west": {"uv": [16, 12.33333, 9.25, 13.99999], "texture": "#particle"},
				"up": {"uv": [2.5, 10.66667, 9.25, 12.33334], "rotation": 270, "texture": "#particle"},
				"down": {"uv": [9.25, 6.66667, 16, 8.33334], "rotation": 90, "texture": "#particle"}
			}
		},
		{
			"from": [7, 7.5, 14.5],
			"to": [9, 10, 21.5],
			"rotation": {"angle": 0, "axis": "x", "origin": [8.5, 7.5, 23.5]},
			"faces": {
				"north": {"uv": [7.5, 14.33333, 7.75, 16], "texture": "#particle"},
				"east": {"uv": [11, 14.33333, 7.5, 16], "texture": "#particle"},
				"south": {"uv": [7.5, 12.66667, 8.5, 14.33333], "texture": "#particle"},
				"west": {"uv": [7.5, 14.33333, 11, 16], "texture": "#particle"},
				"up": {"uv": [9.25, 9.33333, 12.75, 10.66666], "rotation": 90, "texture": "#particle"},
				"down": {"uv": [7.5, 15.66667, 11, 16], "rotation": 270, "texture": "#particle"}
			}
		},
		{
			"from": [7.25, 11, -1.25],
			"to": [8.75, 12, 11.25],
			"rotation": {"angle": 0, "axis": "x", "origin": [8.75, 11, 7.75]},
			"faces": {
				"north": {"uv": [0, 5.33333, 0.25, 7], "texture": "#particle"},
				"east": {"uv": [0, 5, 6.25, 5.66667], "texture": "#particle"},
				"south": {"uv": [0, 5, 0.25, 5.66667], "texture": "#particle"},
				"west": {"uv": [6.25, 5.66667, 0, 6.33333], "texture": "#particle"},
				"up": {"uv": [0, 6.33333, 6.25, 7.33333], "rotation": 270, "texture": "#particle"},
				"down": {"uv": [0, 1.66667, 4.25, 2], "rotation": 90, "texture": "#particle"}
			}
		},
		{
			"from": [7.2502, 0.09254, 3.97208],
			"to": [8.7492, 4.59254, 6.97208],
			"rotation": {"angle": 45, "axis": "x", "origin": [8.25, 8.75, 5.25]},
			"faces": {
				"north": {"uv": [12, 1.33333, 12.25, 4.33333], "rotation": 180, "texture": "#particle"},
				"east": {"uv": [12.25, 1.33333, 10.75, 4.33333], "rotation": 180, "texture": "#particle"},
				"south": {"uv": [10.75, 1.33333, 11, 4.33333], "rotation": 180, "texture": "#particle"},
				"west": {"uv": [10.75, 1.33333, 12.25, 4.33333], "rotation": 180, "texture": "#particle"},
				"up": {"uv": [10.75, 4, 12.25, 4.33333], "rotation": 270, "texture": "#particle"},
				"down": {"uv": [10.75, 1.33333, 12.25, 1.66667], "rotation": 90, "texture": "#particle"}
			}
		},
		{
			"from": [7.25, 4.25, 2.25],
			"to": [8.75, 8.75, 5.25],
			"rotation": {"angle": 22.5, "axis": "x", "origin": [8.25, 8.75, 5.25]},
			"faces": {
				"north": {"uv": [9.25, 3.66667, 9.5, 4], "texture": "#particle"},
				"east": {"uv": [10.75, 1.33333, 9.25, 4.33333], "texture": "#particle"},
				"south": {"uv": [9.25, 3.33333, 9.5, 3.66667], "texture": "#particle"},
				"west": {"uv": [9.25, 1.33333, 10.75, 4.33333], "texture": "#particle"},
				"up": {"uv": [0, 0, 1, 1], "texture": "#particle"},
				"down": {"uv": [0, 8.66667, 1.5, 9], "rotation": 270, "texture": "#particle"}
			}
		}
	],
	"gui_light": "front",
	"display": {
		"thirdperson_righthand": {
			"rotation": [8, -12, 0],
			"scale": [0.8, 0.8, 0.8]
		},
		"thirdperson_lefthand": {
			"rotation": [8, -12, 0],
			"scale": [0.8, 0.8, 0.8]
		},
		"firstperson_righthand": {
			"rotation": [0, -10, 0],
			"translation": [8.825, 0, -2.5]
		},
		"firstperson_lefthand": {
			"rotation": [0, -10, 0],
			"translation": [8.825, 0, -2.5]
		},
		"ground": {
			"rotation": [0, 0, 90],
			"translation": [0, -3, 0]
		},
		"gui": {
			"rotation": [20, 145, 0],
			"translation": [1.75, 0.25, 0],
			"scale": [0.72, 0.72, 0.72]
		}
	},
	"groups": [
		{
			"name": "ak47",
			"origin": [8.25, 12.75, 11.5],
			"color": 0,
			"children": [0, 1, 2, 3, 4, 5, 6, 7, 8, 9, 10, 11, 12, 13]
		}
	]
}