{
	"credit": "Made with Blockbench",
	"texture_size": [64, 64],
	"textures": {
		"0": "guns/new_nova",
		"particle": "guns/new_nova"
	},
	"elements": [
		{
			"from": [7.25, 15.25, -7],
			"to": [8.75, 16.75, 8.5],
			"rotation": {"angle": 0, "axis": "y", "origin": [15.25, 23.25, 3]},
			"faces": {
				"north": {"uv": [6.75, 0, 7.5, 0.75], "texture": "#0"},
				"east": {"uv": [13, 8.75, 5.25, 9.5], "texture": "#0"},
				"south": {"uv": [0, 0, 0.375, 0.375], "texture": "#0"},
				"west": {"uv": [5.25, 8.75, 13, 9.5], "texture": "#0"},
				"up": {"uv": [5.25, 9.5, 13, 10.25], "rotation": 90, "texture": "#0"},
				"down": {"uv": [5.25, 10.25, 13, 11], "rotation": 270, "texture": "#0"}
			}
		},
		{
			"from": [7.25, 13.25, -1.5],
			"to": [8.75, 15.25, 5.5],
			"rotation": {"angle": 0, "axis": "y", "origin": [15.25, 21.25, 5.5]},
			"faces": {
				"north": {"uv": [3.99975, 9.99975, 4.74975, 10.99925], "texture": "#0"},
				"east": {"uv": [3.49975, 9.99975, 0, 10.99875], "texture": "#0"},
				"south": {"uv": [0, 0, 0.375, 0.375], "texture": "#0"},
				"west": {"uv": [0, 9.99975, 3.49975, 10.99925], "texture": "#0"},
				"up": {"uv": [0, 0.75, 6.25, 1.5], "rotation": 90, "texture": "#0"},
				"down": {"uv": [0, 10.74975, 3.49975, 10.99925], "rotation": 270, "texture": "#0"}
			}
		},
		{
			"from": [8, 16.75, -6.5],
			"to": [8, 17.75, -4],
			"rotation": {"angle": 0, "axis": "y", "origin": [16, 24.75, 3.5]},
			"faces": {
				"north": {"uv": [0, 0, 0, 0.75], "texture": "#0"},
				"east": {"uv": [8.75025, 0, 7.5, 0.4995], "texture": "#0"},
				"south": {"uv": [0, 0, 0, 0.75], "texture": "#0"},
				"west": {"uv": [7.5, 0, 8.7495, 0.50025], "texture": "#0"},
				"up": {"uv": [0, 0, 0, 1.875], "texture": "#0"},
				"down": {"uv": [0, 0, 0, 1.875], "texture": "#0"}
			}
		},
		{
			"from": [7, 13.25, 8.5],
			"to": [9, 16.75, 17.5],
			"rotation": {"angle": 0, "axis": "y", "origin": [15, 21.25, 16.5]},
			"faces": {
				"north": {"uv": [0, 5.75, 0.24975, 5.99775], "texture": "#0"},
				"east": {"uv": [0, 6.5, 4.5, 8.24825], "texture": "#0"},
				"south": {"uv": [4.25, 4.74975, 4.4995, 6.49925], "texture": "#0"},
				"west": {"uv": [0, 4.74975, 4.5, 6.49925], "texture": "#0"},
				"up": {"uv": [0, 8.25, 4.5, 9.249], "rotation": 270, "texture": "#0"},
				"down": {"uv": [0, 6.24975, 4.5, 6.49925], "rotation": 270, "texture": "#0"}
			}
		},
		{
			"from": [8, 11.75, 13],
			"to": [8, 13.25, 17],
			"rotation": {"angle": 0, "axis": "y", "origin": [16, 19.75, 21]},
			"faces": {
				"north": {"uv": [0, 0, 0, 0.375], "texture": "#0"},
				"east": {"uv": [2, 9.24975, 0, 9.99975], "texture": "#0"},
				"south": {"uv": [0, 0, 0, 0.375], "texture": "#0"},
				"west": {"uv": [0, 9.24975, 1.99925, 9.99975], "texture": "#0"},
				"up": {"uv": [0, 0, 0, 1], "texture": "#0"},
				"down": {"uv": [0, 0, 0, 1], "texture": "#0"}
			}
		},
		{
			"from": [7.25, 11.25, 19.75],
			"to": [8.75, 17.75, 22.25],
			"rotation": {"angle": -45, "axis": "x", "origin": [7.25, 11.25, 21.25]},
			"faces": {
				"north": {"uv": [4.5, 4.74975, 4.74975, 4.998], "texture": "#0"},
				"east": {"uv": [5.75, 4.74975, 4.5, 7.99875], "texture": "#0"},
				"south": {"uv": [5.75, 4.74975, 6.5, 7.99925], "texture": "#0"},
				"west": {"uv": [4.5, 4.74975, 5.74925, 7.99925], "texture": "#0"},
				"up": {"uv": [0, 0, 0.375, 0.625], "texture": "#0"},
				"down": {"uv": [0, 0, 0.375, 0.625], "texture": "#0"}
			}
		},
		{
			"from": [7, 10.4, 19.35],
			"to": [9, 11.4, 22.35],
			"rotation": {"angle": -22.5, "axis": "x", "origin": [7, 10.75, 20.75]},
			"faces": {
				"north": {"uv": [4.5, 8, 5.49975, 8.49975], "texture": "#0"},
				"east": {"uv": [6.99975, 8, 5.49975, 8.49975], "texture": "#0"},
				"south": {"uv": [4.5, 8, 5.49975, 8.49975], "texture": "#0"},
				"west": {"uv": [5.49975, 8, 6.99975, 8.49975], "texture": "#0"},
				"up": {"uv": [5.49975, 8, 6.99975, 8.2495], "rotation": 90, "texture": "#0"},
				"down": {"uv": [5.49975, 8.25, 5.74925, 8.49975], "rotation": 270, "texture": "#0"}
			}
		},
		{
			"from": [6.75, 12.75, 0],
			"to": [9.25, 15.25, 8.5],
			"rotation": {"angle": 0, "axis": "y", "origin": [14.75, 20.75, 7]},
			"faces": {
				"north": {"uv": [4.74975, 2.25, 5.9995, 3.5], "texture": "#0"},
				"east": {"uv": [4.24975, 2.25, 0, 3.5], "texture": "#0"},
				"south": {"uv": [4.5, 3.24975, 4.74975, 3.49925], "texture": "#0"},
				"west": {"uv": [0, 2.25, 4.24975, 3.49925], "texture": "#0"},
				"up": {"uv": [0, 2.25, 4.24975, 2.49975], "rotation": 90, "texture": "#0"},
				"down": {"uv": [0, 3.5, 4.24975, 4.74975], "rotation": 270, "texture": "#0"}
			}
		},
		{
			"from": [8, 16.75, 14],
			"to": [8, 17.75, 16],
			"faces": {
				"east": {"uv": [12, 0, 11, 0.5], "texture": "#0"},
				"west": {"uv": [11, 0, 12, 0.5], "texture": "#0"}
			}
		},
		{
			"from": [7.26, 12.25, 18.5],
			"to": [8.74, 15.25, 25.75],
			"rotation": {"angle": 0, "axis": "x", "origin": [8, 15.25, 23.75]},
			"faces": {
				"east": {"uv": [16, 0, 12, 1.5], "texture": "#0"},
				"west": {"uv": [12, 0, 16, 1.5], "texture": "#0"},
				"up": {"uv": [16, 0, 12, 0.75], "rotation": 90, "texture": "#0"},
				"down": {"uv": [12, 0, 16, 0.75], "rotation": 90, "texture": "#0"}
			}
		},
		{
			"from": [7.27, 12.2143, 24.33383],
			"to": [8.73, 13.4643, 27.08383],
			"rotation": {"angle": 22.5, "axis": "x", "origin": [8, 15.08497, 23.993]},
			"faces": {
				"east": {"uv": [16, 1.25, 15, 2], "texture": "#0"},
				"west": {"uv": [15, 1.25, 16, 2], "texture": "#0"},
				"down": {"uv": [12, 0, 13.25, 0.75], "rotation": 90, "texture": "#0"}
			}
		},
		{
			"from": [7.25, 11.25, 25.75],
			"to": [8.75, 15.25, 26.25],
			"rotation": {"angle": 0, "axis": "y", "origin": [8, 15.25, 23.75]},
			"faces": {
				"east": {"uv": [12.25, 2, 12, 4], "texture": "#0"},
				"south": {"uv": [12.25, 2, 13, 4], "texture": "#0"},
				"west": {"uv": [12, 2, 12.25, 4], "texture": "#0"},
				"up": {"uv": [12, 2, 12.25, 2.25], "texture": "#0"},
				"down": {"uv": [12, 2, 12.25, 2.25], "texture": "#0"}
			}
		}
	],
	"display": {
		"thirdperson_righthand": {
			"rotation": [5, -15, 2.5],
			"translation": [2, -3.5, -6.75],
			"scale": [0.8, 0.8, 0.8]
		},
		"thirdperson_lefthand": {
			"rotation": [5, -15, 2.5],
			"translation": [2, -3.5, -6.75],
			"scale": [0.8, 0.8, 0.8]
		},
		"firstperson_righthand": {
			"rotation": [2.6, -10.5, 2.4],
			"translation": [11.2, -4.25, -4.6]
		},
		"firstperson_lefthand": {
			"rotation": [2.5, -0.5, 2],
			"translation": [0, -4.25, -6.5]
		},
		"ground": {
			"rotation": [0, 0, 90],
			"translation": [5.75, -1.5, -0.75],
			"scale": [0.8, 0.8, 0.8]
		},
		"gui": {
			"rotation": [-30, 130, 4],
			"translation": [-0.5, -3.25, 0],
			"scale": [0.72, 0.72, 0.72]
		},
		"head": {
			"rotation": [0, 51, 90],
			"translation": [3, 7.5, -5]
		},
		"fixed": {
			"rotation": [0, 90, 0],
			"translation": [0, -6.75, -1.5]
		}
	}
}