{
	"credit": "Made with Blockbench",
	"textures": {
		"0": "guns/new_xm1014",
		"particle": "guns/new_xm1014"
	},
	"elements": [
		{
			"from": [7, 13.75, 9],
			"to": [9, 16.75, 18],
			"rotation": {"angle": 0, "axis": "y", "origin": [5, 4.75, 4]},
			"faces": {
				"north": {"uv": [6.25, 2.25, 6.75, 3], "texture": "#0"},
				"east": {"uv": [4, 2.25, 6.25, 3], "texture": "#0"},
				"south": {"uv": [9, 2.25, 9.5, 3], "texture": "#0"},
				"west": {"uv": [6.75, 2.25, 9, 3], "texture": "#0"},
				"up": {"uv": [6.75, 2.25, 6.25, 0], "texture": "#0"},
				"down": {"uv": [7.25, 0, 6.75, 2.25], "texture": "#0"}
			}
		},
		{
			"from": [7, 13.5, 2],
			"to": [9, 16, 9],
			"rotation": {"angle": 0, "axis": "y", "origin": [5, 4.75, 4]},
			"faces": {
				"north": {"uv": [5.75, 5.5, 6.25, 6.125], "texture": "#0"},
				"east": {"uv": [4, 5.5, 5.75, 6.125], "texture": "#0"},
				"south": {"uv": [8, 5.5, 8.5, 6.125], "texture": "#0"},
				"west": {"uv": [6.25, 5.5, 8, 6.125], "texture": "#0"},
				"up": {"uv": [6.25, 5.5, 5.75, 3.75], "texture": "#0"},
				"down": {"uv": [6.75, 3.75, 6.25, 5.5], "texture": "#0"}
			}
		},
		{
			"from": [7.25, 14, -4],
			"to": [8.75, 16, -3],
			"rotation": {"angle": 0, "axis": "y", "origin": [5, 4.75, 4]},
			"faces": {
				"north": {"uv": [1.75, 2.5, 2.25, 3.125], "texture": "#0"},
				"east": {"uv": [1.5, 2.5, 1.75, 3.125], "texture": "#0"},
				"south": {"uv": [2.5, 2.5, 3, 3.125], "texture": "#0"},
				"west": {"uv": [2.25, 2.5, 2.5, 3.125], "texture": "#0"},
				"up": {"uv": [2.25, 2.5, 1.75, 2.25], "texture": "#0"},
				"down": {"uv": [2.75, 2.25, 2.25, 2.5], "texture": "#0"}
			}
		},
		{
			"from": [7.5, 15.5, -5],
			"to": [8.5, 16.5, 9],
			"rotation": {"angle": 0, "axis": "y", "origin": [5, 4.75, 4]},
			"faces": {
				"north": {"uv": [3.5, 7.25, 3.75, 7.5], "texture": "#0"},
				"east": {"uv": [0, 7.25, 3.5, 7.5], "texture": "#0"},
				"west": {"uv": [3.75, 7.25, 7.25, 7.5], "texture": "#0"},
				"up": {"uv": [3.75, 7.25, 3.5, 3.75], "texture": "#0"},
				"down": {"uv": [4, 3.75, 3.75, 7.25], "texture": "#0"}
			}
		},
		{
			"from": [8, 16.5, -4],
			"to": [8, 17.75, -1],
			"rotation": {"angle": 0, "axis": "y", "origin": [5, 4.75, 4]},
			"faces": {
				"east": {"uv": [1.25, 2, 2, 2.25], "texture": "#0"},
				"west": {"uv": [2, 2, 1.25, 2.25], "texture": "#0"}
			}
		},
		{
			"from": [8, 16.75, 9.5],
			"to": [8, 17.75, 14.5],
			"rotation": {"angle": 0, "axis": "y", "origin": [5, 4.75, 4]},
			"faces": {
				"east": {"uv": [1.25, 1.75, 0, 2], "texture": "#0"},
				"west": {"uv": [0, 1.75, 1.25, 2], "texture": "#0"}
			}
		},
		{
			"from": [8, 16.75, 14.5],
			"to": [8, 17.75, 15.5],
			"rotation": {"angle": 0, "axis": "y", "origin": [5, 4.75, 9]},
			"faces": {
				"east": {"uv": [1.75, 2, 2, 2.25], "texture": "#0"},
				"west": {"uv": [2, 2, 1.75, 2.25], "texture": "#0"}
			}
		},
		{
			"from": [7.5, 14.25, -5],
			"to": [8.5, 15.25, 9],
			"rotation": {"angle": 0, "axis": "y", "origin": [5, 4.75, 4]},
			"faces": {
				"north": {"uv": [3.5, 3.5, 3.75, 3.75], "texture": "#0"},
				"east": {"uv": [0, 3.5, 3.5, 3.75], "texture": "#0"},
				"west": {"uv": [3.75, 3.5, 7.25, 3.75], "texture": "#0"},
				"up": {"uv": [3.75, 3.5, 3.5, 0], "texture": "#0"},
				"down": {"uv": [4, 0, 3.75, 3.5], "texture": "#0"}
			}
		},
		{
			"from": [8, 10.75, 10],
			"to": [8, 13.75, 18],
			"rotation": {"angle": 0, "axis": "y", "origin": [5, 4.75, 4]},
			"faces": {
				"east": {"uv": [6, 6.125, 4, 6.875], "texture": "#0"},
				"west": {"uv": [4, 6.125, 6, 6.875], "texture": "#0"}
			}
		},
		{
			"from": [7.25, 12.5, 18],
			"to": [8.75, 14, 25],
			"rotation": {"angle": 22.5, "axis": "x", "origin": [8, 15, 21.5]},
			"faces": {
				"east": {"uv": [6.25, 7.875, 8, 8.25], "texture": "#0"},
				"west": {"uv": [8.375, 7.875, 10.125, 8.25], "texture": "#0"},
				"up": {"uv": [8.375, 7.875, 8, 6.125], "texture": "#0"},
				"down": {"uv": [8.75, 6.125, 8.375, 7.875], "texture": "#0"}
			}
		},
		{
			"from": [7, 11.75, 25],
			"to": [9, 15.25, 26],
			"rotation": {"angle": 22.5, "axis": "x", "origin": [8, 15, 21.5]},
			"faces": {
				"north": {"uv": [0.25, 2.25, 0.75, 3.125], "texture": "#0"},
				"east": {"uv": [0, 2.25, 0.25, 3.125], "texture": "#0"},
				"south": {"uv": [1, 2.25, 1.5, 3.125], "texture": "#0"},
				"west": {"uv": [0.75, 2.25, 1, 3.125], "texture": "#0"},
				"up": {"uv": [0.75, 2.25, 0.25, 2], "texture": "#0"},
				"down": {"uv": [1.25, 2, 0.75, 2.25], "texture": "#0"}
			}
		},
		{
			"from": [7, 13.25, 20],
			"to": [9, 15.25, 25],
			"rotation": {"angle": 22.5, "axis": "x", "origin": [8, 15, 21.5]},
			"faces": {
				"north": {"uv": [1.25, 1.25, 1.75, 1.75], "texture": "#0"},
				"east": {"uv": [0, 1.25, 1.25, 1.75], "texture": "#0"},
				"west": {"uv": [1.75, 1.25, 3, 1.75], "texture": "#0"},
				"up": {"uv": [1.75, 1.25, 1.25, 0], "texture": "#0"},
				"down": {"uv": [2.25, 0, 1.75, 1.25], "texture": "#0"}
			}
		},
		{
			"from": [7.25, 9.475, 15.625],
			"to": [8.75, 14.475, 18.125],
			"rotation": {"angle": -22.5, "axis": "x", "origin": [13, 12.25, 17]},
			"faces": {
				"north": {"uv": [0.625, 4.375, 1, 5.625], "texture": "#0"},
				"east": {"uv": [0, 4.375, 0.625, 5.625], "texture": "#0"},
				"south": {"uv": [1.625, 4.375, 2, 5.625], "texture": "#0"},
				"west": {"uv": [1, 4.375, 1.625, 5.625], "texture": "#0"},
				"down": {"uv": [1.375, 3.75, 1, 4.375], "texture": "#0"}
			}
		}
	],
	"display": {
		"thirdperson_righthand": {
			"rotation": [5, -15, 2.5],
			"translation": [2, -3.5, -6.75],
			"scale": [0.8, 0.8, 0.8]
		},
		"thirdperson_lefthand": {
			"rotation": [5, -15, 2.5],
			"translation": [2, -3.5, -6.75],
			"scale": [0.8, 0.8, 0.8]
		},
		"firstperson_righthand": {
			"rotation": [2.6, -10.5, 2.4],
			"translation": [11.2, -4.25, -4.6]
		},
		"firstperson_lefthand": {
			"rotation": [2.5, -0.5, 2],
			"translation": [0, -4.25, -6.5]
		},
		"ground": {
			"rotation": [0, 0, 90],
			"translation": [5.75, -1.5, -0.75],
			"scale": [0.8, 0.8, 0.8]
		},
		"gui": {
			"rotation": [-30, 130, 4],
			"translation": [-0.5, -3.25, 0],
			"scale": [0.72, 0.72, 0.72]
		},
		"head": {
			"rotation": [0, 51, 90],
			"translation": [3, 7.5, -5]
		},
		"fixed": {
			"rotation": [0, 90, 0],
			"translation": [0, -6.75, -1.5]
		}
	}
}