{
	"credit": "Made with Blockbench",
	"texture_size": [64, 48],
	"textures": {
		"particle": "guns/scar20"
	},
	"gui_light": "front",
	"elements": [
		{
			"from": [7, 17, 6],
			"to": [9, 19, 20.5],
			"rotation": {"angle": 0, "axis": "x", "origin": [8.5, 17, 15]},
			"faces": {
				"north": {"uv": [6.5, 2, 7.5, 3.33333], "texture": "#particle"},
				"east": {"uv": [15.75, 9, 8.5, 10.33333], "texture": "#particle"},
				"south": {"uv": [6.5, 2, 7.5, 3.33333], "texture": "#particle"},
				"west": {"uv": [8.5, 5, 15.75, 6.33333], "texture": "#particle"},
				"up": {"uv": [8.5, 6.33333, 15.75, 7.66667], "rotation": 90, "texture": "#particle"},
				"down": {"uv": [8.5, 6.33333, 15.75, 7.66667], "rotation": 270, "texture": "#particle"}
			}
		},
		{
			"from": [8, 15.5, 8.5],
			"to": [8, 17, 16],
			"rotation": {"angle": 0, "axis": "z", "origin": [8, 17.5, 17.5]},
			"faces": {
				"north": {"uv": [0, 0, 1, 1], "texture": "#particle"},
				"east": {"uv": [13.5, 10.33333, 9.75, 11.33333], "texture": "#particle"},
				"south": {"uv": [4.5, 0, 5, 0.66667], "texture": "#particle"},
				"west": {"uv": [9.75, 10.33333, 13.5, 11.33333], "texture": "#particle"},
				"up": {"uv": [0, 11.33333, 4.75, 11.66667], "rotation": 90, "texture": "#particle"},
				"down": {"uv": [2.75, 7.33333, 3, 7.66667], "texture": "#particle"}
			}
		},
		{
			"from": [9, 14, 9.5],
			"to": [10, 14.5, 9.5],
			"rotation": {"angle": 0, "axis": "z", "origin": [9, 16, 18.5]},
			"faces": {
				"north": {"uv": [8, 1.66667, 8.5, 2], "texture": "#particle"},
				"east": {"uv": [4.75, 11.33333, 0, 12], "texture": "#particle"},
				"south": {"uv": [0, 1.66667, 0.5, 2], "texture": "#particle"},
				"west": {"uv": [0, 11.33333, 4.75, 12], "texture": "#particle"},
				"up": {"uv": [0, 11.33333, 4.75, 11.66667], "rotation": 90, "texture": "#particle"},
				"down": {"uv": [2.75, 7.33333, 3, 7.66667], "texture": "#particle"}
			}
		},
		{
			"from": [8, 15, -11],
			"to": [8, 16, 3.5],
			"rotation": {"angle": 0, "axis": "z", "origin": [8, 15, -2]},
			"faces": {
				"north": {"uv": [0, 0, 1, 1], "rotation": 180, "texture": "#particle"},
				"east": {"uv": [7.25, 14.33333, 0, 15], "texture": "#particle"},
				"south": {"uv": [4.5, 0, 5, 0.66667], "rotation": 180, "texture": "#particle"},
				"west": {"uv": [0, 14.33333, 7.25, 15], "texture": "#particle"},
				"up": {"uv": [2.75, 7.33333, 3, 7.66667], "rotation": 180, "texture": "#particle"},
				"down": {"uv": [0, 11.33333, 4.75, 11.66667], "rotation": 270, "texture": "#particle"}
			}
		},
		{
			"from": [7, 13, -11],
			"to": [9, 15, 3.5],
			"rotation": {"angle": 0, "axis": "x", "origin": [8.5, 13, -2]},
			"faces": {
				"north": {"uv": [5.5, 2, 6.5, 3.33333], "texture": "#particle"},
				"east": {"uv": [15.75, 0, 8.5, 1.33333], "texture": "#particle"},
				"south": {"uv": [13.75, 0, 14.25, 0.66667], "texture": "#particle"},
				"west": {"uv": [8.5, 0, 15.75, 1.33333], "texture": "#particle"},
				"up": {"uv": [8.5, 1.33333, 15.75, 2.66667], "rotation": 90, "texture": "#particle"},
				"down": {"uv": [8.5, 2.66667, 15.75, 4], "rotation": 270, "texture": "#particle"}
			}
		},
		{
			"from": [8, 11, 11.25],
			"to": [8, 12.5, 16.25],
			"rotation": {"angle": 0, "axis": "x", "origin": [9.5, 11, 20.25]},
			"faces": {
				"north": {"uv": [0, 0, 0, 2], "texture": "#particle"},
				"east": {"uv": [11, 4, 8.5, 5], "texture": "#particle"},
				"south": {"uv": [0, 0, 0, 2], "texture": "#particle"},
				"west": {"uv": [8.5, 4, 11, 5], "texture": "#particle"},
				"up": {"uv": [0, 0, 0, 6], "texture": "#particle"},
				"down": {"uv": [0, 0, 0, 6], "texture": "#particle"}
			}
		},
		{
			"from": [8, 9, 17.5],
			"to": [8, 12.5, 28.5],
			"rotation": {"angle": 0, "axis": "x", "origin": [9.5, 9, 26.5]},
			"faces": {
				"north": {"uv": [0, 0, 0, 2], "texture": "#particle"},
				"east": {"uv": [6, 10, 0.5, 12.33333], "texture": "#particle"},
				"south": {"uv": [0, 0, 0, 2], "texture": "#particle"},
				"west": {"uv": [0.5, 10, 6, 12.33333], "texture": "#particle"},
				"up": {"uv": [0, 0, 0, 6], "texture": "#particle"},
				"down": {"uv": [0, 0, 0, 6], "texture": "#particle"}
			}
		},
		{
			"from": [6.75, 12, 3.5],
			"to": [9.25, 15.5, 9],
			"rotation": {"angle": 0, "axis": "x", "origin": [8.25, 12, 12.5]},
			"faces": {
				"north": {"uv": [0, 2, 0.25, 4.33333], "texture": "#particle"},
				"east": {"uv": [2.75, 2, 0, 4.33333], "texture": "#particle"},
				"south": {"uv": [2.5, 2, 2.75, 4.33333], "texture": "#particle"},
				"west": {"uv": [0, 2, 2.75, 4.33333], "texture": "#particle"},
				"up": {"uv": [2.75, 2, 5.5, 3.66667], "rotation": 90, "texture": "#particle"},
				"down": {"uv": [0, 4.33333, 2.75, 6], "rotation": 270, "texture": "#particle"}
			}
		},
		{
			"from": [7.25, 9.25, 9],
			"to": [8.75, 13.75, 12],
			"rotation": {"angle": 22.5, "axis": "x", "origin": [8.25, 12.75, 9]},
			"faces": {
				"north": {"uv": [1.5, 6, 2.25, 9], "texture": "#particle"},
				"east": {"uv": [1.5, 6, 0, 9], "texture": "#particle"},
				"south": {"uv": [2.25, 6, 3, 9], "texture": "#particle"},
				"west": {"uv": [0, 6, 1.5, 9], "texture": "#particle"},
				"up": {"uv": [0, 0, 1, 1], "texture": "#particle"},
				"down": {"uv": [0, 8.66667, 1.5, 9], "rotation": 270, "texture": "#particle"}
			}
		},
		{
			"from": [7.25, 8.5, 14],
			"to": [8.75, 13.5, 16.5],
			"rotation": {"angle": -22.5, "axis": "x", "origin": [7.25, 15, 16.5]},
			"faces": {
				"north": {"uv": [4.25, 3.66667, 5, 7], "texture": "#particle"},
				"east": {"uv": [4.25, 3.66667, 3, 7], "texture": "#particle"},
				"south": {"uv": [5, 3.66667, 5.75, 7], "texture": "#particle"},
				"west": {"uv": [3, 3.66667, 4.25, 7], "texture": "#particle"},
				"up": {"uv": [3.5, 5.66667, 8, 7.33333], "rotation": 90, "texture": "#particle"},
				"down": {"uv": [4.5, 4.66667, 9, 5], "rotation": 270, "texture": "#particle"}
			}
		},
		{
			"from": [7, 8, 16.5],
			"to": [9, 9, 28.5],
			"rotation": {"angle": 0, "axis": "x", "origin": [9, 8, 23.5]},
			"faces": {
				"north": {"uv": [3, 7, 4, 7.66667], "texture": "#particle"},
				"east": {"uv": [6, 12.33333, 0, 13], "texture": "#particle"},
				"south": {"uv": [9.75, 2.66667, 11.25, 5.66667], "texture": "#particle"},
				"west": {"uv": [0, 12.33333, 6, 13], "texture": "#particle"},
				"up": {"uv": [0, 12.33333, 6, 12.66667], "rotation": 90, "texture": "#particle"},
				"down": {"uv": [0, 13, 6, 14.33333], "rotation": 270, "texture": "#particle"}
			}
		},
		{
			"from": [7, 12.5, 17.5],
			"to": [9, 14, 28.5],
			"rotation": {"angle": 0, "axis": "x", "origin": [9, 12.5, 24.5]},
			"faces": {
				"north": {"uv": [5.75, 2.66667, 6, 5.66667], "texture": "#particle"},
				"east": {"uv": [6, 9, 0.5, 10], "texture": "#particle"},
				"south": {"uv": [9.75, 2.66667, 11.25, 5.66667], "texture": "#particle"},
				"west": {"uv": [0.5, 9, 6, 10], "texture": "#particle"},
				"up": {"uv": [3, 7.66667, 8.5, 9], "rotation": 90, "texture": "#particle"},
				"down": {"uv": [0.5, 9.66667, 6, 10], "rotation": 270, "texture": "#particle"}
			}
		},
		{
			"from": [7, 8, 28.5],
			"to": [9, 14, 31],
			"rotation": {"angle": 0, "axis": "x", "origin": [9, 8, 35.5]},
			"faces": {
				"north": {"uv": [6, 9, 6.25, 13], "texture": "#particle"},
				"east": {"uv": [7.25, 9, 6, 13], "texture": "#particle"},
				"south": {"uv": [7.25, 9, 8.25, 13], "texture": "#particle"},
				"west": {"uv": [6, 9, 7.25, 13], "texture": "#particle"},
				"up": {"uv": [8.5, 7.66667, 9.75, 9], "rotation": 90, "texture": "#particle"},
				"down": {"uv": [6, 13, 7.25, 14.33333], "rotation": 270, "texture": "#particle"}
			}
		},
		{
			"from": [7, 12.5, 9],
			"to": [9, 15.5, 17.5],
			"rotation": {"angle": 0, "axis": "x", "origin": [8.5, 12.5, 18]},
			"faces": {
				"north": {"uv": [0, 5.33333, 0.25, 7], "texture": "#particle"},
				"east": {"uv": [0, 0, 4.25, 2], "texture": "#particle"},
				"south": {"uv": [0, 0, 0.25, 2], "texture": "#particle"},
				"west": {"uv": [4.25, 0, 8.5, 2], "texture": "#particle"},
				"up": {"uv": [0, 0, 4.25, 0.33333], "rotation": 270, "texture": "#particle"},
				"down": {"uv": [0, 1.66667, 4.25, 2], "rotation": 90, "texture": "#particle"}
			}
		}
	],
	"display": {
		"thirdperson_righthand": {
			"rotation": [30, 1.5, -1.5],
			"translation": [-0.5, -1, -5.5],
			"scale": [0, 0, 0]
		},
		"thirdperson_lefthand": {
			"rotation": [30, 1.5, -1.5],
			"translation": [-0.5, -1, -5.5],
			"scale": [0, 0, 0]
		},
		"firstperson_righthand": {
			"rotation": [2.5, -0.5, 2],
			"translation": [30.43, -1.5, 30.2]
		},
		"firstperson_lefthand": {
			"rotation": [2.5, -0.5, 2],
			"translation": [30.43, -1.5, 30.2]
		},
		"ground": {
			"rotation": [0, 0, 90],
			"translation": [3.75, -1.75, -2.5],
			"scale": [0.8, 0.8, 0.8]
		},
		"gui": {
			"rotation": [-45, 145, 30],
			"translation": [-1.5, -0.75, 0],
			"scale": [0.5, 0.5, 0.5]
		},
		"head": {
			"rotation": [0, 0, -20],
			"translation": [-5, -15, -26],
			"scale": [1.6, 1.6, 1.6]
		},
		"fixed": {
			"rotation": [0, 90, 0],
			"translation": [-2, -4.5, -1]
		}
	}
}