{
	"credit": "Made with Blockbench",
	"textures": {
		"0": "guns/ssg08",
		"particle": "guns/ssg08"
	},
	"elements": [
		{
			"from": [7.5, 14.5, -13.9],
			"to": [8.5, 15.5, 9.1],
			"rotation": {"angle": 0, "axis": "y", "origin": [-0.25, 4.5, 4.1]},
			"faces": {
				"east": {"uv": [0, 6.57143, 6.57143, 6.85714], "texture": "#0"},
				"west": {"uv": [6.85714, 6.57143, 13.42857, 6.85714], "texture": "#0"},
				"up": {"uv": [6.85714, 6.57143, 6.57143, 0], "texture": "#0"},
				"down": {"uv": [7.14286, 0, 6.85714, 6.57143], "texture": "#0"}
			}
		},
		{
			"from": [7.25, 8.725, 16.475],
			"to": [8.75, 13.725, 18.975],
			"rotation": {"angle": -22.5, "axis": "x", "origin": [8, 11.5, 17.85]},
			"faces": {
				"north": {"uv": [0.71429, 0.71429, 1.14286, 2.14286], "texture": "#0"},
				"east": {"uv": [0, 0.71429, 0.71429, 2.14286], "texture": "#0"},
				"south": {"uv": [1.85714, 0.71429, 2.28571, 2.14286], "texture": "#0"},
				"west": {"uv": [1.14286, 0.71429, 1.85714, 2.14286], "texture": "#0"},
				"down": {"uv": [1.57143, 0, 1.14286, 0.71429], "texture": "#0"}
			}
		},
		{
			"from": [7.25, 14.25, -15.9],
			"to": [8.75, 15.75, -13.9],
			"rotation": {"angle": 0, "axis": "y", "origin": [-0.25, 4.5, -4.9]},
			"faces": {
				"north": {"uv": [4.42857, 2, 5, 2.57143], "texture": "#0"},
				"east": {"uv": [6, 1.42857, 5.28572, 2], "texture": "#0"},
				"south": {"uv": [6, 2, 6.57143, 2.57143], "texture": "#0"},
				"west": {"uv": [5.28572, 1.42857, 6, 2], "texture": "#0"},
				"up": {"uv": [5.14285, 2.00001, 4.42857, 1.42857], "rotation": 90, "texture": "#0"},
				"down": {"uv": [6, 1.42857, 5.28572, 2], "rotation": 180, "texture": "#0"}
			}
		},
		{
			"from": [7.25, 14.25, -12.9],
			"to": [8.75, 15.75, -11.9],
			"rotation": {"angle": 0, "axis": "y", "origin": [-0.25, 4.5, 1.1]},
			"faces": {
				"east": {"uv": [2, 6, 2.28571, 6.42857], "texture": "#0"},
				"west": {"uv": [2.71429, 6, 3, 6.42857], "texture": "#0"},
				"up": {"uv": [2.71429, 6, 2.28571, 5.71429], "texture": "#0"},
				"down": {"uv": [3.14286, 5.71429, 2.71429, 6], "texture": "#0"}
			}
		},
		{
			"from": [7.25, 14.25, -8.9],
			"to": [8.75, 15.75, -7.9],
			"rotation": {"angle": 0, "axis": "y", "origin": [-0.25, 4.5, 1.1]},
			"faces": {
				"east": {"uv": [2, 6, 2.28571, 6.42857], "texture": "#0"},
				"west": {"uv": [2.71429, 6, 3, 6.42857], "texture": "#0"},
				"up": {"uv": [2.71429, 6, 2.28571, 5.71429], "texture": "#0"},
				"down": {"uv": [3.14286, 5.71429, 2.71429, 6], "texture": "#0"}
			}
		},
		{
			"from": [7.25, 14.25, -4.9],
			"to": [8.75, 15.75, -3.9],
			"rotation": {"angle": 0, "axis": "y", "origin": [-0.25, 4.5, 1.1]},
			"faces": {
				"east": {"uv": [2, 6, 2.28571, 6.42857], "texture": "#0"},
				"west": {"uv": [2.71429, 6, 3, 6.42857], "texture": "#0"},
				"up": {"uv": [2.71429, 6, 2.28571, 5.71429], "texture": "#0"},
				"down": {"uv": [3.14286, 5.71429, 2.71429, 6], "texture": "#0"}
			}
		},
		{
			"from": [7.25, 14.25, -0.9],
			"to": [8.75, 15.75, 0.1],
			"rotation": {"angle": 0, "axis": "y", "origin": [-0.25, 4.5, 1.1]},
			"faces": {
				"east": {"uv": [2, 6, 2.28571, 6.42857], "texture": "#0"},
				"west": {"uv": [2.71429, 6, 3, 6.42857], "texture": "#0"},
				"up": {"uv": [2.71429, 6, 2.28571, 5.71429], "texture": "#0"},
				"down": {"uv": [3.14286, 5.71429, 2.71429, 6], "texture": "#0"}
			}
		},
		{
			"from": [7, 12, 0.1],
			"to": [9, 15, 18.1],
			"rotation": {"angle": 0, "axis": "y", "origin": [0, 4.5, 4.1]},
			"faces": {
				"north": {"uv": [5.14286, 12, 5.71429, 12.85714], "texture": "#0"},
				"east": {"uv": [0, 12, 5.14286, 12.85714], "texture": "#0"},
				"west": {"uv": [5.71429, 12, 10.85714, 12.85714], "texture": "#0"},
				"up": {"uv": [5.71429, 12, 5.14286, 6.85714], "texture": "#0"},
				"down": {"uv": [6.28571, 6.85714, 5.71429, 12], "texture": "#0"}
			}
		},
		{
			"from": [7, 10.5, 21.6],
			"to": [9, 13.5, 26.1],
			"rotation": {"angle": 0, "axis": "y", "origin": [0, 4.5, 4.1]},
			"faces": {
				"east": {"uv": [0.28571, 4.57143, 1.42858, 5.42858], "texture": "#0"},
				"west": {"uv": [2.57142, 4.57143, 3.71429, 5.42858], "texture": "#0"},
				"up": {"uv": [2.28571, 4.28572, 1.71429, 3.14285], "texture": "#0"},
				"down": {"uv": [2.85714, 3.14285, 2.28571, 4.28572], "texture": "#0"}
			}
		},
		{
			"from": [7, 14.5, 21.6],
			"to": [9, 15.5, 26.1],
			"rotation": {"angle": 0, "axis": "y", "origin": [0, 4.5, 4.1]},
			"faces": {
				"north": {"uv": [1.14286, 11.57143, 1.71428, 11.85715], "texture": "#0"},
				"east": {"uv": [0, 11.57143, 1.14286, 11.85715], "texture": "#0"},
				"south": {"uv": [2.85714, 11.57143, 3.42857, 11.85715], "texture": "#0"},
				"west": {"uv": [1.71428, 11.57143, 2.85714, 11.85715], "texture": "#0"},
				"up": {"uv": [0.57142, 11.57143, 0, 10.42857], "texture": "#0"},
				"down": {"uv": [1.14285, 10.42857, 0.57142, 11.57143], "texture": "#0"}
			}
		},
		{
			"from": [7, 13.5, 25],
			"to": [7, 14.5, 25.5],
			"rotation": {"angle": 0, "axis": "y", "origin": [0, 4.5, 4.1]},
			"faces": {
				"east": {"uv": [0, 9.42857, 0.14286, 9.71429], "texture": "#0"},
				"west": {"uv": [0, 9.42857, 0.14286, 9.71429], "texture": "#0"}
			}
		},
		{
			"from": [9, 13.5, 25],
			"to": [9, 14.5, 25.5],
			"rotation": {"angle": 0, "axis": "y", "origin": [0, 4.5, 4.1]},
			"faces": {
				"east": {"uv": [0, 9.42857, 0.14286, 9.71429], "texture": "#0"},
				"west": {"uv": [0, 9.42857, 0.14286, 9.71429], "texture": "#0"}
			}
		},
		{
			"from": [7.001, 9.74353, 17.70089],
			"to": [8.999, 12.49353, 22.70089],
			"rotation": {"angle": 22.5, "axis": "x", "origin": [8, 12.74353, 24.20089]},
			"faces": {
				"east": {"uv": [1, 8.57143, 2.57143, 9.42858], "texture": "#0"},
				"west": {"uv": [3.14285, 8.57143, 4.71429, 9.42858], "texture": "#0"},
				"up": {"uv": [3.14285, 8.57143, 2.57143, 7], "texture": "#0"},
				"down": {"uv": [3.71428, 7, 3.14285, 8.57143], "texture": "#0"}
			}
		},
		{
			"from": [7, 9.5, 27.1],
			"to": [9, 14.5, 28.6],
			"rotation": {"angle": 0, "axis": "y", "origin": [0, 4.5, 4.1]},
			"faces": {
				"east": {"uv": [7.14286, 2.42857, 7.57143, 3.85714], "texture": "#0"},
				"south": {"uv": [8.57143, 2.42857, 9.14286, 3.85714], "texture": "#0"},
				"west": {"uv": [8.14286, 2.42857, 8.57143, 3.85714], "texture": "#0"},
				"up": {"uv": [8.14286, 2.42857, 7.57143, 2], "texture": "#0"},
				"down": {"uv": [8.71429, 2, 8.14286, 2.42857], "texture": "#0"}
			}
		},
		{
			"from": [7, 9.5, 26.1],
			"to": [9, 14.5, 27.1],
			"rotation": {"angle": 0, "axis": "y", "origin": [0, 4.5, 4.1]},
			"faces": {
				"north": {"uv": [3.28572, 9.71428, 3.85715, 11.14285], "texture": "#0"},
				"east": {"uv": [3, 9.71428, 3.28572, 11.14285], "texture": "#0"},
				"west": {"uv": [3.85715, 9.71428, 4.14286, 11.14285], "texture": "#0"},
				"up": {"uv": [3.85715, 9.71428, 3.28572, 9.42857], "texture": "#0"},
				"down": {"uv": [3.85715, 11.14286, 3.28572, 11.42857], "texture": "#0"}
			}
		},
		{
			"from": [7.75, 8, 26.35],
			"to": [8.25, 9.5, 26.85],
			"rotation": {"angle": 0, "axis": "y", "origin": [0, 4.5, 4.1]},
			"faces": {
				"north": {"uv": [4.57143, 9.42857, 4.71429, 9.85714], "texture": "#0"},
				"east": {"uv": [4.57143, 9.42857, 4.71429, 9.85714], "texture": "#0"},
				"south": {"uv": [4.57143, 9.42857, 4.71429, 9.85714], "texture": "#0"},
				"west": {"uv": [4.57143, 9.42857, 4.71429, 9.85714], "texture": "#0"}
			}
		},
		{
			"from": [7.5, 7.5, 26.1],
			"to": [8.5, 8, 27.1],
			"rotation": {"angle": 0, "axis": "y", "origin": [0, 4.5, 4.1]},
			"faces": {
				"north": {"uv": [4.42857, 9.85714, 4.71429, 10], "texture": "#0"},
				"east": {"uv": [4.42857, 9.85714, 4.71429, 10], "texture": "#0"},
				"south": {"uv": [4.42857, 9.85714, 4.71429, 10], "texture": "#0"},
				"west": {"uv": [4.42857, 9.85714, 4.71429, 10], "texture": "#0"},
				"up": {"uv": [4.71429, 10.28571, 4.42857, 10], "texture": "#0"},
				"down": {"uv": [4.71429, 10, 4.42857, 10.28571], "texture": "#0"}
			}
		},
		{
			"from": [7, 10, 7.1],
			"to": [9, 12, 14.1],
			"rotation": {"angle": 0, "axis": "y", "origin": [0, 4.5, 4.6]},
			"faces": {
				"east": {"uv": [10.14286, 5.42857, 8.14286, 6], "texture": "#0"},
				"south": {"uv": [8.57143, 5.42857, 9.14286, 6], "texture": "#0"},
				"west": {"uv": [8.14286, 5.42857, 10.14286, 6], "texture": "#0"},
				"down": {"uv": [8.14286, 6.57143, 10.14286, 6], "rotation": 90, "texture": "#0"}
			}
		},
		{
			"from": [7.001, 9.97739, -0.44921],
			"to": [8.999, 11.47739, 2.55079],
			"rotation": {"angle": 45, "axis": "x", "origin": [0, 4.49731, 4.85269]},
			"faces": {
				"east": {"uv": [9, 6.85714, 9.57143, 7.42857], "texture": "#0"},
				"west": {"uv": [9, 6.85714, 9.57143, 7.42857], "texture": "#0"},
				"down": {"uv": [9, 7.42857, 8.42857, 6.85714], "texture": "#0"}
			}
		},
		{
			"from": [8, 9, 12.6],
			"to": [8, 13, 17.6],
			"rotation": {"angle": 0, "axis": "y", "origin": [0, 4.5, 4.6]},
			"faces": {
				"east": {"uv": [4.28571, 2.85714, 2.85714, 4], "texture": "#0"},
				"west": {"uv": [2.85714, 2.85714, 4.28571, 4], "texture": "#0"}
			}
		},
		{
			"from": [7, 16.75, 5.1],
			"to": [9, 18.75, 8.1],
			"rotation": {"angle": 0, "axis": "z", "origin": [8, 17.75, 11.6]},
			"faces": {
				"north": {"uv": [4.57143, 0.85714, 5.14286, 1.42857], "texture": "#0"},
				"east": {"uv": [3.71429, 0.85714, 4.57143, 1.42857], "texture": "#0"},
				"south": {"uv": [6, 0.85714, 6.57143, 1.42857], "texture": "#0"},
				"west": {"uv": [5.14286, 0.85714, 6, 1.42857], "texture": "#0"},
				"up": {"uv": [5.14286, 0.85714, 4.57143, 0], "texture": "#0"},
				"down": {"uv": [5.71429, 0, 5.14286, 0.85714], "texture": "#0"}
			}
		},
		{
			"from": [7, 16.75, 8.6],
			"to": [9, 18.75, 9.6],
			"rotation": {"angle": 0, "axis": "z", "origin": [8, 17.75, 13.1]},
			"faces": {
				"east": {"uv": [0, 3.14286, 0.28571, 3.71429], "texture": "#0"},
				"west": {"uv": [0.85714, 3.14286, 1.14286, 3.71429], "texture": "#0"},
				"up": {"uv": [0.85714, 3.14286, 0.28571, 2.85714], "texture": "#0"},
				"down": {"uv": [1.42857, 2.85714, 0.85714, 3.14286], "texture": "#0"}
			}
		},
		{
			"from": [7, 16.75, 18.1],
			"to": [9, 18.75, 20.1],
			"rotation": {"angle": 0, "axis": "z", "origin": [8, 17.75, 14.6]},
			"faces": {
				"north": {"uv": [7.71429, 4.42857, 8.28571, 5], "texture": "#0"},
				"east": {"uv": [7.14286, 4.42857, 7.71429, 5], "texture": "#0"},
				"south": {"uv": [8.85714, 4.42857, 9.42857, 5], "texture": "#0"},
				"west": {"uv": [8.28571, 4.42857, 8.85714, 5], "texture": "#0"},
				"up": {"uv": [8.28571, 4.42857, 7.71429, 3.85714], "texture": "#0"},
				"down": {"uv": [8.85714, 3.85714, 8.28571, 4.42857], "texture": "#0"}
			}
		},
		{
			"from": [7, 16.75, 16.6],
			"to": [9, 18.75, 17.6],
			"rotation": {"angle": 0, "axis": "z", "origin": [8, 17.75, 22.1]},
			"faces": {
				"east": {"uv": [0, 4, 0.28571, 4.57143], "texture": "#0"},
				"west": {"uv": [0.85714, 4, 1.14286, 4.57143], "texture": "#0"},
				"up": {"uv": [0.85714, 4, 0.28571, 3.71429], "texture": "#0"},
				"down": {"uv": [1.42857, 3.71429, 0.85714, 4], "texture": "#0"}
			}
		},
		{
			"from": [7.25, 17, 7.1],
			"to": [8.75, 18.5, 19.6],
			"rotation": {"angle": 0, "axis": "z", "origin": [8, 17.75, 13.6]},
			"faces": {
				"east": {"uv": [6.28571, 10.42857, 9.85714, 10.85714], "texture": "#0"},
				"west": {"uv": [10.28571, 10.42857, 13.85714, 10.85714], "texture": "#0"},
				"up": {"uv": [10.28571, 10.42857, 9.85714, 6.85714], "texture": "#0"},
				"down": {"uv": [10.71429, 6.85714, 10.28571, 10.42857], "texture": "#0"}
			}
		},
		{
			"from": [7.24, 16, 11.1],
			"to": [8.76, 18, 16.1],
			"rotation": {"angle": 0, "axis": "y", "origin": [8, 18, 13.6]},
			"faces": {
				"north": {"uv": [8.57143, 1.42857, 9, 2], "texture": "#0"},
				"east": {"uv": [7.14286, 1.42857, 8.57143, 2], "texture": "#0"},
				"south": {"uv": [10.42857, 1.42857, 10.85714, 2], "texture": "#0"},
				"west": {"uv": [9, 1.42857, 10.42857, 2], "texture": "#0"}
			}
		},
		{
			"from": [8.75, 16, 11.1],
			"to": [7.25, 18, 16.1],
			"rotation": {"angle": 0, "axis": "y", "origin": [8, 18, 13.6]},
			"faces": {
				"north": {"uv": [9, 1.42857, 8.57143, 2], "texture": "#0"},
				"east": {"uv": [10.42857, 1.42857, 9, 2], "texture": "#0"},
				"south": {"uv": [10.85714, 1.42857, 10.42857, 2], "texture": "#0"},
				"west": {"uv": [8.57143, 1.42857, 7.14286, 2], "texture": "#0"},
				"up": {"uv": [8.57143, 1.42857, 9, 0], "texture": "#0"},
				"down": {"uv": [9, 0, 9.42857, 1.42857], "texture": "#0"}
			}
		},
		{
			"from": [7, 15, 9.1],
			"to": [9, 16, 18.1],
			"rotation": {"angle": 0, "axis": "y", "origin": [0, 4.5, 4.1]},
			"faces": {
				"north": {"uv": [2.57143, 2.57143, 3.14286, 2.85714], "texture": "#0"},
				"east": {"uv": [0, 2.57143, 2.57143, 2.85714], "texture": "#0"},
				"south": {"uv": [5.71429, 2.57143, 6.28571, 2.85714], "texture": "#0"},
				"west": {"uv": [3.14286, 2.57143, 5.71429, 2.85714], "texture": "#0"},
				"up": {"uv": [3.14286, 2.57143, 2.57143, 0], "texture": "#0"}
			}
		},
		{
			"from": [8.75, 14.35, 15.1],
			"to": [9.75, 14.85, 15.1],
			"rotation": {"angle": -22.5, "axis": "z", "origin": [9, 14.5, 17.1]},
			"faces": {
				"north": {"uv": [1, 2.14286, 0.71429, 2.28571], "texture": "#0"},
				"south": {"uv": [0.71429, 2.14286, 1, 2.28571], "texture": "#0"}
			}
		},
		{
			"from": [9.75, 14.35, 14.85],
			"to": [10.75, 14.85, 15.35],
			"rotation": {"angle": -22.5, "axis": "z", "origin": [9, 14.5, 17.1]},
			"faces": {
				"north": {"uv": [0.14286, 2.28571, 0.42857, 2.42857], "texture": "#0"},
				"east": {"uv": [0, 2.28571, 0.14286, 2.42857], "texture": "#0"},
				"south": {"uv": [0.57143, 2.28571, 0.85714, 2.42857], "texture": "#0"},
				"west": {"uv": [0.42857, 2.28571, 0.57143, 2.42857], "texture": "#0"},
				"up": {"uv": [0.42857, 2.28571, 0.14286, 2.14286], "texture": "#0"},
				"down": {"uv": [0.71429, 2.14286, 0.42857, 2.28571], "texture": "#0"}
			}
		},
		{
			"from": [7.25, 8.5, 7.6],
			"to": [8.75, 12, 12.1],
			"rotation": {"angle": 0, "axis": "y", "origin": [7.75, 10, 10.35]},
			"faces": {
				"north": {"uv": [7.57143, 8.14286, 8, 9.14286], "texture": "#0"},
				"east": {"uv": [6.28571, 8.14286, 7.57143, 9.14286], "texture": "#0"},
				"south": {"uv": [9.28571, 8.14286, 9.71429, 9.14286], "texture": "#0"},
				"west": {"uv": [8, 8.14286, 9.28571, 9.14286], "texture": "#0"},
				"down": {"uv": [8.42857, 6.85714, 8, 8.14286], "texture": "#0"}
			}
		},
		{
			"from": [7.5, 12, -0.9],
			"to": [8.5, 13, 0.1],
			"rotation": {"angle": 0, "axis": "y", "origin": [0, 4.5, 0]},
			"faces": {
				"north": {"uv": [0.28571, 12.85714, 0.57143, 13.14286], "rotation": 90, "texture": "#0"},
				"east": {"uv": [0.28571, 12.85714, 0, 13.14286], "texture": "#0"},
				"west": {"uv": [0, 12.85714, 0.28571, 13.14286], "texture": "#0"},
				"up": {"uv": [0.28571, 12.85714, 0.57143, 13.14286], "rotation": 90, "texture": "#0"},
				"down": {"uv": [0.28571, 12.85714, 0.57143, 13.14286], "rotation": 270, "texture": "#0"}
			}
		},
		{
			"from": [7.5, 12, -7.9],
			"to": [7.5, 12.5, -0.9],
			"rotation": {"angle": 0, "axis": "y", "origin": [0, 4.5, 0]},
			"faces": {
				"east": {"uv": [0.57143, 12.85714, 2.42857, 13], "texture": "#0"},
				"west": {"uv": [0.57143, 12.85714, 2.42857, 13], "texture": "#0"}
			}
		},
		{
			"from": [8.5, 12, -7.9],
			"to": [8.5, 12.5, -0.9],
			"rotation": {"angle": 0, "axis": "y", "origin": [0, 4.5, 0]},
			"faces": {
				"east": {"uv": [0.57143, 12.85714, 2.42857, 13], "texture": "#0"},
				"west": {"uv": [0.57143, 12.85714, 2.42857, 13], "texture": "#0"}
			}
		}
	],
	"display": {
		"thirdperson_righthand": {
			"rotation": [65, 3.5, -0.5],
			"translation": [-0.75, 3, -4.5],
			"scale": [0.8, 0.8, 0.8]
		},
		"thirdperson_lefthand": {
			"rotation": [65, 3.5, -0.5],
			"translation": [-0.75, 3, -4.5],
			"scale": [0.8, 0.8, 0.8]
		},
		"firstperson_righthand": {
			"rotation": [2.5, -0.5, 2],
			"translation": [-0.5, -1.5, -5]
		},
		"firstperson_lefthand": {
			"rotation": [2.5, -0.5, 2],
			"translation": [-0.5, -1.5, -5]
		},
		"ground": {
			"rotation": [0, 0, 90],
			"translation": [3.75, -1.75, -2.5],
			"scale": [0.8, 0.8, 0.8]
		},
		"gui": {
			"rotation": [-45, 145, 30],
			"translation": [-1.5, -0.75, 0],
			"scale": [0.5, 0.5, 0.5]
		},
		"head": {
			"rotation": [90, 20, 90],
			"translation": [2, -2, 7.5]
		},
		"fixed": {
			"rotation": [0, 90, 0],
			"translation": [-2, -4.5, -1]
		}
	}
}