{
  "sources": [
    {
      "type": "minecraft:directory",
      "prefix": "cubes/",
      "source": "cubes"
    },
    {
      "type": "minecraft:directory",
      "prefix": "other/",
      "source": "other"
    },
    {
      "type": "minecraft:directory",
      "prefix": "portal_gun/",
      "source": "portal_gun"
    },
    {
      "type": "minecraft:directory",
      "prefix": "ui/",
      "source": "ui"
    },
    {
      "type": "minecraft:directory",
      "prefix": "portal/",
      "source": "portal"
    },
    {
      "type": "minecraft:directory",
      "prefix": "objmc/",
      "source": "objmc"
    }
  ]
}