{
  "parent": "minecraft:item/generated",
  "textures": {
    "layer0": "minecraft:item/clay_ball"
  },
  "overrides": [
    { "predicate": { "custom_model_data": 1 }, "model": "ui/button_1" },
    { "predicate": { "custom_model_data": 2 }, "model": "ui/button_2" },
    { "predicate": { "custom_model_data": 3 }, "model": "ui/button_3" },
    { "predicate": { "custom_model_data": 4 }, "model": "ui/pause_ui_b1" },
    { "predicate": { "custom_model_data": 5 }, "model": "ui/pause_ui_b2" },
    { "predicate": { "custom_model_data": 6 }, "model": "ui/button_1_spec" },
    { "predicate": { "custom_model_data": 7 }, "model": "ui/button_4" }
  ]
}
