{
  "step_default":                { "sounds": [ "step_default" ] },
  "step_snow":                   { "sounds": [ "step_snow" ] },
  "step_wood":                   { "sounds": [ "step_wood" ] },

  "ammo":                        { "sounds": [ "ammo" ] },
  "button_click":                { "sounds": [ "button_click" ] },
  "button_release":              { "sounds": [ "button_release" ] },
  "button_rollover":             { "sounds": [ "button_rollover" ] },
  "medkit":                      { "sounds": [ "medkit" ] },
  "nvision_on":                  { "sounds": [ "nvision_on" ] },
  "switch_confirm":              { "sounds": [ "switch_confirm" ] },
  "switch_confirm_short":        { "sounds": [ "switch_confirm_short" ] },
  "switch_deny":                 { "sounds": [ "switch_deny" ] },
  "switch_move":                 { "sounds": [ "switch_move" ] },
  "switch_select":               { "sounds": [ "switch_select" ] },
  
  "grenade_pin":                 { "sounds": [ "grenade_pin" ] },                               
  "grenade_hit":                 { "sounds": [ "grenade_hit" ] },
  "grenade_explode_he":          { "sounds": [ "grenade_explode_he" ] },
  "grenade_explode_flash":       { "sounds": [ "grenade_explode_flash" ] },
  "grenade_fire_ambient":        { "sounds": [ "grenade_fire_ambient" ] },
  "grenade_fire_fade":           { "sounds": [ "grenade_fire_fade" ] },
  
  "knife_swing":                 { "sounds": [ "knife_swing" ] },                               
  "knife_hit":                   { "sounds": [ "knife_hit" ] },
                                 
  "glock18_shoot":               { "sounds": [ "shoot/glock18_shoot" ] },
  "usps_shoot":                  { "sounds": [ "shoot/usps_shoot" ] },
  "tec9_shoot":                  { "sounds": [ "shoot/tec9_shoot" ] },
  "deagle_shoot":                { "sounds": [ "shoot/deagle_shoot" ] },
  "revolver_shoot":              { "sounds": [ "shoot/revolver_shoot" ] },
  "mac10_shoot":                 { "sounds": [ "shoot/mac10_shoot" ] },
  "mp7_shoot":                   { "sounds": [ "shoot/mp7_shoot" ] },
  "famas_shoot":                 { "sounds": [ "shoot/famas_shoot" ] },
  "m4a1s_shoot":                 { "sounds": [ "shoot/m4a1s_shoot" ] },
  "ak47_shoot":                  { "sounds": [ "shoot/ak47_shoot" ] },
  "xm1014_shoot":                { "sounds": [ "shoot/xm1014_shoot" ] },
  "nova_shoot":                  { "sounds": [ "shoot/nova_shoot" ] },
  "awp_shoot":                   { "sounds": [ "shoot/awp_shoot" ] },
  "ssg08_shoot":                 { "sounds": [ "shoot/ssg08_shoot" ] },
  "minigun_shoot":               { "sounds": [ "shoot/minigun_shoot" ] },

  "glock18_reload":              { "sounds": [ "reload/glock18_fullreload" ] },
  "usps_reload":                 { "sounds": [ "reload/usps_fullreload" ] },
  "tec9_reload":                 { "sounds": [ "reload/tec9_fullreload" ] },
  "deagle_reload":               { "sounds": [ "reload/deagle_fullreload" ] },
  "revolver_reload":             { "sounds": [ "reload/revolver_fullreload" ] },
  "mac10_reload":                { "sounds": [ "reload/mac10_fullreload" ] },
  "mp7_reload":                  { "sounds": [ "reload/mp7_fullreload" ] },
  "famas_reload":                { "sounds": [ "reload/famas_fullreload" ] },
  "m4a1s_reload":                { "sounds": [ "reload/m4a1s_fullreload" ] },
  "ak47_reload":                 { "sounds": [ "reload/ak47_fullreload" ] },
  "xm1014_reload":               { "sounds": [ "reload/xm1014_fullreload" ] },
  "nova_reload":                 { "sounds": [ "reload/nova_fullreload" ] },
  "awp_reload":                  { "sounds": [ "reload/awp_fullreload" ] },
  "ssg08_reload":                { "sounds": [ "reload/ssg08_fullreload" ] },
  "minigun_reload":              { "sounds": [ "reload/minigun_fullreload" ] },

  "nova_shootreload":            { "sounds": [ "shoot/nova_shootreload" ] },
  "awp_shootreload":             { "sounds": [ "shoot/awp_shootreload" ] },
  "ssg08_shootreload":           { "sounds": [ "shoot/ssg08_shootreload" ] }
}
