{
	"credit": "Made with Blockbench",
	"texture_size": [16, 32],
	"textures": {
		"0": "portal/portal_blue_open_leaves",
		"particle": "portal/portal_blue_open_leaves"
	},
	"elements": [
		{
			"from": [0, -8, 8],
			"to": [16, 24, 8],
			"rotation": {"angle": 0, "axis": "y", "origin": [0, -8, 0]},
			"faces": {
				"north": {"uv": [0, 0, 16, 16], "texture": "#0"},
				"south": {"uv": [0, 0, 16, 16], "texture": "#0"}
			}
		}
	],
	"display": {
		"fixed": {
			"translation": [0, 0, -0.1],
			"scale": [2, 2, 1]
		}
	}
}