{
	"credit": "Advanced Solar Panels (1.7.10)",
	"parent": "block/cube",
	"textures": {
		"0": "collections:item/old/asp/ultimate_solar_panel",
		"particle": "collections:item/old/asp/ultimate_solar_panel"
	},
	"elements": [
		{
			"from": [0, 0, 0],
			"to": [16, 16, 16],
			"faces": {
				"north": {"uv": [8, 0, 16, 8], "texture": "#0"},
				"east": {"uv": [8, 0, 16, 8], "texture": "#0"},
				"south": {"uv": [8, 0, 16, 8], "texture": "#0"},
				"west": {"uv": [8, 0, 16, 8], "texture": "#0"},
				"up": {"uv": [0, 0, 8, 8], "texture": "#0"},
				"down": {"uv": [0, 8, 8, 16], "texture": "#0"}
			}
		}
	]
}