{
    "targets": {
        "swap": {},
        "swapa": {},
        "swapb": {}
    },
    "passes": [
        {
            "vertex_shader": "minecraft:post/zoom_in",
            "fragment_shader": "minecraft:post/zoom_in",
            "inputs": [ { "sampler_name": "In", "target": "minecraft:main" } ],
            "uniforms": [ { "name": "ColorModulate", "type": "vec4", "values": [ 1.0, 1.0, 1.0, 1.0 ] } ],
            "output": "swap"
        },
        {
            "vertex_shader": "minecraft:post/screenquad",
            "fragment_shader": "minecraft:post/bright_extraction",
            "inputs": [ { "sampler_name": "Diffuse", "target": "swap" } ],
            "uniforms": [ { "name": "BrightnessThreshold", "type": "float", "values": [ 0.25 ] },
                          { "name": "IntensityScale", "type": "float", "values": [ 2.0 ] },
                          { "name": "IntensityBias", "type": "float", "values": [ 0.3 ] } ],
            "output": "swapa"
        },
        {
            "vertex_shader": "minecraft:post/custom_blur",
            "fragment_shader": "minecraft:post/custom_blur",
            "inputs": [ { "sampler_name": "In", "target": "swapa", "bilinear": true } ],
            "uniforms": [ { "name": "BlurDir", "type": "vec2", "values": [ 1.0, 0.0 ] } ],
            "output": "swapb"
        },
        {
            "vertex_shader": "minecraft:post/custom_blur",
            "fragment_shader": "minecraft:post/custom_blur",
            "inputs": [ { "sampler_name": "In", "target": "swapb", "bilinear": true } ],
            "uniforms": [ { "name": "BlurDir", "type": "vec2", "values": [ 0.0, 1.0 ] } ],
            "output": "swapa"
        },
        {
            "vertex_shader": "minecraft:post/screenquad",
            "fragment_shader": "minecraft:post/apply_bloom",
            "inputs": [ { "sampler_name": "Diffuse", "target": "swap" },
                        { "sampler_name": "Bloom", "target": "swapa", "bilinear": true } ],
            "uniforms": [ { "name": "BloomIntensity", "type": "float", "values": [ 1.5 ] } ],
            "output": "minecraft:main"
        }
    ]
}
