{
  "parent": "minecraft:block/cube_all",
  "textures": {
    "all": "minecraft:block/granite"
  },
  "overrides": [
    {
      "predicate": {
        "custom_model_data": 1
      },
      "model": "other/he_grenade"
    },
    {
      "predicate": {
        "custom_model_data": 2
      },
      "model": "other/smoke_grenade"
    },
    {
      "predicate": {
        "custom_model_data": 3
      },
      "model": "other/flash_grenade"
    },
    {
      "predicate": {
        "custom_model_data": 4
      },
      "model": "other/fire_grenade"
    },
    {
      "predicate": {
        "custom_model_data": 5
      },
      "model": "other/gas_grenade"
    }
  ]
}