{
	"credit": "Made with Blockbench",
	"textures": {
		"0": "other/glow_leaves",
		"particle": "other/glow_leaves"
	},
	"elements": [
		{
			"from": [2.25, 0, 0],
			"to": [13.75, 16, 0],
			"rotation": {"angle": 0, "axis": "y", "origin": [8, 8, 8]},
			"faces": {
				"south": {"uv": [0, 0, 11.5, 16], "texture": "#0"}
			}
		},
		{
			"from": [0, 0, 2.25],
			"to": [2.25, 16, 2.25],
			"rotation": {"angle": 0, "axis": "y", "origin": [6, 8, 10.25]},
			"faces": {
				"south": {"uv": [0, 0, 2.25, 16], "texture": "#0"}
			}
		},
		{
			"from": [13.75, 0, 2.25],
			"to": [16, 16, 2.25],
			"rotation": {"angle": 0, "axis": "y", "origin": [19, 8, 10.25]},
			"faces": {
				"south": {"uv": [0, 0, 2.25, 16], "texture": "#0"}
			}
		},
		{
			"from": [16, 0, 2.25],
			"to": [16, 16, 13.75],
			"rotation": {"angle": 0, "axis": "y", "origin": [8, 8, 8]},
			"faces": {
				"west": {"uv": [0, 0, 11.5, 16], "texture": "#0"}
			}
		},
		{
			"from": [13.75, 0, 0],
			"to": [13.75, 16, 2.25],
			"rotation": {"angle": 0, "axis": "y", "origin": [5.75, 8, 5]},
			"faces": {
				"west": {"uv": [0, 0, 2.25, 16], "texture": "#0"}
			}
		},
		{
			"from": [13.75, 0, 13.75],
			"to": [13.75, 16, 16],
			"rotation": {"angle": 0, "axis": "y", "origin": [5.75, 8, 18]},
			"faces": {
				"west": {"uv": [0, 0, 2.25, 16], "texture": "#0"}
			}
		},
		{
			"from": [2.25, 0, 16],
			"to": [13.75, 16, 16],
			"rotation": {"angle": 0, "axis": "y", "origin": [8, 8, 8]},
			"faces": {
				"north": {"uv": [0, 0, 11.5, 16], "texture": "#0"}
			}
		},
		{
			"from": [13.75, 0, 13.75],
			"to": [16, 16, 13.75],
			"rotation": {"angle": 0, "axis": "y", "origin": [10, 8, 5.75]},
			"faces": {
				"north": {"uv": [0, 0, 2.25, 16], "texture": "#0"}
			}
		},
		{
			"from": [0, 0, 13.75],
			"to": [2.25, 16, 13.75],
			"rotation": {"angle": 0, "axis": "y", "origin": [-3, 8, 5.75]},
			"faces": {
				"north": {"uv": [0, 0, 2.25, 16], "texture": "#0"}
			}
		},
		{
			"from": [0, 0, 2.25],
			"to": [0, 16, 13.75],
			"rotation": {"angle": 0, "axis": "y", "origin": [8, 8, 8]},
			"faces": {
				"east": {"uv": [0, 0, 11.5, 16], "texture": "#0"}
			}
		},
		{
			"from": [2.25, 0, 13.75],
			"to": [2.25, 16, 16],
			"rotation": {"angle": 0, "axis": "y", "origin": [10.25, 8, 11]},
			"faces": {
				"east": {"uv": [0, 0, 2.25, 16], "texture": "#0"}
			}
		},
		{
			"from": [2.25, 0, 0],
			"to": [2.25, 16, 2.25],
			"rotation": {"angle": 0, "axis": "y", "origin": [10.25, 8, -2]},
			"faces": {
				"east": {"uv": [0, 0, 2.25, 16], "texture": "#0"}
			}
		}
	]
}