{
	"credit": "Made with Blockbench",
	"texture_size": [48, 48],
	"textures": {
		"0": "other/robotstabilizer",
		"particle": "other/robotstabilizer"
	},
	"elements": [
		{
			"from": [4, -6, 0],
			"to": [12, 6, 0],
			"rotation": {"angle": 0, "axis": "y", "origin": [8, 0, 8]},
			"faces": {
				"north": {"uv": [0, 0, 2.66667, 4], "texture": "#0"}
			}
		},
		{
			"from": [6, -6, 2],
			"to": [10, 6, 4],
			"rotation": {"angle": 45, "axis": "y", "origin": [8, 0, 8], "rescale": true},
			"faces": {
				"north": {"uv": [2.66667, 0, 4.66667, 4], "texture": "#0"},
				"up": {"uv": [4.66667, 5, 2.66667, 4], "texture": "#0"},
				"down": {"uv": [4.66667, 4, 2.66667, 5], "texture": "#0"}
			}
		},
		{
			"from": [16, -6, 4],
			"to": [16, 6, 12],
			"rotation": {"angle": 0, "axis": "y", "origin": [8, 0, 8]},
			"faces": {
				"east": {"uv": [0, 0, 2.66667, 4], "texture": "#0"}
			}
		},
		{
			"from": [12, -6, 6],
			"to": [14, 6, 10],
			"rotation": {"angle": 45, "axis": "y", "origin": [8, 0, 8], "rescale": true},
			"faces": {
				"east": {"uv": [2.66667, 0, 4.66667, 4], "texture": "#0"},
				"up": {"uv": [4.66667, 5, 2.66667, 4], "rotation": 90, "texture": "#0"},
				"down": {"uv": [2.66667, 5, 4.66667, 4], "rotation": 90, "texture": "#0"}
			}
		},
		{
			"from": [4, -6, 16],
			"to": [12, 6, 16],
			"rotation": {"angle": 0, "axis": "y", "origin": [8, 0, 8]},
			"faces": {
				"south": {"uv": [0, 0, 2.66667, 4], "texture": "#0"}
			}
		},
		{
			"from": [6, -6, 12],
			"to": [10, 6, 14],
			"rotation": {"angle": 45, "axis": "y", "origin": [8, 0, 8], "rescale": true},
			"faces": {
				"south": {"uv": [2.66667, 0, 4.66667, 4], "texture": "#0"},
				"up": {"uv": [4.66667, 5, 2.66667, 4], "rotation": 180, "texture": "#0"},
				"down": {"uv": [4.66667, 4, 2.66667, 5], "rotation": 180, "texture": "#0"}
			}
		},
		{
			"from": [0, -6, 4],
			"to": [0, 6, 12],
			"rotation": {"angle": 0, "axis": "y", "origin": [8, 0, 8]},
			"faces": {
				"west": {"uv": [0, 0, 2.66667, 4], "texture": "#0"}
			}
		},
		{
			"from": [2, -6, 6],
			"to": [4, 6, 10],
			"rotation": {"angle": 45, "axis": "y", "origin": [8, 0, 8], "rescale": true},
			"faces": {
				"west": {"uv": [2.66667, 0, 4.66667, 4], "texture": "#0"},
				"up": {"uv": [4.66667, 5, 2.66667, 4], "rotation": 270, "texture": "#0"},
				"down": {"uv": [2.66667, 5, 4.66667, 4], "rotation": 270, "texture": "#0"}
			}
		},
		{
			"from": [4, -3, -2],
			"to": [12, 1, 0],
			"rotation": {"angle": 45, "axis": "x", "origin": [8, -5, 7], "rescale": true},
			"faces": {
				"north": {"uv": [4.66667, 0, 7.33333, 2], "texture": "#0"},
				"east": {"uv": [7.66667, 0, 8.66667, 2], "texture": "#0"},
				"west": {"uv": [8.66667, 0, 7.66667, 2], "texture": "#0"}
			}
		},
		{
			"from": [16, -3, 4],
			"to": [18, 1, 12],
			"rotation": {"angle": 45, "axis": "z", "origin": [9, -5, 8], "rescale": true},
			"faces": {
				"north": {"uv": [8.66667, 0, 7.66667, 2], "texture": "#0"},
				"east": {"uv": [4.66667, 0, 7.33333, 2], "texture": "#0"},
				"south": {"uv": [7.66667, 0, 8.66667, 2], "texture": "#0"}
			}
		},
		{
			"from": [4, -1, 16],
			"to": [12, 3, 18],
			"rotation": {"angle": -45, "axis": "x", "origin": [8, -3, 11], "rescale": true},
			"faces": {
				"east": {"uv": [8.66667, 0, 7.66667, 2], "texture": "#0"},
				"south": {"uv": [4.66667, 0, 7.33333, 2], "texture": "#0"},
				"west": {"uv": [7.66667, 0, 8.66667, 2], "texture": "#0"}
			}
		},
		{
			"from": [-2, -3, 4],
			"to": [0, 1, 12],
			"rotation": {"angle": -45, "axis": "z", "origin": [7, -5, 8], "rescale": true},
			"faces": {
				"north": {"uv": [7.66667, 0, 8.66667, 2], "texture": "#0"},
				"south": {"uv": [8.66667, 0, 7.66667, 2], "texture": "#0"},
				"west": {"uv": [4.66667, 0, 7.33333, 2], "texture": "#0"}
			}
		},
		{
			"from": [4, 10, 4],
			"to": [12, 10, 12],
			"rotation": {"angle": 0, "axis": "y", "origin": [8, -5.75, 8]},
			"faces": {
				"up": {"uv": [11.33333, 2.66667, 8.66667, 0], "texture": "#0"}
			}
		},
		{
			"from": [4, -1, -2],
			"to": [12, 3, 0],
			"rotation": {"angle": -45, "axis": "x", "origin": [8, 5, 7], "rescale": true},
			"faces": {
				"north": {"uv": [4.66667, 2, 7.33333, 0], "texture": "#0"},
				"east": {"uv": [7.66667, 2, 8.66667, 0], "texture": "#0"},
				"west": {"uv": [8.66667, 2, 7.66667, 0], "texture": "#0"}
			}
		},
		{
			"from": [16, -1, 4],
			"to": [18, 3, 12],
			"rotation": {"angle": -45, "axis": "z", "origin": [9, 5, 8], "rescale": true},
			"faces": {
				"north": {"uv": [8.66667, 2, 7.66667, 0], "texture": "#0"},
				"east": {"uv": [4.66667, 2, 7.33333, 0], "texture": "#0"},
				"south": {"uv": [7.66667, 2, 8.66667, 0], "texture": "#0"}
			}
		},
		{
			"from": [4, -3, 16],
			"to": [12, 1, 18],
			"rotation": {"angle": 45, "axis": "x", "origin": [8, 3, 11], "rescale": true},
			"faces": {
				"east": {"uv": [8.66667, 2, 7.66667, 0], "texture": "#0"},
				"south": {"uv": [4.66667, 2, 7.33333, 0], "texture": "#0"},
				"west": {"uv": [7.66667, 2, 8.66667, 0], "texture": "#0"}
			}
		},
		{
			"from": [-2, -1, 4],
			"to": [0, 3, 12],
			"rotation": {"angle": 45, "axis": "z", "origin": [7, 5, 8], "rescale": true},
			"faces": {
				"north": {"uv": [7.66667, 2, 8.66667, 0], "texture": "#0"},
				"south": {"uv": [8.66667, 2, 7.66667, 0], "texture": "#0"},
				"west": {"uv": [4.66667, 2, 7.33333, 0], "texture": "#0"}
			}
		},
		{
			"from": [4, -10, 4],
			"to": [12, -10, 12],
			"rotation": {"angle": 0, "axis": "y", "origin": [8, 5.75, 8]},
			"faces": {
				"down": {"uv": [11.33333, 0, 8.66667, 2.66667], "texture": "#0"}
			}
		},
		{
			"from": [5, -4, 16],
			"to": [11, 4, 27],
			"rotation": {"angle": 0, "axis": "y", "origin": [4, 4, 16]},
			"faces": {
				"east": {"uv": [2, 5, 5.66667, 7.66667], "texture": "#0"},
				"south": {"uv": [0, 8.66667, 2, 11.33333], "texture": "#0"},
				"west": {"uv": [5.66667, 5, 2, 7.66667], "texture": "#0"},
				"up": {"uv": [0, 5, 2, 8.66667], "texture": "#0"},
				"down": {"uv": [2, 8.66667, 0, 5], "texture": "#0"}
			}
		},
		{
			"from": [0.99999, -3.999, 15],
			"to": [8.99999, 3.999, 19],
			"rotation": {"angle": -45, "axis": "y", "origin": [4.99999, 4, 15], "rescale": true},
			"faces": {
				"south": {"uv": [6, 7.66667, 2, 10.33333], "texture": "#0"},
				"west": {"uv": [8.66667, 7.66667, 6, 10.33333], "texture": "#0"},
				"up": {"uv": [6, 13, 2, 10.33333], "texture": "#0"},
				"down": {"uv": [6, 10.33333, 2, 13], "texture": "#0"}
			}
		},
		{
			"from": [7.00001, -3.999, 15],
			"to": [15.00001, 3.999, 19],
			"rotation": {"angle": 45, "axis": "y", "origin": [11.00001, 4, 15], "rescale": true},
			"faces": {
				"east": {"uv": [6, 7.66667, 8.66667, 10.33333], "texture": "#0"},
				"south": {"uv": [2, 7.66667, 6, 10.33333], "texture": "#0"},
				"up": {"uv": [2, 13, 6, 10.33333], "texture": "#0"},
				"down": {"uv": [2, 10.33333, 6, 13], "texture": "#0"}
			}
		},
		{
			"from": [5.001, -6.76972, 25.97041],
			"to": [10.999, 32, 31.97041],
			"rotation": {"angle": -22.5, "axis": "x", "origin": [4, -18.76972, 5.97041], "rescale": true},
			"faces": {
				"north": {"uv": [8.66667, 2.66667, 10.66667, 15.66667], "texture": "#0"},
				"east": {"uv": [8.66667, 2.66667, 10.66667, 15.66667], "texture": "#0"},
				"south": {"uv": [10.66667, 2.66667, 12.66667, 15.66667], "texture": "#0"},
				"west": {"uv": [8.66667, 2.66667, 10.66667, 15.66667], "texture": "#0"},
				"up": {"uv": [14.66667, 4.66667, 12.66667, 2.66667], "texture": "#0"}
			}
		}
	],
	"groups": [
		{
			"name": "group",
			"origin": [8, 8, 8],
			"color": 0,
			"children": [0, 1, 2, 3, 4, 5, 6, 7]
		},
		{
			"name": "group",
			"origin": [8, 8, 8],
			"color": 0,
			"children": [8, 9, 10, 11, 12]
		},
		{
			"name": "group",
			"origin": [8, 8, 8],
			"color": 0,
			"children": [13, 14, 15, 16, 17]
		},
		{
			"name": "group",
			"origin": [4, -18.76972, 5.97041],
			"color": 0,
			"children": [18, 19, 20, 21]
		}
	]
}