{
	"credit": "Made with Blockbench",
	"texture_size": [32, 32],
	"textures": {
		"0": "custom:item/volt",
		"particle": "custom:item/volt"
	},
	"elements": [
		{
			"from": [1, 1, 0],
			"to": [4, 6, 2],
			"rotation": {"angle": -22.5, "axis": "z", "origin": [2, 3, 1]},
			"faces": {
				"north": {"uv": [1, 1, 2.5, 3.5], "texture": "#0"},
				"east": {"uv": [2.5, 1, 3.5, 3.5], "texture": "#0"},
				"south": {"uv": [1, 1, 2.5, 3.5], "texture": "#0"},
				"west": {"uv": [0, 1, 1, 3.5], "texture": "#0"},
				"up": {"uv": [1.5, 3.5, 3, 4.5], "texture": "#0"},
				"down": {"uv": [0, 3.5, 1.5, 4.5], "texture": "#0"}
			}
		},
		{
			"from": [2, 4, 0],
			"to": [11, 7, 2],
			"rotation": {"angle": 0, "axis": "z", "origin": [2, 6, 0]},
			"faces": {
				"north": {"uv": [8, 0, 4.5, 1.5], "texture": "#0"},
				"east": {"uv": [8, 0, 9, 1.5], "texture": "#0"},
				"south": {"uv": [4.5, 0, 8, 1.5], "texture": "#0"},
				"west": {"uv": [3.5, 0, 4.5, 1.5], "texture": "#0"},
				"up": {"uv": [4.5, 2.5, 8, 3.5], "texture": "#0"},
				"down": {"uv": [4.5, 1.5, 8, 2.5], "texture": "#0"}
			}
		},
		{
			"from": [3, 1, 1],
			"to": [13, 10, 1],
			"rotation": {"angle": 0, "axis": "y", "origin": [7.5, 5.5, 1]},
			"faces": {
				"north": {"uv": [16, 0, 11, 4.5], "texture": "#0"},
				"east": {"uv": [0, 0, 0, 4.5], "texture": "#missing"},
				"south": {"uv": [11, 0, 16, 4.5], "texture": "#0"},
				"west": {"uv": [0, 0, 0, 4.5], "texture": "#missing"},
				"up": {"uv": [5.5, 0, 0, 0], "texture": "#missing"},
				"down": {"uv": [5.5, 0, 0, 0], "texture": "#missing"}
			}
		}
	],
	"gui_light": "front",
	"display": {
		"thirdperson_righthand": {
			"rotation": [-12, 91, 20],
			"translation": [5.75, 4.75, -2.25],
			"scale": [0.8, 0.8, 0.9]
		},
		"firstperson_righthand": {
			"rotation": [-1.03, 82, 4.97],
			"translation": [20, 4.25, -5.75]
		},
		"gui": {
			"rotation": [0, 0, 39],
			"translation": [-1.25, 5.5, 0],
			"scale": [1.5, 1.5, 1]
		}
	}
}