{
  "hand_animation_on_swap": false,
  "model": {
    "type": "minecraft:range_dispatch",
    "property": "minecraft:custom_model_data",
    "entries": [
      { "threshold": 1, "model": { "type": "minecraft:model", "model": "ui/button_1" } },
      { "threshold": 2, "model": { "type": "minecraft:model", "model": "ui/button_2" } },
      { "threshold": 3, "model": { "type": "minecraft:model", "model": "ui/button_3" } },
      { "threshold": 4, "model": { "type": "minecraft:model", "model": "ui/pause_ui_b1" } },
      { "threshold": 5, "model": { "type": "minecraft:model", "model": "ui/pause_ui_b2" } },
      { "threshold": 6, "model": { "type": "minecraft:model", "model": "ui/button_1_spec" } },
      { "threshold": 7, "model": { "type": "minecraft:model", "model": "ui/button_4" } }
    ],
    "fallback": { "type": "minecraft:model", "model": "minecraft:item/clay_ball" }
  }
}
