{
  "model": {
    "type": "minecraft:range_dispatch",
    "property": "minecraft:custom_model_data",
    "entries": [
      { "threshold": 1, "model": { "type": "minecraft:model", "model": "other/ammo_box" } },
      { "threshold": 2, "model": { "type": "minecraft:model", "model": "other/medpack/medpack" } },
      { "threshold": 102, "model": { "type": "minecraft:model", "model": "other/medpack/medpack_icon" } }
    ],
    "fallback": { "type": "minecraft:model", "model": "minecraft:item/iron_nugget" }
  }
}
