{
  "model": {
    "type": "minecraft:range_dispatch",
    "property": "minecraft:custom_model_data",
    "entries": [
      { "threshold": 1, "model": { "type": "minecraft:model", "model": "other/he_grenade/he_grenade" } },
      { "threshold": 2, "model": { "type": "minecraft:model", "model": "other/smoke_grenade/smoke_grenade" } },
      { "threshold": 3, "model": { "type": "minecraft:model", "model": "other/flash_grenade/flash_grenade" } },
      { "threshold": 4, "model": { "type": "minecraft:model", "model": "other/fire_grenade/fire_grenade" } },
      { "threshold": 5, "model": { "type": "minecraft:model", "model": "other/gas_grenade/gas_grenade" } },
      { "threshold": 101, "model": { "type": "minecraft:model", "model": "other/he_grenade/he_grenade_icon" } },
      { "threshold": 102, "model": { "type": "minecraft:model", "model": "other/smoke_grenade/smoke_grenade_icon" } },
      { "threshold": 103, "model": { "type": "minecraft:model", "model": "other/flash_grenade/flash_grenade_icon" } },
      { "threshold": 104, "model": { "type": "minecraft:model", "model": "other/fire_grenade/fire_grenade_icon" } },
      { "threshold": 105, "model": { "type": "minecraft:model", "model": "other/gas_grenade/gas_grenade_icon" } }
    ],
    "fallback": { "type": "minecraft:model", "model": "minecraft:item/sugar" }
  }
}
