{
  "multipart": [
    {
      "apply": {
        "model": "other/table_black_top"
      },
      "when": {
        "up": true
      }
    },
    {
      "apply": {
        "model": "other/table_black_top"
      },
      "when": {
        "up": false
      }
    },
    {
      "apply": {
        "model": "other/table_black_ne"
      },
      "when": {
        "north": "none",
        "east": "none"
      }
    },
    {
      "apply": {
        "model": "other/table_black_nw"
      },
      "when": {
        "north": "none",
        "west": "none"
      }
    },
    {
      "apply": {
        "model": "other/table_black_se"
      },
      "when": {
        "south": "none",
        "east": "none"
      }
    },
    {
      "apply": {
        "model": "other/table_black_sw"
      },
      "when": {
        "south": "none",
        "west": "none"
      }
    }
  ]
}