{
  "parent": "minecraft:item/generated",
  "textures": {
    "layer0": "minecraft:item/crossbow"
  },
  "overrides": [
    {
      "predicate": {
        "custom_model_data": 1
      },
      "model": "minecraft:item/amethyst"
    },
    {
      "predicate": {
        "custom_model_data": 2
      },
      "model": "minecraft:item/bullet"
    },
    {
      "predicate": {
        "custom_model_data": 3
      },
      "model": "minecraft:item/whisper"
    },
    {
      "predicate": {
        "custom_model_data": 4
      },
      "model": "minecraft:item/volt"
    },
    {
      "predicate": {
        "custom_model_data": 5
      },
      "model": "minecraft:item/charge"
    },
    {
      "predicate": {
        "custom_model_data": 6
      },
      "model": "minecraft:item/thunder"
    }
  ]
}