{
	"credit": "Made with Blockbench",
	"textures": {
		"0": "other/knife",
		"particle": "other/knife"
	},
	"elements": [
		{
			"from": [7.5, 0, 7],
			"to": [8.5, 6, 9],
			"rotation": {"angle": 0, "axis": "y", "origin": [7, 0, 7]},
			"faces": {
				"north": {"uv": [3, 10, 4, 16], "texture": "#0"},
				"east": {"uv": [8, 0, 10, 6], "texture": "#0"},
				"south": {"uv": [4, 10, 5, 16], "texture": "#0"},
				"west": {"uv": [8, 6, 10, 12], "texture": "#0"},
				"up": {"uv": [11, 6, 10, 4], "texture": "#0"},
				"down": {"uv": [6, 10, 5, 12], "texture": "#0"}
			}
		},
		{
			"from": [8, 6, 6],
			"to": [8, 16, 10],
			"rotation": {"angle": 0, "axis": "y", "origin": [6, 6, 7]},
			"faces": {
				"north": {"uv": [0, 0, 0, 10], "texture": "#0"},
				"east": {"uv": [0, 0, 4, 10], "texture": "#0"},
				"south": {"uv": [0, 0, 0, 10], "texture": "#0"},
				"west": {"uv": [4, 0, 8, 10], "texture": "#0"},
				"up": {"uv": [0, 4, 0, 0], "texture": "#0"},
				"down": {"uv": [0, 0, 0, 4], "texture": "#0"}
			}
		},
		{
			"from": [6.5, 6, 6],
			"to": [9.5, 6, 10],
			"rotation": {"angle": 0, "axis": "y", "origin": [5, 6, 7]},
			"faces": {
				"north": {"uv": [0, 0, 3, 0], "texture": "#0"},
				"east": {"uv": [0, 0, 4, 0], "texture": "#0"},
				"south": {"uv": [0, 0, 3, 0], "texture": "#0"},
				"west": {"uv": [0, 0, 4, 0], "texture": "#0"},
				"up": {"uv": [3, 14, 0, 10], "texture": "#0"},
				"down": {"uv": [13, 0, 10, 4], "texture": "#0"}
			}
		}
	],
	"display": {
		"thirdperson_righthand": {
			"translation": [0, 3, 1.5]
		},
		"thirdperson_lefthand": {
			"translation": [0, 3, 1.5]
		},
		"firstperson_righthand": {
			"rotation": [-11, -6, 14],
			"translation": [-3, 3.25, 0],
			"scale": [0.8, 0.8, 0.8]
		},
		"firstperson_lefthand": {
			"rotation": [-11, -6, 14],
			"translation": [-3, 3.25, 0],
			"scale": [0.8, 0.8, 0.8]
		},
		"gui": {
			"rotation": [120, 50, -90],
			"scale": [1.3, 1.3, 1.3]
		}
	}
}