{
    "vertex": "minecraft:post/screenquad",
    "fragment": "minecraft:post/bright_extraction",
    "samplers": [
        { "name": "DiffuseSampler" }
    ],
    "uniforms": [
        { "name": "ProjMat",    "type": "matrix4x4", "count": 16, "values": [ 1.0, 0.0, 0.0, 0.0, 0.0, 1.0, 0.0, 0.0, 0.0, 0.0, 1.0, 0.0, 0.0, 0.0, 0.0, 1.0 ] },
        { "name": "InSize",     "type": "float",     "count": 2,  "values": [ 1.0, 1.0 ] },
        { "name": "OutSize",    "type": "float",     "count": 2,  "values": [ 1.0, 1.0 ] },
        { "name": "BrightnessThreshold",    "type": "float",     "count": 1,  "values": [ 0.25 ] },
        { "name": "IntensityScale",    "type": "float",     "count": 1,  "values": [ 2.0 ] },
        { "name": "IntensityBias",    "type": "float",     "count": 1,  "values": [ 0.3 ] }
    ]
}
