{
	"credit": "Made with Blockbench",
	"texture_size": [48, 32],
	"textures": {
		"0": "guns/revolver"
	},
	"elements": [
		{
			"from": [7.5, 9, -3.25],
			"to": [8.5, 11, 3.75],
			"rotation": {"angle": 0, "axis": "y", "origin": [15.5, 17, 4.75]},
			"faces": {
				"north": {"uv": [4.66667, 0, 5.33333, 2], "texture": "#0"},
				"east": {"uv": [4.66667, 0, 0, 2], "texture": "#0"},
				"south": {"uv": [0, 0, 1, 1], "texture": "#0"},
				"west": {"uv": [0, 0, 4.66667, 2], "texture": "#0"},
				"up": {"uv": [0, 2, 4.66667, 3], "rotation": 90, "texture": "#0"},
				"down": {"uv": [0, 3, 4.66667, 4], "rotation": 270, "texture": "#0"}
			}
		},
		{
			"from": [6.75, 8.5, 4.75],
			"to": [9.25, 11, 7.75],
			"rotation": {"angle": 0, "axis": "y", "origin": [14.75, 16.5, 12.75]},
			"faces": {
				"north": {"uv": [7.33333, 0, 9, 2.5], "texture": "#0"},
				"east": {"uv": [7.33333, 0, 5.33333, 2.5], "texture": "#0"},
				"south": {"uv": [7.33333, 0, 9, 2.5], "texture": "#0"},
				"west": {"uv": [5.33333, 0, 7.33333, 2.5], "texture": "#0"},
				"up": {"uv": [5.33333, 0, 7.33333, 2.5], "rotation": 90, "texture": "#0"},
				"down": {"uv": [5.33333, 0, 7.33333, 2.5], "rotation": 270, "texture": "#0"}
			}
		},
		{
			"from": [7.25, 8, 3.75],
			"to": [8.75, 11.5, 8.25],
			"rotation": {"angle": 0, "axis": "y", "origin": [15.25, 16, 11.75]},
			"faces": {
				"north": {"uv": [3, 5, 4, 8.5], "texture": "#0"},
				"east": {"uv": [3, 5, 0, 8.5], "texture": "#0"},
				"south": {"uv": [4, 5, 5, 8.5], "texture": "#0"},
				"west": {"uv": [0, 5, 3, 8.5], "texture": "#0"},
				"up": {"uv": [0, 8.5, 3, 10], "rotation": 90, "texture": "#0"},
				"down": {"uv": [0, 10, 3, 11.5], "rotation": 270, "texture": "#0"}
			}
		},
		{
			"from": [8, 6, 4.75],
			"to": [8, 8, 8.75],
			"rotation": {"angle": 0, "axis": "y", "origin": [16, 14, 12.75]},
			"faces": {
				"north": {"uv": [0, 0, 0, 1.25], "texture": "#0"},
				"east": {"uv": [12, 2.5, 9.33333, 4.5], "texture": "#0"},
				"south": {"uv": [0, 0, 0, 1.25], "texture": "#0"},
				"west": {"uv": [9.33333, 2.5, 12, 4.5], "texture": "#0"},
				"up": {"uv": [0, 0, 0, 2.25], "texture": "#0"},
				"down": {"uv": [0, 0, 0, 2.25], "texture": "#0"}
			}
		},
		{
			"from": [8, 11, -3.25],
			"to": [8, 12, 3.75],
			"rotation": {"angle": 0, "axis": "y", "origin": [16, 19, 4.75]},
			"faces": {
				"north": {"uv": [0, 0, 0, 1.25], "texture": "#0"},
				"east": {"uv": [4.66667, 4, 0, 5], "texture": "#0"},
				"south": {"uv": [0, 0, 0, 1.25], "texture": "#0"},
				"west": {"uv": [0, 4, 4.66667, 5], "texture": "#0"},
				"up": {"uv": [0, 0, 0, 2.25], "texture": "#0"},
				"down": {"uv": [0, 0, 0, 2.25], "texture": "#0"}
			}
		},
		{
			"from": [8, 9, 7.75],
			"to": [8, 11, 10.25],
			"rotation": {"angle": 0, "axis": "x", "origin": [8, 10, 8.25]},
			"faces": {
				"north": {"uv": [0, 0, 0, 1.25], "texture": "#0"},
				"east": {"uv": [15.66667, 0, 14, 2], "texture": "#0"},
				"south": {"uv": [0, 0, 0, 1.25], "texture": "#0"},
				"west": {"uv": [14, 0, 15.66667, 2], "texture": "#0"},
				"up": {"uv": [0, 0, 0, 2.25], "texture": "#0"},
				"down": {"uv": [0, 0, 0, 2.25], "texture": "#0"}
			}
		},
		{
			"from": [7.25, 7, 8.25],
			"to": [8.75, 9.5, 10.75],
			"rotation": {"angle": 0, "axis": "x", "origin": [6.75, 9.5, 10.75]},
			"faces": {
				"north": {"uv": [12.33333, 0, 12.66667, 2.5], "texture": "#0"},
				"east": {"uv": [14, 0, 12.33333, 2.5], "texture": "#0"},
				"south": {"uv": [13.66667, 0, 14, 2.5], "texture": "#0"},
				"west": {"uv": [12.33333, 0, 14, 2.5], "texture": "#0"},
				"up": {"uv": [12.33333, 0, 14, 0.5], "rotation": 90, "texture": "#0"},
				"down": {"uv": [12.33333, 2, 14, 2.5], "rotation": 270, "texture": "#0"}
			}
		},
		{
			"from": [7, 4, 8.25],
			"to": [9, 9.5, 10.75],
			"rotation": {"angle": -22.5, "axis": "x", "origin": [6.75, 9.5, 10.75]},
			"faces": {
				"north": {"uv": [6.66667, 2.5, 8, 8], "texture": "#0"},
				"east": {"uv": [6.66667, 2.5, 5, 8], "texture": "#0"},
				"south": {"uv": [8, 2.5, 9.33333, 8], "texture": "#0"},
				"west": {"uv": [5, 2.5, 6.66667, 8], "texture": "#0"},
				"up": {"uv": [5, 2.5, 6.66667, 3], "rotation": 90, "texture": "#0"},
				"down": {"uv": [8, 7.5, 9.33333, 8], "texture": "#0"}
			}
		}
	],
	"gui_light": "front",
	"display": {
		"thirdperson_righthand": {
			"rotation": [8, -12, 0],
			"scale": [0.8, 0.8, 0.8]
		},
		"thirdperson_lefthand": {
			"rotation": [8, -12, 0],
			"scale": [0.8, 0.8, 0.8]
		},
		"firstperson_righthand": {
			"rotation": [-2, -14, 0],
			"translation": [6.75, 9.6, -2]
		},
		"firstperson_lefthand": {
			"rotation": [-2, -14, 0],
			"translation": [6.75, 9.6, -2]
		},
		"ground": {
			"rotation": [0, 0, 90],
			"translation": [0, -3, 0]
		},
		"gui": {
			"rotation": [20, 145, 0],
			"translation": [2.5, 0, 0],
			"scale": [1.5, 1.5, 1.5]
		}
	},
	"groups": [
		{
			"name": "revolver",
			"origin": [6.75, 13, 11],
			"color": 0,
			"children": [0, 1, 2, 3, 4, 5, 6, 7]
		}
	]
}