{
  "parent": "minecraft:item/generated",
  "textures": {
    "layer0": "minecraft:item/leather_horse_armor"
  },
  "overrides": [
    { "predicate": { "custom_model_data": 1 }, "model": "guns/awp/awp" },
    { "predicate": { "custom_model_data": 2 }, "model": "guns/awp/awp_hide" },
    { "predicate": { "custom_model_data": 3 }, "model": "guns/ssg08/ssg08" },
    { "predicate": { "custom_model_data": 4 }, "model": "guns/ssg08_hide/ssg08_hide" },

    { "predicate": { "custom_model_data": 101 }, "model": "guns/awp/awp2" },
    { "predicate": { "custom_model_data": 103 }, "model": "guns/ssg08/ssg082" },
    { "predicate": { "custom_model_data": 201 }, "model": "guns/awp/awp3" },
    { "predicate": { "custom_model_data": 203 }, "model": "guns/ssg08/ssg083" },
    { "predicate": { "custom_model_data": 301 }, "model": "guns/awp/awp" },
    { "predicate": { "custom_model_data": 303 }, "model": "guns/ssg08/ssg08" }
  ]
}
