{
  "model": {
    "type": "minecraft:range_dispatch",
    "property": "minecraft:custom_model_data",
    "entries": [
      { "threshold": 1, "model": { "type": "minecraft:model", "model": "other/glow" } },
      { "threshold": 2, "model": { "type": "minecraft:model", "model": "other/ball_spawner" } },
      { "threshold": 3, "model": { "type": "minecraft:model", "model": "other/ball_spawner_on" } },
      { "threshold": 4, "model": { "type": "minecraft:model", "model": "other/ball_receiver" } },
      { "threshold": 5, "model": { "type": "minecraft:model", "model": "other/ball_receiver_on" } }
    ],
    "fallback": { "type": "minecraft:model", "model": "minecraft:block/brown_stained_glass" }
  }
}