{
  "model": {
    "type": "minecraft:range_dispatch",
    "property": "minecraft:custom_model_data",
    "entries": [
      { "threshold": 1, "model": { "type": "minecraft:model", "model": "other/skybox/sky1" } },
      { "threshold": 2, "model": { "type": "minecraft:model", "model": "other/skybox/sky2" } },
      { "threshold": 3, "model": { "type": "minecraft:model", "model": "other/skybox/sky3" } }
    ],
    "fallback": { "type": "minecraft:model", "model": "minecraft:item/iron_ingot" }
  }
}