{
  "model": {
    "type": "minecraft:range_dispatch",
    "property": "minecraft:custom_model_data",
    "entries": [
      { "threshold": 1, "model": { "type": "minecraft:model", "model": "portal_gun/portal_gun_blue_0" } },
      { "threshold": 2, "model": { "type": "minecraft:model", "model": "portal_gun/portal_gun_orange_0" } }
    ],
    "fallback": { 
      "type": "minecraft:model",
      "model": "minecraft:item/leather_horse_armor",
      "tints": [
        { "type": "minecraft:dye", "default": -6265536 }
      ]
    }
  }
}