{
  "model": {
    "type": "minecraft:range_dispatch",
    "property": "minecraft:custom_model_data",
    "entries": [
      { "threshold": 1, "model": { "type": "minecraft:model", "model": "other/camera" } },
      { "threshold": 2, "model": { "type": "minecraft:model", "model": "other/computer" } },
      { "threshold": 3, "model": { "type": "minecraft:model", "model": "other/computer_on" } },
      { "threshold": 4, "model": { "type": "minecraft:model", "model": "other/computer_noise" } }
    ],
    "fallback": { "type": "minecraft:model", "model": "minecraft:item/slime_ball" }
  }
}