{
	"credit": "Made with Blockbench",
	"textures": {
		"0": "block/deepslate_tiles",
		"1": "block/bricks",
		"particle": "block/bricks"
	},
	"elements": [
		{
			"from": [0, 0, 8],
			"to": [16, 16, 8],
			"rotation": {"angle": 45, "axis": "y", "origin": [8, 8, 8], "rescale": true},
			"faces": {
				"north": {"uv": [0, 0, 16, 16], "texture": "#0"}
			}
		},
		{
			"from": [0, 0, 15.99],
			"to": [8, 16, 15.99],
			"rotation": {"angle": 45, "axis": "y", "origin": [8, 8, 8], "rescale": true},
			"faces": {
				"south": {"uv": [0, 0, 8, 16], "texture": "#1", "cullface": "south"}
			}
		},
		{
			"from": [8, 0, 15.99],
			"to": [16, 16, 15.99],
			"rotation": {"angle": 45, "axis": "y", "origin": [8, 8, 8], "rescale": true},
			"faces": {
				"south": {"uv": [8, 0, 16, 16], "texture": "#1", "cullface": "east"}
			}
		},
		{
			"from": [0.01, 0, 8],
			"to": [0.01, 16, 16],
			"rotation": {"angle": 45, "axis": "y", "origin": [8, 8, 8], "rescale": true},
			"faces": {
				"west": {"uv": [0, 0, 8, 16], "texture": "#1", "cullface": "south"}
			}
		},
		{
			"from": [15.99, 0, 8],
			"to": [15.99, 16, 16],
			"rotation": {"angle": 45, "axis": "y", "origin": [8, 8, 8], "rescale": true},
			"faces": {
				"east": {"uv": [8, 0, 16, 16], "texture": "#1", "cullface": "east"}
			}
		},
		{
			"from": [0, 0.01, 8],
			"to": [16, 0.01, 16],
			"rotation": {"angle": 45, "axis": "y", "origin": [8, 8, 8], "rescale": true},
			"faces": {
				"down": {"uv": [0, 0, 16, 8], "texture": "#1", "cullface": "down"}
			}
		},
		{
			"from": [0, 15.99, 8],
			"to": [16, 15.99, 16],
			"rotation": {"angle": 45, "axis": "y", "origin": [8, 8, 8], "rescale": true},
			"faces": {
				"up": {"uv": [0, 0, 16, 8], "texture": "#1", "cullface": "up"}
			}
		}
	]
}