{
	"credit": "Made with Blockbench",
	"textures": {
		"0": "guns/mp7"
	},
	"elements": [
		{
			"from": [7.5, 9.25, 0.75],
			"to": [8.5, 10.25, 3.25],
			"rotation": {"angle": 0, "axis": "y", "origin": [8, 9.75, 10.1125]},
			"faces": {
				"north": {"uv": [7, 9.75, 8, 10.75], "texture": "#0"},
				"east": {"uv": [6, 9.25, 7.25, 9.75], "texture": "#0"},
				"west": {"uv": [7.75, 9.25, 9, 9.75], "texture": "#0"},
				"up": {"uv": [7.75, 9.25, 7.25, 8], "texture": "#0"},
				"down": {"uv": [8.25, 8, 7.75, 9.25], "texture": "#0"}
			}
		},
		{
			"from": [7.25, 11.25, 12.25],
			"to": [8.75, 11.75, 14.25],
			"rotation": {"angle": 0, "axis": "y", "origin": [8, 9.75, 10.1125]},
			"faces": {
				"north": {"uv": [9.5, 9.75, 10.25, 10], "texture": "#0"},
				"east": {"uv": [8.5, 9.75, 9.5, 10], "texture": "#0"},
				"south": {"uv": [11.25, 9.75, 12, 10], "texture": "#0"},
				"west": {"uv": [10.25, 9.75, 11.25, 10], "texture": "#0"},
				"up": {"uv": [10.25, 9.75, 9.5, 8.75], "texture": "#0"}
			}
		},
		{
			"from": [7.25, 11.75, 3.25],
			"to": [8.75, 12.75, 4.25],
			"rotation": {"angle": 0, "axis": "y", "origin": [8, 9.75, 10.1125]},
			"faces": {
				"north": {"uv": [0.5, 0.5, 1.25, 1], "texture": "#0"},
				"east": {"uv": [0, 0.5, 0.5, 1], "texture": "#0"},
				"south": {"uv": [1.75, 0.5, 2.5, 1], "texture": "#0"},
				"west": {"uv": [1.25, 0.5, 1.75, 1], "texture": "#0"},
				"up": {"uv": [1.25, 0.5, 0.5, 0], "texture": "#0"},
				"down": {"uv": [2, 0, 1.25, 0.5], "texture": "#0"}
			}
		},
		{
			"from": [7.25, 11.25, 3.25],
			"to": [8.75, 11.75, 4.25],
			"rotation": {"angle": 0, "axis": "y", "origin": [8, 9.75, 10.1125]},
			"faces": {
				"north": {"uv": [0.75, 1.75, 0, 2], "rotation": 180, "texture": "#0"},
				"east": {"uv": [0, 1.5, 0.25, 2], "rotation": 270, "texture": "#0"},
				"south": {"uv": [0, 1.5, 0.75, 1.75], "rotation": 180, "texture": "#0"},
				"west": {"uv": [0.5, 1.5, 0.75, 2], "rotation": 90, "texture": "#0"},
				"up": {"uv": [0, 1.5, 0.75, 2], "rotation": 180, "texture": "#0"},
				"down": {"uv": [0, 2, 0.75, 1.5], "rotation": 180, "texture": "#0"}
			}
		},
		{
			"from": [8, 11.75, 12.25],
			"to": [8, 12.75, 13.25],
			"rotation": {"angle": 0, "axis": "y", "origin": [8, 9.75, 10.1125]},
			"faces": {
				"east": {"uv": [0, 2, 0.5, 2.5], "rotation": 270, "texture": "#0"},
				"west": {"uv": [0, 2, 0.5, 2.5], "texture": "#0"}
			}
		},
		{
			"from": [8.75, 11.75, 3.25],
			"to": [7.25, 12.75, 4.25],
			"rotation": {"angle": 0, "axis": "y", "origin": [8, 9.75, 10.1125]},
			"faces": {
				"north": {"uv": [0.5, 0.5, 1.25, 1], "texture": "#0"},
				"east": {"uv": [0, 0.5, 0.5, 1], "texture": "#0"},
				"south": {"uv": [1.75, 0.5, 2.5, 1], "texture": "#0"},
				"west": {"uv": [1.25, 0.5, 1.75, 1], "texture": "#0"},
				"up": {"uv": [1.25, 0.5, 0.5, 0], "texture": "#0"},
				"down": {"uv": [2, 0, 1.25, 0.5], "texture": "#0"}
			}
		},
		{
			"from": [7.25, 8.75, 2.25],
			"to": [8.75, 11.25, 14.25],
			"rotation": {"angle": 0, "axis": "y", "origin": [8, 9.75, 10.1125]},
			"faces": {
				"north": {"uv": [6, 6, 6.75, 7.25], "texture": "#0"},
				"east": {"uv": [0, 6, 6, 7.25], "texture": "#0"},
				"south": {"uv": [12.75, 6, 13.5, 7.25], "texture": "#0"},
				"west": {"uv": [6.75, 6, 12.75, 7.25], "texture": "#0"},
				"up": {"uv": [6.75, 6, 6, 0], "texture": "#0"},
				"down": {"uv": [7.5, 0, 6.75, 6], "texture": "#0"}
			}
		},
		{
			"from": [7, 6.75, 15.25],
			"to": [9, 11.25, 16.75],
			"rotation": {"angle": 0, "axis": "y", "origin": [8, 9.75, 10.1125]},
			"faces": {
				"north": {"uv": [8.25, 0.75, 9.25, 3], "texture": "#0"},
				"east": {"uv": [7.5, 0.75, 8.25, 3], "texture": "#0"},
				"south": {"uv": [10, 0.75, 11, 3], "texture": "#0"},
				"west": {"uv": [9.25, 0.75, 10, 3], "texture": "#0"},
				"up": {"uv": [9.25, 0.75, 8.25, 0], "texture": "#0"},
				"down": {"uv": [10.25, 0, 9.25, 0.75], "texture": "#0"}
			}
		},
		{
			"from": [7.5, 9.75, 14.25],
			"to": [8.5, 10.75, 15.25],
			"rotation": {"angle": 0, "axis": "y", "origin": [8, 9.75, 10.1125]},
			"faces": {
				"east": {"uv": [0, 2.5, 0.5, 3], "texture": "#0"},
				"west": {"uv": [5, 2.5, 5.5, 3], "texture": "#0"},
				"up": {"uv": [3, 0.5, 2.5, 0], "texture": "#0"},
				"down": {"uv": [3.5, 0, 3, 0.5], "texture": "#0"}
			}
		},
		{
			"from": [8, 11.25, 3.25],
			"to": [8, 11.75, 13.25],
			"rotation": {"angle": 0, "axis": "y", "origin": [8, 9.75, 10.1125]},
			"faces": {
				"east": {"uv": [0, 7.25, 5, 7.5], "texture": "#0"},
				"west": {"uv": [5, 7.25, 0, 7.5], "texture": "#0"}
			}
		},
		{
			"from": [7.24, 8.5, 3.24],
			"to": [8.76, 9.5, 7.25],
			"rotation": {"angle": 0, "axis": "y", "origin": [8, 9.75, 10.1125]},
			"faces": {
				"north": {"uv": [2.25, 5, 3, 5.5], "texture": "#0"},
				"east": {"uv": [0, 5, 2, 5.5], "texture": "#0"},
				"south": {"uv": [5, 5, 5.75, 5.5], "texture": "#0"},
				"west": {"uv": [3, 5, 5, 5.5], "texture": "#0"},
				"down": {"uv": [3.75, 3, 3, 5], "texture": "#0"}
			}
		},
		{
			"from": [7.5, 4.75, 9.25],
			"to": [8.5, 8.75, 11.25],
			"rotation": {"angle": 0, "axis": "y", "origin": [8, 9.75, 10.1125]},
			"faces": {
				"north": {"uv": [8.75, 4, 9.25, 6], "texture": "#0"},
				"east": {"uv": [7.5, 4, 8.5, 6], "texture": "#0"},
				"south": {"uv": [10.25, 4, 10.75, 6], "texture": "#0"},
				"west": {"uv": [9.25, 4, 10.25, 6], "texture": "#0"},
				"down": {"uv": [9.75, 3, 9.25, 4], "texture": "#0"}
			}
		},
		{
			"from": [8, 5.75, 6.25],
			"to": [8, 8.75, 9.25],
			"rotation": {"angle": 0, "axis": "y", "origin": [8, 9.75, 10.1125]},
			"faces": {
				"east": {"uv": [1.5, 8, 0, 9.5], "texture": "#0"},
				"west": {"uv": [0, 8, 1.5, 9.5], "texture": "#0"}
			}
		},
		{
			"from": [7.5, 1.75, 9.5],
			"to": [8.5, 4.75, 11],
			"rotation": {"angle": 0, "axis": "y", "origin": [8, 9.75, 10.1125]},
			"faces": {
				"north": {"uv": [4, 9, 4.5, 10.5], "texture": "#0"},
				"east": {"uv": [3, 9, 4, 10.5], "texture": "#0"},
				"south": {"uv": [5.5, 9, 6, 10.5], "texture": "#0"},
				"west": {"uv": [4.5, 9, 5.5, 10.5], "texture": "#0"},
				"down": {"uv": [5, 8, 4.5, 9], "texture": "#0"}
			}
		},
		{
			"from": [7.5, 4.75, 3.25],
			"to": [8.5, 8.75, 4.25],
			"rotation": {"angle": 0, "axis": "y", "origin": [0, -4.75, -3]},
			"faces": {
				"north": {"uv": [12.5, 4.25, 13, 6], "texture": "#0"},
				"east": {"uv": [13.5, 4.25, 13, 6], "texture": "#0"},
				"south": {"uv": [12, 4.25, 12.5, 6], "texture": "#0"},
				"west": {"uv": [13, 4.25, 13.5, 6], "texture": "#0"},
				"down": {"uv": [12.5, 3.75, 13, 4.25], "texture": "#0"}
			}
		}
	],
	"gui_light": "front",
	"display": {
		"thirdperson_righthand": {
			"rotation": [8, -12, 0],
			"scale": [0.8, 0.8, 0.8]
		},
		"thirdperson_lefthand": {
			"rotation": [8, -12, 0],
			"scale": [0.8, 0.8, 0.8]
		},
		"firstperson_righthand": {
			"rotation": [-2, -14, 0],
			"translation": [6.75, 0, -2],
			"scale": [0, 0, 0]
		},
		"firstperson_lefthand": {
			"rotation": [-2, -14, 0],
			"translation": [6.75, 0, -2],
			"scale": [0, 0, 0]
		},
		"ground": {
			"rotation": [0, 0, 90],
			"translation": [0, -3, 0]
		},
		"gui": {
			"rotation": [20, 145, 0],
			"translation": [-1, -0.25, 0],
			"scale": [0, 0, 0]
		}
	},
	"groups": [
		{
			"name": "mp7",
			"origin": [0, 0, 0],
			"color": 0,
			"children": [0, 1, 2, 3, 4, 5, 6, 7, 8, 9, 10, 11, 12, 13, 14]
		}
	]
}