{
  "parent": "minecraft:item/generated",
  "textures": {
    "layer0": "minecraft:item/iron_ingot"
  },
  "overrides": [
    { "predicate": { "custom_model_data": 1 }, "model": "other/skybox/sky1" },
    { "predicate": { "custom_model_data": 3 }, "model": "other/skybox/sky3" },
    { "predicate": { "custom_model_data": 4 }, "model": "other/skybox/sky4" },
    { "predicate": { "custom_model_data": 5 }, "model": "other/skybox/sky5" },
    { "predicate": { "custom_model_data": 6 }, "model": "other/skybox/sky6" }
  ]
}
