{
  "parent": "item/generated",
  "textures": {
    "layer0": "item/crossbow_standby"
  },
  "display": {
    "thirdperson_righthand": {
        "rotation": [ -90, 0, -60 ],
        "translation": [ 2, 0.1, -3 ],
        "scale": [ 0.9, 0.9, 0.9 ]
    },
    "thirdperson_lefthand": {
        "rotation": [ -90, 0, 30 ],
        "translation": [ 2, 0.1, -3 ],
        "scale": [ 0.9, 0.9, 0.9 ]
    },
    "firstperson_righthand": {
        "rotation": [ -90, 0, -55 ],
        "translation": [ 1.13, 3.2, 1.13],
        "scale": [ 0.68, 0.68, 0.68 ]
    },
    "firstperson_lefthand": {
        "rotation": [ -90, 0, 35 ],
        "translation": [ 1.13, 3.2, 1.13],
        "scale": [ 0.68, 0.68, 0.68 ]
    }
  },
  "overrides": [
    { "predicate": { "pulling": 1 },                "model": "item/crossbow_pulling_0" },
    { "predicate": { "pulling": 1, "pull": 0.58 },  "model": "item/crossbow_pulling_1" },
    { "predicate": { "pulling": 1, "pull": 1.0 },   "model": "item/crossbow_pulling_2" },
    { "predicate": { "charged": 1 },                "model": "item/crossbow_arrow" },
    { "predicate": { "charged": 1, "firework": 1 }, "model": "item/crossbow_firework" },
  
    { "predicate": { "custom_model_data": 1  },                "model": "guns/glock18/glock18" },
    { "predicate": { "custom_model_data": 1,   "charged": 1 }, "model": "guns/glock18/glock18_loaded" },
    { "predicate": { "custom_model_data": 2  },                "model": "guns/ak47/ak47" },
    { "predicate": { "custom_model_data": 2,   "charged": 1 }, "model": "guns/ak47/ak47_loaded" },
    { "predicate": { "custom_model_data": 3  },                "model": "guns/mac10/mac10" },
    { "predicate": { "custom_model_data": 3,   "charged": 1 }, "model": "guns/mac10/mac10_loaded" },
    { "predicate": { "custom_model_data": 4  },                "model": "guns/xm1014/xm1014" },
    { "predicate": { "custom_model_data": 4,   "charged": 1 }, "model": "guns/xm1014/xm1014_loaded" },
    { "predicate": { "custom_model_data": 5  },                "model": "guns/usps/usps" },
    { "predicate": { "custom_model_data": 5,   "charged": 1 }, "model": "guns/usps/usps_loaded" },
    { "predicate": { "custom_model_data": 6  },                "model": "guns/deagle/deagle" },
    { "predicate": { "custom_model_data": 6,   "charged": 1 }, "model": "guns/deagle/deagle_loaded" },
    { "predicate": { "custom_model_data": 7  },                "model": "guns/m4a1s/m4a1s" },
    { "predicate": { "custom_model_data": 7,   "charged": 1 }, "model": "guns/m4a1s/m4a1s_loaded" },
    { "predicate": { "custom_model_data": 8  },                "model": "guns/famas/famas" },
    { "predicate": { "custom_model_data": 8,   "charged": 1 }, "model": "guns/famas/famas_loaded" },
    { "predicate": { "custom_model_data": 9  },                "model": "guns/tec9/tec9" },
    { "predicate": { "custom_model_data": 9,   "charged": 1 }, "model": "guns/tec9/tec9_loaded" },
    { "predicate": { "custom_model_data": 10 },                "model": "guns/nova/nova" },
    { "predicate": { "custom_model_data": 10,  "charged": 1 }, "model": "guns/nova/nova_loaded" },
    { "predicate": { "custom_model_data": 11 },                "model": "guns/minigun/minigun" },
    { "predicate": { "custom_model_data": 11,  "charged": 1 }, "model": "guns/minigun/minigun_loaded" },
    { "predicate": { "custom_model_data": 12 },                "model": "guns/revolver/revolver" },
    { "predicate": { "custom_model_data": 12,  "charged": 1 }, "model": "guns/revolver/revolver_loaded" },
    { "predicate": { "custom_model_data": 13 },                "model": "guns/mp7/mp7" },
    { "predicate": { "custom_model_data": 13,  "charged": 1 }, "model": "guns/mp7/mp7_loaded" },
    { "predicate": { "custom_model_data": 14 },                "model": "guns/awp/awp" },
    { "predicate": { "custom_model_data": 14,  "charged": 1 }, "model": "guns/awp/awp_loaded" },
    { "predicate": { "custom_model_data": 15 },                "model": "guns/ssg08/ssg08" },
    { "predicate": { "custom_model_data": 15,  "charged": 1 }, "model": "guns/ssg08/ssg08_loaded" },
  
    { "predicate": { "custom_model_data": 101 },               "model": "guns/glock18/glock18_icon" },
    { "predicate": { "custom_model_data": 101, "charged": 1 }, "model": "guns/glock18/glock18_icon" },
    { "predicate": { "custom_model_data": 102 },               "model": "guns/ak47/ak47_icon" },
    { "predicate": { "custom_model_data": 102, "charged": 1 }, "model": "guns/ak47/ak47_icon" },
    { "predicate": { "custom_model_data": 103 },               "model": "guns/mac10/mac10_icon" },
    { "predicate": { "custom_model_data": 103, "charged": 1 }, "model": "guns/mac10/mac10_icon" },
    { "predicate": { "custom_model_data": 104 },               "model": "guns/xm1014/xm1014_icon" },
    { "predicate": { "custom_model_data": 104, "charged": 1 }, "model": "guns/xm1014/xm1014_icon" },
    { "predicate": { "custom_model_data": 105 },               "model": "guns/usps/usps_icon" },
    { "predicate": { "custom_model_data": 105, "charged": 1 }, "model": "guns/usps/usps_icon" },
    { "predicate": { "custom_model_data": 106 },               "model": "guns/deagle/deagle_icon" },
    { "predicate": { "custom_model_data": 106, "charged": 1 }, "model": "guns/deagle/deagle_icon" },
    { "predicate": { "custom_model_data": 107 },               "model": "guns/m4a1s/m4a1s_icon" },
    { "predicate": { "custom_model_data": 107, "charged": 1 }, "model": "guns/m4a1s/m4a1s_icon" },
    { "predicate": { "custom_model_data": 108 },               "model": "guns/famas/famas_icon" },
    { "predicate": { "custom_model_data": 108, "charged": 1 }, "model": "guns/famas/famas_icon" },
    { "predicate": { "custom_model_data": 109 },               "model": "guns/tec9/tec9_icon" },
    { "predicate": { "custom_model_data": 109, "charged": 1 }, "model": "guns/tec9/tec9_icon" },
    { "predicate": { "custom_model_data": 110 },               "model": "guns/nova/nova_icon" },
    { "predicate": { "custom_model_data": 110, "charged": 1 }, "model": "guns/nova/nova_icon" },
    { "predicate": { "custom_model_data": 111 },               "model": "guns/minigun/minigun_icon" },
    { "predicate": { "custom_model_data": 111, "charged": 1 }, "model": "guns/minigun/minigun_icon" },
    { "predicate": { "custom_model_data": 112 },               "model": "guns/revolver/revolver_icon" },
    { "predicate": { "custom_model_data": 112, "charged": 1 }, "model": "guns/revolver/revolver_icon" },
    { "predicate": { "custom_model_data": 113 },               "model": "guns/mp7/mp7_icon" },
    { "predicate": { "custom_model_data": 113, "charged": 1 }, "model": "guns/mp7/mp7_icon" },
    { "predicate": { "custom_model_data": 114 },               "model": "guns/awp/awp_icon" },
    { "predicate": { "custom_model_data": 114, "charged": 1 }, "model": "guns/awp/awp_icon" },
    { "predicate": { "custom_model_data": 115 },               "model": "guns/ssg08/ssg08_icon" },
    { "predicate": { "custom_model_data": 115, "charged": 1 }, "model": "guns/ssg08/ssg08_icon" }
  ]
}
