{
	"credit": "Made with Blockbench",
	"textures": {
		"particle": "guns/tec9"
	},
	"elements": [
		{
			"from": [8, 7, 6.5],
			"to": [8, 8.5, 9.5],
			"rotation": {"angle": 0, "axis": "y", "origin": [16, 15, 14]},
			"faces": {
				"north": {"uv": [0, 0, 0, 2.5], "texture": "#particle"},
				"east": {"uv": [13.5, 4, 10.5, 5.5], "texture": "#particle"},
				"south": {"uv": [0, 0, 0, 2.5], "texture": "#particle"},
				"west": {"uv": [10.5, 4, 13.5, 5.5], "texture": "#particle"},
				"up": {"uv": [0, 0, 0, 2.5], "texture": "#particle"},
				"down": {"uv": [0, 0, 0, 2.5], "texture": "#particle"}
			}
		},
		{
			"from": [8, 11, -0.5],
			"to": [8, 12, 1],
			"rotation": {"angle": 0, "axis": "y", "origin": [16, 19, 9]},
			"faces": {
				"north": {"uv": [0, 0, 0, 1], "texture": "#particle"},
				"east": {"uv": [16, 0, 14.5, 1], "texture": "#particle"},
				"south": {"uv": [0, 0, 0, 1], "texture": "#particle"},
				"west": {"uv": [14.5, 0, 16, 1], "texture": "#particle"},
				"up": {"uv": [0, 0, 0, 1], "texture": "#particle"},
				"down": {"uv": [0, 0, 0, 1], "texture": "#particle"}
			}
		},
		{
			"from": [6, 10, 5.5],
			"to": [7, 10.5, 5.5],
			"rotation": {"angle": 0, "axis": "y", "origin": [16, 19, 9.5]},
			"faces": {
				"north": {"uv": [15, 3, 16, 3.5], "texture": "#particle"},
				"east": {"uv": [0, 0.5, 1, 1], "texture": "#particle"},
				"south": {"uv": [15, 3, 16, 3.5], "texture": "#particle"},
				"west": {"uv": [0, 0.5, 1, 1], "rotation": 180, "texture": "#particle"},
				"up": {"uv": [0, 0, 0, 1], "texture": "#particle"},
				"down": {"uv": [0, 0, 0, 1], "texture": "#particle"}
			}
		},
		{
			"from": [7, 8.5, 3.5],
			"to": [9, 11, 12],
			"rotation": {"angle": 0, "axis": "y", "origin": [14.75, 17.5, 14.5]},
			"faces": {
				"north": {"uv": [8.5, 2.5, 10.5, 5], "texture": "#particle"},
				"east": {"uv": [8.5, 2.5, 0, 5], "texture": "#particle"},
				"south": {"uv": [8.5, 0, 10.5, 2.5], "texture": "#particle"},
				"west": {"uv": [0, 0, 8.5, 2.5], "texture": "#particle"},
				"up": {"uv": [0, 5, 8.5, 7], "rotation": 90, "texture": "#particle"},
				"down": {"uv": [0, 2, 8.5, 2.5], "rotation": 270, "texture": "#particle"}
			}
		},
		{
			"from": [7, 9, -0.5],
			"to": [9, 11, 3.5],
			"rotation": {"angle": 0, "axis": "y", "origin": [14.75, 18, 10.5]},
			"faces": {
				"east": {"uv": [14.5, 2, 10.5, 0], "texture": "#particle"},
				"west": {"uv": [10.5, 0, 14.5, 2], "texture": "#particle"},
				"up": {"uv": [10.5, 0, 14.5, 2], "rotation": 90, "texture": "#particle"},
				"down": {"uv": [14.5, 2, 10.5, 0], "rotation": 90, "texture": "#particle"}
			}
		},
		{
			"from": [8.99, 9.01, -0.5],
			"to": [7.01, 10.99, 3.5],
			"rotation": {"angle": 0, "axis": "y", "origin": [16.75, 18, 10.5]},
			"faces": {
				"east": {"uv": [14.5, 0, 10.5, 2], "texture": "#particle"},
				"west": {"uv": [10.5, 2, 14.5, 0], "texture": "#particle"},
				"up": {"uv": [10.5, 2, 14.5, 0], "rotation": 90, "texture": "#particle"},
				"down": {"uv": [14.5, 0, 10.5, 2], "rotation": 90, "texture": "#particle"}
			}
		},
		{
			"from": [7.5, 9.5, -1],
			"to": [8.5, 10.5, 3.5],
			"rotation": {"angle": 0, "axis": "y", "origin": [15.25, 18.5, 10]},
			"faces": {
				"north": {"uv": [15, 2, 16, 3], "texture": "#particle"},
				"east": {"uv": [10.5, 2, 15, 3], "texture": "#particle"},
				"west": {"uv": [10.5, 2, 15, 3], "texture": "#particle"},
				"up": {"uv": [10.5, 3, 15, 4], "rotation": 90, "texture": "#particle"},
				"down": {"uv": [10.5, 2.5, 15, 3], "rotation": 270, "texture": "#particle"}
			}
		},
		{
			"from": [7.25, 0.5, 4.5],
			"to": [8.75, 8.5, 6.5],
			"rotation": {"angle": 0, "axis": "y", "origin": [15, 9.5, 15.5]},
			"faces": {
				"north": {"uv": [7.5, 7, 6, 15], "texture": "#particle"},
				"east": {"uv": [6, 7, 4, 15], "texture": "#particle"},
				"south": {"uv": [7.5, 7, 6, 15], "texture": "#particle"},
				"west": {"uv": [4, 7, 6, 15], "texture": "#particle"},
				"down": {"uv": [4, 14.5, 6, 15], "rotation": 270, "texture": "#particle"}
			}
		},
		{
			"from": [7.25, 3.5, 8.5],
			"to": [8.75, 8.5, 11],
			"rotation": {"angle": -22.5, "axis": "x", "origin": [8.25, 8.5, 8.5]},
			"faces": {
				"north": {"uv": [0.5, 7, 0, 12], "texture": "#particle"},
				"east": {"uv": [2.5, 7, 0, 12], "texture": "#particle"},
				"south": {"uv": [2.5, 7, 4, 12], "texture": "#particle"},
				"west": {"uv": [0, 7, 2.5, 12], "texture": "#particle"},
				"down": {"uv": [0, 11.5, 2.5, 12], "rotation": 270, "texture": "#particle"}
			}
		}
	],
	"gui_light": "front",
	"display": {
		"thirdperson_righthand": {
			"rotation": [8, -12, 0],
			"scale": [0.8, 0.8, 0.8]
		},
		"thirdperson_lefthand": {
			"rotation": [8, -12, 0],
			"scale": [0.8, 0.8, 0.8]
		},
		"firstperson_righthand": {
			"rotation": [-2, -4, 0],
			"translation": [-4, 0, -3.1],
			"scale": [0, 0, 0]
		},
		"firstperson_lefthand": {
			"rotation": [-2, -4, 0],
			"translation": [-4, 0, -3.1],
			"scale": [0, 0, 0]
		},
		"ground": {
			"rotation": [0, 0, 90],
			"translation": [0, -3, 0]
		},
		"gui": {
			"rotation": [20, 145, 0],
			"translation": [1.5, 2.5, 0],
			"scale": [0, 0, 0]
		}
	},
	"groups": [
		{
			"name": "tec9",
			"origin": [8.25, 13, 6.25],
			"color": 0,
			"children": [0, 1, 2, 3, 4, 5, 6, 7, 8]
		}
	]
}