{
	"credit": "Made with Blockbench",
	"texture_size": [4, 4],
	"textures": {
		"0": "guns/glock18",
		"particle": "guns/glock18"
	},
	"elements": [
		{
			"from": [8.00056, 6.07632, 6.92795],
			"to": [8.00056, 8.52032, 9.37195],
			"rotation": {"angle": 0, "axis": "y", "origin": [7.9975, 9.23416, 7.87498]},
			"faces": {
				"north": {"uv": [0, 0, 0, 8], "texture": "#0"},
				"east": {"uv": [16, 6, 14.5, 7.5], "texture": "#0"},
				"south": {"uv": [0, 0, 0, 8], "texture": "#0"},
				"west": {"uv": [14.5, 6, 16, 7.5], "texture": "#0"},
				"up": {"uv": [0, 0, 0, 8], "texture": "#0"},
				"down": {"uv": [0, 0, 0, 8], "texture": "#0"}
			}
		},
		{
			"from": [7.38956, 10.96432, 4.11735],
			"to": [8.61155, 12.18632, 4.11735],
			"rotation": {"angle": 0, "axis": "y", "origin": [7.9975, 9.23416, 7.87498]},
			"faces": {
				"north": {"uv": [8, 0, 8.75, 1], "texture": "#0"},
				"east": {"uv": [0, 0, 0, 4], "texture": "#0"},
				"south": {"uv": [7.25, 0, 8, 1], "texture": "#0"},
				"west": {"uv": [0, 0, 0, 4], "texture": "#0"},
				"up": {"uv": [0, 0, 4, 0], "texture": "#0"},
				"down": {"uv": [0, 0, 4, 0], "texture": "#0"}
			}
		},
		{
			"from": [7.38956, 10.96432, 11.57155],
			"to": [8.61155, 12.18632, 11.57155],
			"rotation": {"angle": 0, "axis": "y", "origin": [7.9975, 9.23416, 7.87498]},
			"faces": {
				"north": {"uv": [10.5, 0, 12.25, 1.5], "texture": "#0"},
				"east": {"uv": [0, 0, 0, 4], "texture": "#0"},
				"south": {"uv": [8.75, 0, 10.5, 1.5], "texture": "#0"},
				"west": {"uv": [0, 0, 0, 4], "texture": "#0"},
				"up": {"uv": [0, 0, 4, 0], "texture": "#0"},
				"down": {"uv": [0, 0, 4, 0], "texture": "#0"}
			}
		},
		{
			"from": [7.29179, 7.06946, 10.56544],
			"to": [8.69709, 8.29146, 12.03184],
			"rotation": {"angle": -22.5, "axis": "x", "origin": [7.9975, 9.23416, 7.87498]},
			"faces": {
				"north": {"uv": [0, 0, 8, 8], "rotation": 180, "texture": "#0"},
				"east": {"uv": [8.75, 14.75, 7.75, 16], "rotation": 90, "texture": "#0"},
				"south": {"uv": [6.75, 14.75, 7.75, 16], "texture": "#0"},
				"west": {"uv": [7.75, 14.75, 8.75, 16], "rotation": 270, "texture": "#0"},
				"up": {"uv": [5.75, 14, 6.5, 14.75], "texture": "#0"},
				"down": {"uv": [5.75, 14.75, 6.75, 16], "rotation": 180, "texture": "#0"}
			}
		},
		{
			"from": [7.20626, 8.52032, 8.63875],
			"to": [8.79486, 9.74232, 11.57155],
			"rotation": {"angle": 0, "axis": "y", "origin": [7.9975, 9.23416, 7.87498]},
			"faces": {
				"north": {"uv": [8.75, 15, 9.75, 16], "rotation": 180, "texture": "#0"},
				"east": {"uv": [9.75, 14.25, 10.75, 16], "rotation": 90, "texture": "#0"},
				"south": {"uv": [8.75, 15, 9.75, 16], "texture": "#0"},
				"west": {"uv": [9.75, 12.5, 10.75, 14.25], "rotation": 270, "texture": "#0"},
				"up": {"uv": [8.75, 15, 9.75, 16], "texture": "#0"},
				"down": {"uv": [8.75, 15, 9.75, 16], "rotation": 180, "texture": "#0"}
			}
		},
		{
			"from": [7.26736, 9.74232, 3.50635],
			"to": [8.73376, 10.96432, 12.18255],
			"rotation": {"angle": 0, "axis": "y", "origin": [7.9975, 9.23416, 7.87498]},
			"faces": {
				"north": {"uv": [2, 2, 3, 3], "texture": "#0"},
				"east": {"uv": [0, 0, 7, 1], "texture": "#0"},
				"south": {"uv": [2, 3, 3, 4], "texture": "#0"},
				"west": {"uv": [0, 1, 7, 2], "texture": "#0"},
				"up": {"uv": [1, 9, 0, 2], "texture": "#0"},
				"down": {"uv": [2, 2, 1, 9], "texture": "#0"}
			}
		},
		{
			"from": [7.38956, 8.52032, 3.50635],
			"to": [8.61155, 9.74232, 9.86075],
			"rotation": {"angle": 0, "axis": "y", "origin": [7.9975, 9.23416, 7.87498]},
			"faces": {
				"north": {"uv": [12.75, 10, 13.75, 11], "rotation": 180, "texture": "#0"},
				"east": {"uv": [11.75, 11, 12.75, 16], "rotation": 90, "texture": "#0"},
				"south": {"uv": [0, 0, 8, 8], "texture": "#0"},
				"west": {"uv": [12.75, 11, 13.75, 16], "rotation": 270, "texture": "#0"},
				"up": {"uv": [13.75, 7.5, 16, 16], "texture": "#0"},
				"down": {"uv": [10.75, 11, 11.75, 16], "rotation": 180, "texture": "#0"}
			}
		},
		{
			"from": [7.26735, 3.64786, 8.12144],
			"to": [8.73375, 8.53586, 10.56544],
			"rotation": {"angle": -22.5, "axis": "x", "origin": [7.9975, 9.23416, 7.87498]},
			"faces": {
				"north": {"uv": [2, 13, 2.75, 16], "texture": "#0"},
				"east": {"uv": [2.75, 13, 4.5, 16], "texture": "#0"},
				"south": {"uv": [1, 13, 2, 16], "texture": "#0"},
				"west": {"uv": [4.5, 13, 2.75, 16], "texture": "#0"},
				"up": {"uv": [2, 12.25, 2.75, 13], "texture": "#0"},
				"down": {"uv": [4.5, 13, 5.5, 14.75], "texture": "#0"}
			}
		}
	],
	"gui_light": "front",
	"display": {
		"thirdperson_righthand": {
			"rotation": [8, -12, 0]
		},
		"thirdperson_lefthand": {
			"rotation": [8, -12, 0]
		},
		"firstperson_righthand": {
			"rotation": [-2, -14, 0],
			"translation": [6.75, 0, -2],
			"scale": [0, 0, 0]
		},
		"firstperson_lefthand": {
			"rotation": [-2, -14, 0],
			"translation": [6.75, 0, -2],
			"scale": [0, 0, 0]
		},
		"ground": {
			"rotation": [0, 0, 90],
			"translation": [0, -3, 0]
		},
		"gui": {
			"rotation": [20, 145, 0],
			"translation": [0, -1.5, 0],
			"scale": [0, 0, 0]
		}
	},
	"groups": [
		{
			"name": "glock18",
			"origin": [7.9975, 15.23416, 4.37498],
			"color": 0,
			"children": [0, 1, 2, 3, 4, 5, 6, 7]
		}
	]
}