{
    "targets": [
        "swap",
        "swapa",
        "swapb"
    ],
    "passes": [
        {
            "name": "blit",
            "intarget": "minecraft:main",
            "outtarget": "swap"
        },
        {
            "name": "bright_extraction",
            "intarget": "swap",
            "outtarget": "swapa"
        },
        {
            "name": "custom_blur",
            "intarget": "swapa",
            "outtarget": "swapb",
            "use_linear_filter": true,
            "uniforms": [ { "name": "BlurDir", "values": [ 1.0, 0.0 ] } ]
        },
        {
            "name": "custom_blur",
            "intarget": "swapb",
            "outtarget": "swapa",
            "use_linear_filter": true,
            "uniforms": [ { "name": "BlurDir", "values": [ 0.0, 1.0 ] } ]
        },
        {
            "name": "apply_bloom",
            "intarget": "swap",
            "outtarget": "minecraft:main",
            "auxtargets": [ { "name": "BloomSampler", "id": "swapa", "use_linear_filter": true } ]
        }
    ]
}
