{
  "hand_animation_on_swap": false,
  "model": {
    "type": "minecraft:range_dispatch",
    "property": "minecraft:custom_model_data",
    "entries": [
      { "threshold": 1, "model": { "type": "minecraft:model", "model": "ui/pause_ui" } },
      { "threshold": 2, "model": { "type": "minecraft:model", "model": "ui/pause_ui" } },
      { "threshold": 3, "model": { "type": "minecraft:model", "model": "ui/pause_ui" } }
    ],
    "fallback": { "type": "minecraft:model", "model": "minecraft:item/bowl" }
  }
}
