{
  "model": {
    "type": "minecraft:range_dispatch",
    "property": "minecraft:custom_model_data",
    "entries": [
      { "threshold": 1, "model": { "type": "minecraft:model", "model": "other/knife/knife_iron" } },
      { "threshold": 2, "model": { "type": "minecraft:model", "model": "other/knife/knife" } },
      { "threshold": 102, "model": { "type": "minecraft:model", "model": "other/knife/knife_icon" } }
    ],
    "fallback": { "type": "minecraft:model", "model": "minecraft:item/iron_sword" }
  }
}
