{
	"credit": "Made by Miwo4ka",
	"texture_size": [64, 64],
	"textures": {
		"0": "custom:item/amethyst",
		"particle": "custom:item/amethyst"
	},
	"elements": [
		{
			"from": [-4, 4, 1],
			"to": [28, 14, 1],
			"rotation": {"angle": 0, "axis": "y", "origin": [-2, 2, 0]},
			"faces": {
				"north": {"uv": [8, 0, 16, 2.5], "texture": "#0"},
				"east": {"uv": [0, 0, 0, 2], "texture": "#0"},
				"south": {"uv": [16, 0, 8, 2.5], "texture": "#0"},
				"west": {"uv": [0, 0, 0, 2], "texture": "#0"},
				"up": {"uv": [6, 0, 0, 0], "texture": "#0"},
				"down": {"uv": [6, 0, 0, 0], "texture": "#0"}
			}
		},
		{
			"from": [10, -1, 0],
			"to": [13, 7, 2],
			"rotation": {"angle": 22.5, "axis": "z", "origin": [10, 2, 0]},
			"faces": {
				"north": {"uv": [5.5, 2, 6.25, 4], "texture": "#0"},
				"east": {"uv": [6.25, 2, 6.75, 4], "texture": "#0"},
				"south": {"uv": [6.25, 2, 5.5, 4], "texture": "#0"},
				"west": {"uv": [6.25, 2, 6.75, 4], "texture": "#0"},
				"up": {"uv": [6.25, 4.5, 5.5, 4], "texture": "#0"},
				"down": {"uv": [6.25, 4, 5.5, 4.5], "texture": "#0"}
			}
		},
		{
			"from": [0, 2, 0],
			"to": [3, 8, 2],
			"rotation": {"angle": -22.5, "axis": "z", "origin": [0, 1, 0]},
			"faces": {
				"north": {"uv": [6.75, 2, 7.5, 3.5], "texture": "#0"},
				"east": {"uv": [7.5, 2, 8, 3.5], "texture": "#0"},
				"south": {"uv": [7.5, 2, 6.75, 3.5], "texture": "#0"},
				"west": {"uv": [7.5, 2, 8, 3.5], "texture": "#0"},
				"up": {"uv": [7.5, 4, 6.75, 3.5], "texture": "#0"},
				"down": {"uv": [7.5, 3.5, 6.75, 4], "texture": "#0"}
			}
		},
		{
			"from": [-7, 5, 0],
			"to": [0, 9, 2],
			"rotation": {"angle": 0, "axis": "z", "origin": [-4, 8, 1]},
			"faces": {
				"north": {"uv": [0.5, 2.5, 2.25, 3.5], "texture": "#0"},
				"east": {"uv": [0, 2.5, 0.5, 3.5], "texture": "#0"},
				"south": {"uv": [2.25, 2.5, 0.5, 3.5], "texture": "#0"},
				"west": {"uv": [2.25, 2.5, 2.75, 3.5], "texture": "#0"},
				"up": {"uv": [2.25, 2.5, 0.5, 2], "texture": "#0"},
				"down": {"uv": [2.25, 3.5, 0.5, 4], "texture": "#0"}
			}
		},
		{
			"from": [0, 6, 0],
			"to": [16, 10, 2],
			"rotation": {"angle": 0, "axis": "x", "origin": [0, 8, 0]},
			"faces": {
				"north": {"uv": [0.5, 0, 4.5, 1], "texture": "#0"},
				"east": {"uv": [0, 0, 0.5, 1], "texture": "#0"},
				"south": {"uv": [4.5, 0, 0.5, 1], "texture": "#0"},
				"west": {"uv": [4.5, 0, 5, 1], "texture": "#0"},
				"up": {"uv": [4.5, 1.5, 0.5, 1], "texture": "#0"},
				"down": {"uv": [4.5, 1.5, 0.5, 2], "texture": "#0"}
			}
		},
		{
			"from": [16, 7, 0],
			"to": [22, 9, 2],
			"rotation": {"angle": -22.5, "axis": "x", "origin": [12, 7, 0]},
			"faces": {
				"north": {"uv": [5.5, 0, 7, 0.5], "texture": "#0"},
				"east": {"uv": [5, 0, 5.5, 0.5], "texture": "#0"},
				"south": {"uv": [7, 0, 5.5, 0.5], "texture": "#0"},
				"west": {"uv": [7, 0, 7.5, 0.5], "texture": "#0"},
				"up": {"uv": [7, 0.5, 5.5, 0], "texture": "#0"},
				"down": {"uv": [7, 0, 5.5, 0.5], "texture": "#0"}
			}
		}
	],
	"gui_light": "front",
	"display": {
		"thirdperson_righthand": {
			"rotation": [4, 91, 0],
			"translation": [5.5, 3, -1.5],
			"scale": [0.8, 0.8, 0.8]
		},
		"firstperson_righthand": {
			"rotation": [0, 87, 0],
			"translation": [19, 0.75, -2.5]
		},
		"gui": {
			"rotation": [0, 0, 48]
		}
	},
	"groups": [
		{
			"name": "group",
			"origin": [8, 8, 8],
			"color": 0,
			"children": [0, 1, 2, 3, 4, 5]
		}
	]
}