{
	"credit": "Made by Miwo4ka",
	"texture_size": [32, 32],
	"textures": {
		"0": "custom:item/charge",
		"particle": "custom:item/charge"
	},
	"elements": [
		{
			"from": [1, 2, 0],
			"to": [4, 7, 2],
			"rotation": {"angle": -22.5, "axis": "z", "origin": [2, 4, 1]},
			"faces": {
				"north": {"uv": [1, 1, 2.5, 3.5], "texture": "#0"},
				"east": {"uv": [2.5, 1, 3.5, 3.5], "texture": "#0"},
				"south": {"uv": [1, 1, 2.5, 3.5], "texture": "#0"},
				"west": {"uv": [0, 1, 1, 3.5], "texture": "#0"},
				"up": {"uv": [1.5, 3.5, 3, 4.5], "texture": "#0"},
				"down": {"uv": [0, 3.5, 1.5, 4.5], "texture": "#0"}
			}
		},
		{
			"from": [2, 5, 0],
			"to": [11, 8, 2],
			"rotation": {"angle": 0, "axis": "z", "origin": [2, 7, 0]},
			"faces": {
				"north": {"uv": [8.5, 0, 4.5, 1.5], "texture": "#0"},
				"east": {"uv": [8.5, 0, 9.5, 1.5], "texture": "#0"},
				"south": {"uv": [4.5, 0, 8.5, 1.5], "texture": "#0"},
				"west": {"uv": [3.5, 0, 4.5, 1.5], "texture": "#0"},
				"up": {"uv": [4.5, 2.5, 8.5, 3.5], "texture": "#0"},
				"down": {"uv": [4.5, 1.5, 8.5, 2.5], "texture": "#0"}
			}
		},
		{
			"from": [2, 2, 1],
			"to": [19, 11, 1],
			"rotation": {"angle": 0, "axis": "x", "origin": [6.5, 6.5, 1]},
			"faces": {
				"north": {"uv": [8.5, 6, 0, 10.5], "texture": "#0"},
				"east": {"uv": [0, 0, 0, 4.5], "texture": "#missing"},
				"south": {"uv": [0, 6, 8.5, 10.5], "texture": "#0"},
				"west": {"uv": [0, 0, 0, 4.5], "texture": "#missing"},
				"up": {"uv": [5.5, 0, 0, 0], "texture": "#missing"},
				"down": {"uv": [5.5, 0, 0, 0], "texture": "#missing"}
			}
		},
		{
			"from": [3.4, 5.45, -0.55],
			"to": [6.4, 8.45, 2.45],
			"rotation": {"angle": -45, "axis": "x", "origin": [4.9, 6.95, 0.95]},
			"faces": {
				"north": {"uv": [12, 0, 10.5, 2], "rotation": 180, "texture": "#0"},
				"east": {"uv": [14, 2, 12, 4], "rotation": 180, "texture": "#0"},
				"south": {"uv": [10.5, 0, 12, 2], "rotation": 180, "texture": "#0"},
				"west": {"uv": [12, 0, 14, 2], "rotation": 180, "texture": "#0"},
				"up": {"uv": [12, 0, 10.5, 2], "texture": "#0"},
				"down": {"uv": [12, 0, 10.5, 2], "texture": "#0"}
			}
		},
		{
			"from": [11, 6, 0],
			"to": [18, 8, 2],
			"rotation": {"angle": 0, "axis": "y", "origin": [13, 6, 0]},
			"faces": {
				"north": {"uv": [12, 5, 8.5, 6], "texture": "#0"},
				"east": {"uv": [12, 5, 13, 6], "texture": "#0"},
				"south": {"uv": [8.5, 5, 12, 6], "texture": "#0"},
				"west": {"uv": [0, 0, 1, 1], "texture": "#missing"},
				"up": {"uv": [8.5, 5, 12, 6], "texture": "#0"},
				"down": {"uv": [8.5, 5, 12, 6], "texture": "#0"}
			}
		}
	],
	"gui_light": "front",
	"display": {
		"thirdperson_righthand": {
			"rotation": [-3, 91, 20],
			"translation": [5.75, 4, -2],
			"scale": [0.8, 0.8, 0.9]
		},
		"firstperson_righthand": {
			"rotation": [4, 81, 4.97],
			"translation": [20, 4.25, -3.25]
		},
		"firstperson_lefthand": {
			"rotation": [4, 180, -27],
			"translation": [-7.5, 0, -16.5]
		},
		"gui": {
			"rotation": [0, 0, 39],
			"translation": [-1.25, 5.5, 0],
			"scale": [1.5, 1.5, 1]
		}
	}
}