{
	"credit": "Made by Miwo4ka",
	"texture_size": [32, 32],
	"textures": {
		"0": "custom:item/whisper"
                "particle": "custom:item/whisper"
	},
	"elements": [
		{
			"from": [1, 1, 0],
			"to": [4, 6, 2],
			"rotation": {"angle": -22.5, "axis": "z", "origin": [2, 3, 1]},
			"faces": {
				"north": {"uv": [1, 1, 2.5, 3.5], "texture": "#0"},
				"east": {"uv": [2.5, 1, 3.5, 3.5], "texture": "#0"},
				"south": {"uv": [1, 1, 2.5, 3.5], "texture": "#0"},
				"west": {"uv": [0, 1, 1, 3.5], "texture": "#0"},
				"up": {"uv": [1.5, 3.5, 3, 4.5], "texture": "#0"},
				"down": {"uv": [0, 3.5, 1.5, 4.5], "texture": "#0"}
			}
		},
		{
			"from": [2, 4, 0],
			"to": [11, 7, 2],
			"rotation": {"angle": 0, "axis": "z", "origin": [2, 6, 0]},
			"faces": {
				"north": {"uv": [9, 0, 4.5, 1.5], "texture": "#0"},
				"east": {"uv": [9, 0, 10, 1.5], "texture": "#0"},
				"south": {"uv": [4.5, 0, 9, 1.5], "texture": "#0"},
				"west": {"uv": [3.5, 0, 4.5, 1.5], "texture": "#0"},
				"up": {"uv": [4.5, 2.5, 9, 3.5], "texture": "#0"},
				"down": {"uv": [4.5, 1.5, 9, 2.5], "texture": "#0"}
			}
		},
		{
			"from": [2, 1, 1],
			"to": [12, 10, 1],
			"rotation": {"angle": 0, "axis": "y", "origin": [6.5, 5.5, 1]},
			"faces": {
				"north": {"uv": [16, 0, 11, 4.5], "texture": "#0"},
				"east": {"uv": [0, 0, 0, 4.5], "texture": "#0"},
				"south": {"uv": [11, 0, 16, 4.5], "texture": "#0"},
				"west": {"uv": [0, 0, 0, 4.5], "texture": "#0"},
				"up": {"uv": [5.5, 0, 0, 0], "texture": "#0"},
				"down": {"uv": [5.5, 0, 0, 0], "texture": "#0"}
			}
		},
		{
			"from": [11, 5, 0],
			"to": [20, 7, 2],
			"rotation": {"angle": 0, "axis": "x", "origin": [11, 5, 3]},
			"faces": {
				"north": {"uv": [4.5, 5, 9, 6], "rotation": 180, "texture": "#0"},
				"east": {"uv": [3.5, 5, 4.5, 6], "rotation": 90, "texture": "#0"},
				"south": {"uv": [4.5, 5, 9, 6], "texture": "#0"},
				"west": {"uv": [3.5, 5, 4.5, 6], "rotation": 270, "texture": "#0"},
				"up": {"uv": [4.5, 5, 9, 6], "texture": "#0"},
				"down": {"uv": [9, 5, 4.5, 6], "rotation": 180, "texture": "#0"}
			}
		}
	],
	"gui_light": "front",
	"display": {
		"thirdperson_righthand": {
			"rotation": [-12, 91, 20],
			"translation": [5.25, 3.75, -1.75],
			"scale": [0.8, 0.8, 0.8]
		},
		"firstperson_righthand": {
			"rotation": [-1.03, 82, 4.97],
			"translation": [19, 4.25, -5.75]
		},
		"gui": {
			"rotation": [0, 0, 38],
			"translation": [-3.25, 2.25, 0],
			"scale": [1.5, 1.5, 1]
		}
	},
	"groups": [
		{
			"name": "group",
			"origin": [8, 8, 8],
			"color": 0,
			"children": [0, 1, 2, 3]
		}
	]
}