{
	"providers": [
		{
			"type": "bitmap",
			"file": "minecraft:font/guns/mac10s.png",
			"ascent": 8,
			"height": 8,
			"chars": ["\uE400"]
		},
		{
			"type": "bitmap",
			"file": "minecraft:font/guns/glock18.png",
			"ascent": 8,
			"height": 8,
			"chars": ["\uE401"]
		},
		{
			"type": "bitmap",
			"file": "minecraft:font/guns/ak47.png",
			"ascent": 8,
			"height": 8,
			"chars": ["\uE402"]
		},
		{
			"type": "bitmap",
			"file": "minecraft:font/guns/awp.png",
			"ascent": 8,
			"height": 8,
			"chars": ["\uE403"]
		},
		{
			"type": "bitmap",
			"file": "minecraft:font/guns/xm1014.png",
			"ascent": 8,
			"height": 8,
			"chars": ["\uE404"]
		},
		{
			"type": "bitmap",
			"file": "minecraft:font/guns/headshot.png",
			"ascent": 8,
			"height": 8,
			"chars": ["\uE405"]
		},
		{
			"type": "bitmap",
			"file": "minecraft:font/guns/grenade.png",
			"ascent": 8,
			"height": 8,
			"chars": ["\uE406"]
		},
		{
			"type": "bitmap",
			"file": "minecraft:font/crosshair/_2.png",
			"ascent": 0,
			"height": 48,
			"chars": ["\uE407"]
		},
		{
			"type": "bitmap",
			"file": "minecraft:font/crosshair/_1.png",
			"ascent": 0,
			"height": 48,
			"chars": ["\uE408"]
		},
		{
			"type": "bitmap",
			"file": "minecraft:font/crosshair/0.png",
			"ascent": 0,
			"height": 48,
			"chars": ["\uE409"]
		},
		{
			"type": "bitmap",
			"file": "minecraft:font/crosshair/1.png",
			"ascent": 0,
			"height": 48,
			"chars": ["\uE40A"]
		},
		{
			"type": "bitmap",
			"file": "minecraft:font/crosshair/2.png",
			"ascent": 0,
			"height": 48,
			"chars": ["\uE40B"]
		},
		{
			"type": "bitmap",
			"file": "minecraft:font/crosshair/3.png",
			"ascent": 0,
			"height": 48,
			"chars": ["\uE40C"]
		},
		{
			"type": "bitmap",
			"file": "minecraft:font/crosshair/4.png",
			"ascent": 0,
			"height": 48,
			"chars": ["\uE40D"]
		},
		{
			"type": "bitmap",
			"file": "minecraft:font/crosshair/5.png",
			"ascent": 0,
			"height": 48,
			"chars": ["\uE40E"]
		},
		{
			"type": "bitmap",
			"file": "minecraft:font/crosshair/6.png",
			"ascent": 0,
			"height": 48,
			"chars": ["\uE40F"]
		},
		{
			"type": "bitmap",
			"file": "minecraft:font/crosshair/7.png",
			"ascent": 0,
			"height": 48,
			"chars": ["\uE410"]
		},
		{
			"type": "bitmap",
			"file": "minecraft:font/crosshair/8.png",
			"ascent": 0,
			"height": 48,
			"chars": ["\uE411"]
		},
		{
			"type": "bitmap",
			"file": "minecraft:font/crosshair/9.png",
			"ascent": 0,
			"height": 48,
			"chars": ["\uE412"]
		},
		{
			"type": "bitmap",
			"file": "minecraft:font/crosshair/10.png",
			"ascent": 0,
			"height": 48,
			"chars": ["\uE413"]
		},
		{
			"type": "bitmap",
			"file": "minecraft:font/crosshair/11.png",
			"ascent": 0,
			"height": 48,
			"chars": ["\uE414"]
		},
		{
			"type": "bitmap",
			"file": "minecraft:font/crosshair/12.png",
			"ascent": 0,
			"height": 48,
			"chars": ["\uE415"]
		},
		{
			"type": "bitmap",
			"file": "minecraft:font/guns/usps.png",
			"ascent": 8,
			"height": 8,
			"chars": ["\uE416"]
		},
		{
			"type": "bitmap",
			"file": "minecraft:font/guns/deagle.png",
			"ascent": 8,
			"height": 8,
			"chars": ["\uE417"]
		},
		{
			"type": "bitmap",
			"file": "minecraft:font/guns/m4a1.png",
			"ascent": 8,
			"height": 8,
			"chars": ["\uE418"]
		},
		{
			"type": "bitmap",
			"file": "minecraft:font/guns/famas.png",
			"ascent": 8,
			"height": 8,
			"chars": ["\uE419"]
		},
		{
			"type": "bitmap",
			"file": "minecraft:font/guns/tec9.png",
			"ascent": 8,
			"height": 8,
			"chars": ["\uE41A"]
		},
		{
			"type": "bitmap",
			"file": "minecraft:font/guns/nova.png",
			"ascent": 8,
			"height": 8,
			"chars": ["\uE41B"]
		},
		{
			"type": "bitmap",
			"file": "minecraft:font/guns/ssg08.png",
			"ascent": 8,
			"height": 8,
			"chars": ["\uE41C"]
		},
		{
			"type": "bitmap",
			"file": "minecraft:font/guns/knife.png",
			"ascent": 8,
			"height": 8,
			"chars": ["\uE41D"]
		},
		{
			"type": "bitmap",
			"file": "minecraft:font/guns/negev.png",
			"ascent": 8,
			"height": 8,
			"chars": ["\uE41E"]
		},
		{
			"type": "bitmap",
			"file": "minecraft:font/guns/magnum.png",
			"ascent": 8,
			"height": 8,
			"chars": ["\uE41F"]
		},
		{
			"type": "bitmap",
			"file": "minecraft:font/guns/mp7.png",
			"ascent": 8,
			"height": 8,
			"chars": ["\uE420"]
		},
		{
			"type": "bitmap",
			"file": "minecraft:font/guns/zoom.png",
			"ascent": 8,
			"height": 8,
			"chars": ["\uE421"]
		},
		{
			"type": "bitmap",
			"file": "minecraft:font/slots/empty.png",
			"ascent": 32,
			"height": 32,
			"chars": ["\uE500"]
		},
		{
			"type": "bitmap",
			"file": "minecraft:font/slots/knife.png",
			"ascent": 32,
			"height": 32,
			"chars": ["\uE501"]
		},
		{
			"type": "bitmap",
			"file": "minecraft:font/slots/glock.png",
			"ascent": 32,
			"height": 32,
			"chars": ["\uE502"]
		},
		{
			"type": "bitmap",
			"file": "minecraft:font/slots/usp.png",
			"ascent": 32,
			"height": 32,
			"chars": ["\uE503"]
		},
		{
			"type": "bitmap",
			"file": "minecraft:font/slots/tec9.png",
			"ascent": 32,
			"height": 32,
			"chars": ["\uE504"]
		},
		{
			"type": "bitmap",
			"file": "minecraft:font/slots/deagle.png",
			"ascent": 32,
			"height": 32,
			"chars": ["\uE505"]
		},
		{
			"type": "bitmap",
			"file": "minecraft:font/slots/revolver.png",
			"ascent": 32,
			"height": 32,
			"chars": ["\uE506"]
		},
		{
			"type": "bitmap",
			"file": "minecraft:font/slots/mac10.png",
			"ascent": 32,
			"height": 32,
			"chars": ["\uE507"]
		},
		{
			"type": "bitmap",
			"file": "minecraft:font/slots/mp7.png",
			"ascent": 32,
			"height": 32,
			"chars": ["\uE508"]
		},
		{
			"type": "bitmap",
			"file": "minecraft:font/slots/famas.png",
			"ascent": 32,
			"height": 32,
			"chars": ["\uE509"]
		},
		{
			"type": "bitmap",
			"file": "minecraft:font/slots/m4a1.png",
			"ascent": 32,
			"height": 32,
			"chars": ["\uE50A"]
		},
		{
			"type": "bitmap",
			"file": "minecraft:font/slots/ak47.png",
			"ascent": 32,
			"height": 32,
			"chars": ["\uE50B"]
		},
		{
			"type": "bitmap",
			"file": "minecraft:font/slots/xm1014.png",
			"ascent": 32,
			"height": 32,
			"chars": ["\uE50C"]
		},
		{
			"type": "bitmap",
			"file": "minecraft:font/slots/nova.png",
			"ascent": 32,
			"height": 32,
			"chars": ["\uE50D"]
		},
		{
			"type": "bitmap",
			"file": "minecraft:font/slots/awp.png",
			"ascent": 32,
			"height": 32,
			"chars": ["\uE50E"]
		},
		{
			"type": "bitmap",
			"file": "minecraft:font/slots/ssg08.png",
			"ascent": 32,
			"height": 32,
			"chars": ["\uE50F"]
		},
		{
			"type": "bitmap",
			"file": "minecraft:font/slots/minigun.png",
			"ascent": 32,
			"height": 32,
			"chars": ["\uE510"]
		},
		{
			"type": "bitmap",
			"file": "minecraft:font/slots/g_frag.png",
			"ascent": 32,
			"height": 32,
			"chars": ["\uE511"]
		},
		{
			"type": "bitmap",
			"file": "minecraft:font/slots/g_smoke.png",
			"ascent": 32,
			"height": 32,
			"chars": ["\uE512"]
		},
		{
			"type": "bitmap",
			"file": "minecraft:font/slots/g_flash.png",
			"ascent": 32,
			"height": 32,
			"chars": ["\uE513"]
		},
		{
			"type": "bitmap",
			"file": "minecraft:font/slots/g_fire.png",
			"ascent": 32,
			"height": 32,
			"chars": ["\uE514"]
		},
		{
			"type": "bitmap",
			"file": "minecraft:font/slots/g_gas.png",
			"ascent": 32,
			"height": 32,
			"chars": ["\uE515"]
		},
		{
			"type": "bitmap",
			"file": "minecraft:font/slots/medkit.png",
			"ascent": 32,
			"height": 32,
			"chars": ["\uE516"]
		},
		{
			"type": "bitmap",
			"file": "minecraft:font/slots/unknown.png",
			"ascent": 32,
			"height": 32,
			"chars": ["\uE517"]
		},
		{
			"type": "bitmap",
			"file": "minecraft:font/slots/empty_s.png",
			"ascent": 32,
			"height": 32,
			"chars": ["\uE600"]
		},
		{
			"type": "bitmap",
			"file": "minecraft:font/slots/knife_s.png",
			"ascent": 32,
			"height": 32,
			"chars": ["\uE601"]
		},
		{
			"type": "bitmap",
			"file": "minecraft:font/slots/glock_s.png",
			"ascent": 32,
			"height": 32,
			"chars": ["\uE602"]
		},
		{
			"type": "bitmap",
			"file": "minecraft:font/slots/usp_s.png",
			"ascent": 32,
			"height": 32,
			"chars": ["\uE603"]
		},
		{
			"type": "bitmap",
			"file": "minecraft:font/slots/tec9_s.png",
			"ascent": 32,
			"height": 32,
			"chars": ["\uE604"]
		},
		{
			"type": "bitmap",
			"file": "minecraft:font/slots/deagle_s.png",
			"ascent": 32,
			"height": 32,
			"chars": ["\uE605"]
		},
		{
			"type": "bitmap",
			"file": "minecraft:font/slots/revolver_s.png",
			"ascent": 32,
			"height": 32,
			"chars": ["\uE606"]
		},
		{
			"type": "bitmap",
			"file": "minecraft:font/slots/mac10_s.png",
			"ascent": 32,
			"height": 32,
			"chars": ["\uE607"]
		},
		{
			"type": "bitmap",
			"file": "minecraft:font/slots/mp7_s.png",
			"ascent": 32,
			"height": 32,
			"chars": ["\uE608"]
		},
		{
			"type": "bitmap",
			"file": "minecraft:font/slots/famas_s.png",
			"ascent": 32,
			"height": 32,
			"chars": ["\uE609"]
		},
		{
			"type": "bitmap",
			"file": "minecraft:font/slots/m4a1_s.png",
			"ascent": 32,
			"height": 32,
			"chars": ["\uE60A"]
		},
		{
			"type": "bitmap",
			"file": "minecraft:font/slots/ak47_s.png",
			"ascent": 32,
			"height": 32,
			"chars": ["\uE60B"]
		},
		{
			"type": "bitmap",
			"file": "minecraft:font/slots/xm1014_s.png",
			"ascent": 32,
			"height": 32,
			"chars": ["\uE60C"]
		},
		{
			"type": "bitmap",
			"file": "minecraft:font/slots/nova_s.png",
			"ascent": 32,
			"height": 32,
			"chars": ["\uE60D"]
		},
		{
			"type": "bitmap",
			"file": "minecraft:font/slots/awp_s.png",
			"ascent": 32,
			"height": 32,
			"chars": ["\uE60E"]
		},
		{
			"type": "bitmap",
			"file": "minecraft:font/slots/ssg08_s.png",
			"ascent": 32,
			"height": 32,
			"chars": ["\uE60F"]
		},
		{
			"type": "bitmap",
			"file": "minecraft:font/slots/minigun_s.png",
			"ascent": 32,
			"height": 32,
			"chars": ["\uE610"]
		},
		{
			"type": "bitmap",
			"file": "minecraft:font/slots/g_frag_s.png",
			"ascent": 32,
			"height": 32,
			"chars": ["\uE611"]
		},
		{
			"type": "bitmap",
			"file": "minecraft:font/slots/g_smoke_s.png",
			"ascent": 32,
			"height": 32,
			"chars": ["\uE612"]
		},
		{
			"type": "bitmap",
			"file": "minecraft:font/slots/g_flash_s.png",
			"ascent": 32,
			"height": 32,
			"chars": ["\uE613"]
		},
		{
			"type": "bitmap",
			"file": "minecraft:font/slots/g_fire_s.png",
			"ascent": 32,
			"height": 32,
			"chars": ["\uE614"]
		},
		{
			"type": "bitmap",
			"file": "minecraft:font/slots/g_gas_s.png",
			"ascent": 32,
			"height": 32,
			"chars": ["\uE615"]
		},
		{
			"type": "bitmap",
			"file": "minecraft:font/slots/medkit_s.png",
			"ascent": 32,
			"height": 32,
			"chars": ["\uE616"]
		},
		{
			"type": "bitmap",
			"file": "minecraft:font/slots/unknown_s.png",
			"ascent": 32,
			"height": 32,
			"chars": ["\uE617"]
		}
	]
}