{
    "credit": "Made with Blockbench",
    "textures": {
        "0": "block/polished_blackstone",
        "particle": "other/bullet_hole"
    },
    "elements": [
        {
            "from": [5, 0, 6],
            "to": [11, 2, 10],
            "faces": {
                "north": {"uv": [5, 14, 11, 16], "texture": "#0"},
                "east": {"uv": [6, 14, 10, 16], "texture": "#0"},
                "south": {"uv": [5, 14, 11, 16], "texture": "#0"},
                "west": {"uv": [6, 14, 10, 16], "texture": "#0"},
                "up": {"uv": [5, 10, 11, 6], "texture": "#0"},
                "down": {"uv": [5, 6, 11, 10], "texture": "#0", "cullface": "down"}
            }
        }
    ]
}