{
	"credit": "Made with Blockbench",
	"textures": {
		"0": "guns/ssg08"
	},
	"elements": [
		{
			"from": [7.25, 11.25, -4.4],
			"to": [8.75, 12.75, -3.4],
			"rotation": {"angle": 0, "axis": "y", "origin": [-0.25, 1.5, 1.6]},
			"faces": {
				"east": {"uv": [2, 6.14286, 2.28571, 6.57143], "texture": "#0"},
				"west": {"uv": [2.71429, 6.14286, 3, 6.57143], "texture": "#0"},
				"up": {"uv": [2.71429, 6.14286, 2.28571, 5.85715], "texture": "#0"},
				"down": {"uv": [3.14286, 5.85715, 2.71429, 6.14286], "texture": "#0"}
			}
		},
		{
			"from": [7.5, 11.5, -13.4],
			"to": [8.5, 12.5, 9.6],
			"rotation": {"angle": 0, "axis": "y", "origin": [-0.25, 1.5, 4.6]},
			"faces": {
				"east": {"uv": [0, 6.71429, 6.57143, 7], "texture": "#0"},
				"west": {"uv": [6.85714, 6.71429, 13.42857, 7], "texture": "#0"},
				"up": {"uv": [6.85714, 6.71429, 6.57143, 0.14286], "texture": "#0"},
				"down": {"uv": [7.14286, 0.14286, 6.85714, 6.71429], "texture": "#0"}
			}
		},
		{
			"from": [7.25, 5.725, 16.975],
			"to": [8.75, 10.725, 19.475],
			"rotation": {"angle": -22.5, "axis": "x", "origin": [8, 8.5, 18.35]},
			"faces": {
				"north": {"uv": [0.71429, 0.85715, 1.14286, 2.28572], "texture": "#0"},
				"east": {"uv": [0, 0.85715, 0.71429, 2.28572], "texture": "#0"},
				"south": {"uv": [1.85714, 0.85715, 2.28571, 2.28572], "texture": "#0"},
				"west": {"uv": [1.14286, 0.85715, 1.85714, 2.28572], "texture": "#0"},
				"down": {"uv": [1.57143, 0.14286, 1.14286, 0.85715], "texture": "#0"}
			}
		},
		{
			"from": [7.25, 11.25, -15.4],
			"to": [8.75, 12.75, -13.4],
			"rotation": {"angle": 0, "axis": "y", "origin": [-0.25, 1.5, -4.4]},
			"faces": {
				"north": {"uv": [4.42857, 2.14286, 5, 2.71429], "texture": "#0"},
				"east": {"uv": [6, 1.57143, 5.28572, 2.14286], "texture": "#0"},
				"south": {"uv": [6, 2.14286, 6.57143, 2.71429], "texture": "#0"},
				"west": {"uv": [5.28572, 1.57143, 6, 2.14286], "texture": "#0"},
				"up": {"uv": [5.14285, 2.14287, 4.42857, 1.57143], "rotation": 90, "texture": "#0"},
				"down": {"uv": [6, 1.57143, 5.28572, 2.14286], "rotation": 180, "texture": "#0"}
			}
		},
		{
			"from": [7.25, 11.25, -12.4],
			"to": [8.75, 12.75, -11.4],
			"rotation": {"angle": 0, "axis": "y", "origin": [-0.25, 1.5, 1.6]},
			"faces": {
				"east": {"uv": [2, 6.14286, 2.28571, 6.57143], "texture": "#0"},
				"west": {"uv": [2.71429, 6.14286, 3, 6.57143], "texture": "#0"},
				"up": {"uv": [2.71429, 6.14286, 2.28571, 5.85715], "texture": "#0"},
				"down": {"uv": [3.14286, 5.85715, 2.71429, 6.14286], "texture": "#0"}
			}
		},
		{
			"from": [7.25, 11.25, -8.4],
			"to": [8.75, 12.75, -7.4],
			"rotation": {"angle": 0, "axis": "y", "origin": [-0.25, 1.5, 1.6]},
			"faces": {
				"east": {"uv": [2, 6.14286, 2.28571, 6.57143], "texture": "#0"},
				"west": {"uv": [2.71429, 6.14286, 3, 6.57143], "texture": "#0"},
				"up": {"uv": [2.71429, 6.14286, 2.28571, 5.85715], "texture": "#0"},
				"down": {"uv": [3.14286, 5.85715, 2.71429, 6.14286], "texture": "#0"}
			}
		},
		{
			"from": [7.25, 11.25, -0.4],
			"to": [8.75, 12.75, 0.6],
			"rotation": {"angle": 0, "axis": "y", "origin": [-0.25, 1.5, 1.6]},
			"faces": {
				"east": {"uv": [2, 6.14286, 2.28571, 6.57143], "texture": "#0"},
				"west": {"uv": [2.71429, 6.14286, 3, 6.57143], "texture": "#0"},
				"up": {"uv": [2.71429, 6.14286, 2.28571, 5.85715], "texture": "#0"},
				"down": {"uv": [3.14286, 5.85715, 2.71429, 6.14286], "texture": "#0"}
			}
		},
		{
			"from": [7, 9, 0.6],
			"to": [9, 12, 18.6],
			"rotation": {"angle": 0, "axis": "y", "origin": [0, 1.5, 4.6]},
			"faces": {
				"north": {"uv": [5.14286, 12.14286, 5.71429, 13], "texture": "#0"},
				"east": {"uv": [0, 12.14286, 5.14286, 13], "texture": "#0"},
				"west": {"uv": [5.71429, 12.14286, 10.85714, 13], "texture": "#0"},
				"up": {"uv": [5.71429, 12.14286, 5.14286, 7], "texture": "#0"},
				"down": {"uv": [6.28571, 7, 5.71429, 12.14286], "texture": "#0"}
			}
		},
		{
			"from": [7, 7.5, 22.1],
			"to": [9, 10.5, 26.6],
			"rotation": {"angle": 0, "axis": "y", "origin": [0, 1.5, 4.6]},
			"faces": {
				"east": {"uv": [0.28571, 4.71429, 1.42858, 5.57144], "texture": "#0"},
				"west": {"uv": [2.57142, 4.71429, 3.71429, 5.57144], "texture": "#0"},
				"up": {"uv": [2.28571, 4.42858, 1.71429, 3.28571], "texture": "#0"},
				"down": {"uv": [2.85714, 3.28571, 2.28571, 4.42858], "texture": "#0"}
			}
		},
		{
			"from": [7, 11.5, 22.1],
			"to": [9, 12.5, 26.6],
			"rotation": {"angle": 0, "axis": "y", "origin": [0, 1.5, 4.6]},
			"faces": {
				"north": {"uv": [1.14286, 11.71429, 1.71428, 12.00001], "texture": "#0"},
				"east": {"uv": [0, 11.71429, 1.14286, 12.00001], "texture": "#0"},
				"south": {"uv": [2.85714, 11.71429, 3.42857, 12.00001], "texture": "#0"},
				"west": {"uv": [1.71428, 11.71429, 2.85714, 12.00001], "texture": "#0"},
				"up": {"uv": [0.57142, 11.71429, 0, 10.57143], "texture": "#0"},
				"down": {"uv": [1.14285, 10.57143, 0.57142, 11.71429], "texture": "#0"}
			}
		},
		{
			"from": [7, 10.5, 25.5],
			"to": [7, 11.5, 26],
			"rotation": {"angle": 0, "axis": "y", "origin": [0, 1.5, 4.6]},
			"faces": {
				"east": {"uv": [0, 9.57143, 0.14286, 9.85715], "texture": "#0"},
				"west": {"uv": [0, 9.57143, 0.14286, 9.85715], "texture": "#0"}
			}
		},
		{
			"from": [9, 10.5, 25.5],
			"to": [9, 11.5, 26],
			"rotation": {"angle": 0, "axis": "y", "origin": [0, 1.5, 4.6]},
			"faces": {
				"east": {"uv": [0, 9.57143, 0.14286, 9.85715], "texture": "#0"},
				"west": {"uv": [0, 9.57143, 0.14286, 9.85715], "texture": "#0"}
			}
		},
		{
			"from": [7.001, 6.74353, 18.20089],
			"to": [8.999, 9.49353, 23.20089],
			"rotation": {"angle": 22.5, "axis": "x", "origin": [8, 9.74353, 24.70089]},
			"faces": {
				"east": {"uv": [1, 8.71429, 2.57143, 9.57144], "texture": "#0"},
				"west": {"uv": [3.14285, 8.71429, 4.71429, 9.57144], "texture": "#0"},
				"up": {"uv": [3.14285, 8.71429, 2.57143, 7.14286], "texture": "#0"},
				"down": {"uv": [3.71428, 7.14286, 3.14285, 8.71429], "texture": "#0"}
			}
		},
		{
			"from": [7, 6.5, 27.6],
			"to": [9, 11.5, 29.1],
			"rotation": {"angle": 0, "axis": "y", "origin": [0, 1.5, 4.6]},
			"faces": {
				"east": {"uv": [7.14286, 2.57143, 7.57143, 4], "texture": "#0"},
				"south": {"uv": [8.57143, 2.57143, 9.14286, 4], "texture": "#0"},
				"west": {"uv": [8.14286, 2.57143, 8.57143, 4], "texture": "#0"},
				"up": {"uv": [8.14286, 2.57143, 7.57143, 2.14286], "texture": "#0"},
				"down": {"uv": [8.71429, 2.14286, 8.14286, 2.57143], "texture": "#0"}
			}
		},
		{
			"from": [7, 6.5, 26.6],
			"to": [9, 11.5, 27.6],
			"rotation": {"angle": 0, "axis": "y", "origin": [0, 1.5, 4.6]},
			"faces": {
				"north": {"uv": [3.28572, 9.85714, 3.85715, 11.28571], "texture": "#0"},
				"east": {"uv": [3, 9.85714, 3.28572, 11.28571], "texture": "#0"},
				"west": {"uv": [3.85715, 9.85714, 4.14286, 11.28571], "texture": "#0"},
				"up": {"uv": [3.85715, 9.85714, 3.28572, 9.57143], "texture": "#0"},
				"down": {"uv": [3.85715, 11.28572, 3.28572, 11.57143], "texture": "#0"}
			}
		},
		{
			"from": [7.75, 5, 26.85],
			"to": [8.25, 6.5, 27.35],
			"rotation": {"angle": 0, "axis": "y", "origin": [0, 1.5, 4.6]},
			"faces": {
				"north": {"uv": [4.57143, 9.57143, 4.71429, 10], "texture": "#0"},
				"east": {"uv": [4.57143, 9.57143, 4.71429, 10], "texture": "#0"},
				"south": {"uv": [4.57143, 9.57143, 4.71429, 10], "texture": "#0"},
				"west": {"uv": [4.57143, 9.57143, 4.71429, 10], "texture": "#0"}
			}
		},
		{
			"from": [7.5, 4.5, 26.6],
			"to": [8.5, 5, 27.6],
			"rotation": {"angle": 0, "axis": "y", "origin": [0, 1.5, 4.6]},
			"faces": {
				"north": {"uv": [4.42857, 10, 4.71429, 10.14286], "texture": "#0"},
				"east": {"uv": [4.42857, 10, 4.71429, 10.14286], "texture": "#0"},
				"south": {"uv": [4.42857, 10, 4.71429, 10.14286], "texture": "#0"},
				"west": {"uv": [4.42857, 10, 4.71429, 10.14286], "texture": "#0"},
				"up": {"uv": [4.71429, 10.42857, 4.42857, 10.14286], "texture": "#0"},
				"down": {"uv": [4.71429, 10.14286, 4.42857, 10.42857], "texture": "#0"}
			}
		},
		{
			"from": [7, 7, 7.6],
			"to": [9, 9, 14.6],
			"rotation": {"angle": 0, "axis": "y", "origin": [0, 1.5, 5.1]},
			"faces": {
				"east": {"uv": [10.14286, 5.57143, 8.14286, 6.14286], "texture": "#0"},
				"south": {"uv": [8.57143, 5.57143, 9.14286, 6.14286], "texture": "#0"},
				"west": {"uv": [8.14286, 5.57143, 10.14286, 6.14286], "texture": "#0"},
				"down": {"uv": [8.14286, 6.71429, 10.14286, 6.14286], "rotation": 90, "texture": "#0"}
			}
		},
		{
			"from": [7.001, 6.97739, 0.05079],
			"to": [8.999, 8.47739, 3.05079],
			"rotation": {"angle": 45, "axis": "x", "origin": [0, 1.49731, 5.35269]},
			"faces": {
				"east": {"uv": [9, 7, 9.57143, 7.57143], "texture": "#0"},
				"west": {"uv": [9, 7, 9.57143, 7.57143], "texture": "#0"},
				"down": {"uv": [9, 7.57143, 8.42857, 7], "texture": "#0"}
			}
		},
		{
			"from": [8, 6, 13.1],
			"to": [8, 10, 18.1],
			"rotation": {"angle": 0, "axis": "y", "origin": [0, 1.5, 5.1]},
			"faces": {
				"east": {"uv": [4.28571, 3, 2.85714, 4.14286], "texture": "#0"},
				"west": {"uv": [2.85714, 3, 4.28571, 4.14286], "texture": "#0"}
			}
		},
		{
			"from": [7, 13.75, 5.6],
			"to": [9, 15.75, 8.6],
			"rotation": {"angle": 0, "axis": "z", "origin": [8, 14.75, 12.1]},
			"faces": {
				"north": {"uv": [4.57143, 1, 5.14286, 1.57143], "texture": "#0"},
				"east": {"uv": [3.71429, 1, 4.57143, 1.57143], "texture": "#0"},
				"south": {"uv": [6, 1, 6.57143, 1.57143], "texture": "#0"},
				"west": {"uv": [5.14286, 1, 6, 1.57143], "texture": "#0"},
				"up": {"uv": [5.14286, 1, 4.57143, 0.14286], "texture": "#0"},
				"down": {"uv": [5.71429, 0.14286, 5.14286, 1], "texture": "#0"}
			}
		},
		{
			"from": [7, 13.75, 9.1],
			"to": [9, 15.75, 10.1],
			"rotation": {"angle": 0, "axis": "z", "origin": [8, 14.75, 13.6]},
			"faces": {
				"east": {"uv": [0, 3.28572, 0.28571, 3.85715], "texture": "#0"},
				"west": {"uv": [0.85714, 3.28572, 1.14286, 3.85715], "texture": "#0"},
				"up": {"uv": [0.85714, 3.28572, 0.28571, 3], "texture": "#0"},
				"down": {"uv": [1.42857, 3, 0.85714, 3.28572], "texture": "#0"}
			}
		},
		{
			"from": [7, 13.75, 18.6],
			"to": [9, 15.75, 20.6],
			"rotation": {"angle": 0, "axis": "z", "origin": [8, 14.75, 15.1]},
			"faces": {
				"north": {"uv": [7.71429, 4.57143, 8.28571, 5.14286], "texture": "#0"},
				"east": {"uv": [7.14286, 4.57143, 7.71429, 5.14286], "texture": "#0"},
				"south": {"uv": [8.85714, 4.57143, 9.42857, 5.14286], "texture": "#0"},
				"west": {"uv": [8.28571, 4.57143, 8.85714, 5.14286], "texture": "#0"},
				"up": {"uv": [8.28571, 4.57143, 7.71429, 4], "texture": "#0"},
				"down": {"uv": [8.85714, 4, 8.28571, 4.57143], "texture": "#0"}
			}
		},
		{
			"from": [7, 13.75, 17.1],
			"to": [9, 15.75, 18.1],
			"rotation": {"angle": 0, "axis": "z", "origin": [8, 14.75, 22.6]},
			"faces": {
				"east": {"uv": [0, 4.14286, 0.28571, 4.71429], "texture": "#0"},
				"west": {"uv": [0.85714, 4.14286, 1.14286, 4.71429], "texture": "#0"},
				"up": {"uv": [0.85714, 4.14286, 0.28571, 3.85715], "texture": "#0"},
				"down": {"uv": [1.42857, 3.85715, 0.85714, 4.14286], "texture": "#0"}
			}
		},
		{
			"from": [7.25, 14, 7.6],
			"to": [8.75, 15.5, 20.1],
			"rotation": {"angle": 0, "axis": "z", "origin": [8, 14.75, 14.1]},
			"faces": {
				"east": {"uv": [6.28571, 10.57143, 9.85714, 11], "texture": "#0"},
				"west": {"uv": [10.28571, 10.57143, 13.85714, 11], "texture": "#0"},
				"up": {"uv": [10.28571, 10.57143, 9.85714, 7], "texture": "#0"},
				"down": {"uv": [10.71429, 7, 10.28571, 10.57143], "texture": "#0"}
			}
		},
		{
			"from": [7.24, 13, 11.6],
			"to": [8.76, 15, 16.6],
			"rotation": {"angle": 0, "axis": "y", "origin": [8, 15, 14.1]},
			"faces": {
				"north": {"uv": [8.57143, 1.57143, 9, 2.14286], "texture": "#0"},
				"east": {"uv": [7.14286, 1.57143, 8.57143, 2.14286], "texture": "#0"},
				"south": {"uv": [10.42857, 1.57143, 10.85714, 2.14286], "texture": "#0"},
				"west": {"uv": [9, 1.57143, 10.42857, 2.14286], "texture": "#0"}
			}
		},
		{
			"from": [8.75, 13, 11.6],
			"to": [7.25, 15, 16.6],
			"rotation": {"angle": 0, "axis": "y", "origin": [8, 15, 14.1]},
			"faces": {
				"north": {"uv": [9, 1.57143, 8.57143, 2.14286], "texture": "#0"},
				"east": {"uv": [10.42857, 1.57143, 9, 2.14286], "texture": "#0"},
				"south": {"uv": [10.85714, 1.57143, 10.42857, 2.14286], "texture": "#0"},
				"west": {"uv": [8.57143, 1.57143, 7.14286, 2.14286], "texture": "#0"},
				"up": {"uv": [8.57143, 1.57143, 9, 0.14286], "texture": "#0"},
				"down": {"uv": [9, 0.14286, 9.42857, 1.57143], "texture": "#0"}
			}
		},
		{
			"from": [7, 12, 9.6],
			"to": [9, 13, 18.6],
			"rotation": {"angle": 0, "axis": "y", "origin": [0, 1.5, 4.6]},
			"faces": {
				"north": {"uv": [2.57143, 2.71429, 3.14286, 3], "texture": "#0"},
				"east": {"uv": [0, 2.71429, 2.57143, 3], "texture": "#0"},
				"south": {"uv": [5.71429, 2.71429, 6.28571, 3], "texture": "#0"},
				"west": {"uv": [3.14286, 2.71429, 5.71429, 3], "texture": "#0"},
				"up": {"uv": [3.14286, 2.71429, 2.57143, 0.14286], "texture": "#0"}
			}
		},
		{
			"from": [8.75, 11.35, 15.6],
			"to": [9.75, 11.85, 15.6],
			"rotation": {"angle": -22.5, "axis": "z", "origin": [9, 11.5, 17.6]},
			"faces": {
				"north": {"uv": [1, 2.28572, 0.71429, 2.42857], "texture": "#0"},
				"south": {"uv": [0.71429, 2.28572, 1, 2.42857], "texture": "#0"}
			}
		},
		{
			"from": [9.75, 11.35, 15.35],
			"to": [10.75, 11.85, 15.85],
			"rotation": {"angle": -22.5, "axis": "z", "origin": [9, 11.5, 17.6]},
			"faces": {
				"north": {"uv": [0.14286, 2.42857, 0.42857, 2.57143], "texture": "#0"},
				"east": {"uv": [0, 2.42857, 0.14286, 2.57143], "texture": "#0"},
				"south": {"uv": [0.57143, 2.42857, 0.85714, 2.57143], "texture": "#0"},
				"west": {"uv": [0.42857, 2.42857, 0.57143, 2.57143], "texture": "#0"},
				"up": {"uv": [0.42857, 2.42857, 0.14286, 2.28572], "texture": "#0"},
				"down": {"uv": [0.71429, 2.28572, 0.42857, 2.42857], "texture": "#0"}
			}
		},
		{
			"from": [7.25, 5.5, 8.1],
			"to": [8.75, 9, 12.6],
			"rotation": {"angle": 0, "axis": "y", "origin": [7.75, 7, 10.85]},
			"faces": {
				"north": {"uv": [7.57143, 8.28572, 8, 9.28572], "texture": "#0"},
				"east": {"uv": [6.28571, 8.28572, 7.57143, 9.28572], "texture": "#0"},
				"south": {"uv": [9.28571, 8.28572, 9.71429, 9.28572], "texture": "#0"},
				"west": {"uv": [8, 8.28572, 9.28571, 9.28572], "texture": "#0"},
				"down": {"uv": [8.42857, 7, 8, 8.28572], "texture": "#0"}
			}
		},
		{
			"from": [7.5, 9, -0.4],
			"to": [8.5, 10, 0.6],
			"rotation": {"angle": 0, "axis": "y", "origin": [0, 1.5, 0.5]},
			"faces": {
				"north": {"uv": [0.28571, 13, 0.57143, 13.28572], "rotation": 90, "texture": "#0"},
				"east": {"uv": [0.28571, 13, 0, 13.28572], "texture": "#0"},
				"west": {"uv": [0, 13, 0.28571, 13.28572], "texture": "#0"},
				"up": {"uv": [0.28571, 13, 0.57143, 13.28572], "rotation": 90, "texture": "#0"},
				"down": {"uv": [0.28571, 13, 0.57143, 13.28572], "rotation": 270, "texture": "#0"}
			}
		},
		{
			"from": [7.5, 9, -7.4],
			"to": [7.5, 9.5, -0.4],
			"rotation": {"angle": 0, "axis": "y", "origin": [0, 1.5, 0.5]},
			"faces": {
				"east": {"uv": [0.57143, 13, 2.42857, 13.14286], "texture": "#0"},
				"west": {"uv": [0.57143, 13, 2.42857, 13.14286], "texture": "#0"}
			}
		},
		{
			"from": [8.5, 9, -7.4],
			"to": [8.5, 9.5, -0.4],
			"rotation": {"angle": 0, "axis": "y", "origin": [0, 1.5, 0.5]},
			"faces": {
				"east": {"uv": [0.57143, 13, 2.42857, 13.14286], "texture": "#0"},
				"west": {"uv": [0.57143, 13, 2.42857, 13.14286], "texture": "#0"}
			}
		}
	],
	"gui_light": "front",
	"display": {
		"thirdperson_righthand": {
			"rotation": [8, -12, 0],
			"translation": [0, 0.5, -4.75],
			"scale": [0.7, 0.7, 0.7]
		},
		"thirdperson_lefthand": {
			"rotation": [8, -12, 0],
			"translation": [0, 0.5, -4.75],
			"scale": [0.7, 0.7, 0.7]
		},
		"firstperson_righthand": {
			"rotation": [-2, -14, 0],
			"translation": [8.25, 0, -5.8]
		},
		"firstperson_lefthand": {
			"rotation": [-2, -14, 0],
			"translation": [8.25, 0, -5.8]
		},
		"ground": {
			"rotation": [0, 0, 90],
			"translation": [0, -3, 0]
		},
		"gui": {
			"rotation": [20, 145, 0],
			"translation": [0.25, -2, 0],
			"scale": [0, 0, 0]
		}
	},
	"groups": [
		{
			"name": "ssg08",
			"origin": [0, 4.5, 0],
			"color": 0,
			"children": [0, 1, 2, 3, 4, 5, 6, 7, 8, 9, 10, 11, 12, 13, 14, 15, 16, 17, 18, 19, 20, 21, 22, 23, 24, 25, 26, 27, 28, 29, 30, 31, 32, 33]
		}
	]
}