{
  "model": {
    "type": "minecraft:range_dispatch",
    "property": "minecraft:custom_model_data",
    "entries": [
      { "threshold": 1, "model": {
          "type": "minecraft:select",
          "property": "minecraft:charge_type",
          "cases": [
            { "when": "arrow", "model": { "type": "minecraft:model", "model": "guns/glock18/glock18_loaded" } },
            { "when": "rocket", "model": { "type": "minecraft:model", "model": "guns/glock18/glock18_loaded" } }
          ],
          "fallback": { "type": "minecraft:model", "model": "guns/glock18/glock18" }
      } },
      { "threshold": 2, "model": {
          "type": "minecraft:select",
          "property": "minecraft:charge_type",
          "cases": [
            { "when": "arrow", "model": { "type": "minecraft:model", "model": "guns/ak47/ak47_loaded" } },
            { "when": "rocket", "model": { "type": "minecraft:model", "model": "guns/ak47/ak47_loaded" } }
          ],
          "fallback": { "type": "minecraft:model", "model": "guns/ak47/ak47" }
      } },
      { "threshold": 3, "model": {
          "type": "minecraft:select",
          "property": "minecraft:charge_type",
          "cases": [
            { "when": "arrow", "model": { "type": "minecraft:model", "model": "guns/mac10/mac10_loaded" } },
            { "when": "rocket", "model": { "type": "minecraft:model", "model": "guns/mac10/mac10_loaded" } }
          ],
          "fallback": { "type": "minecraft:model", "model": "guns/mac10/mac10" }
      } },
      { "threshold": 4, "model": {
          "type": "minecraft:select",
          "property": "minecraft:charge_type",
          "cases": [
            { "when": "arrow", "model": { "type": "minecraft:model", "model": "guns/xm1014/xm1014_loaded" } },
            { "when": "rocket", "model": { "type": "minecraft:model", "model": "guns/xm1014/xm1014_loaded" } }
          ],
          "fallback": { "type": "minecraft:model", "model": "guns/xm1014/xm1014" }
      } },
      { "threshold": 5, "model": {
          "type": "minecraft:select",
          "property": "minecraft:charge_type",
          "cases": [
            { "when": "arrow", "model": { "type": "minecraft:model", "model": "guns/usps/usps_loaded" } },
            { "when": "rocket", "model": { "type": "minecraft:model", "model": "guns/usps/usps_loaded" } }
          ],
          "fallback": { "type": "minecraft:model", "model": "guns/usps/usps" }
      } },
      { "threshold": 6, "model": {
          "type": "minecraft:select",
          "property": "minecraft:charge_type",
          "cases": [
            { "when": "arrow", "model": { "type": "minecraft:model", "model": "guns/deagle/deagle_loaded" } },
            { "when": "rocket", "model": { "type": "minecraft:model", "model": "guns/deagle/deagle_loaded" } }
          ],
          "fallback": { "type": "minecraft:model", "model": "guns/deagle/deagle" }
      } },
      { "threshold": 7, "model": {
          "type": "minecraft:select",
          "property": "minecraft:charge_type",
          "cases": [
            { "when": "arrow", "model": { "type": "minecraft:model", "model": "guns/m4a1s/m4a1s_loaded" } },
            { "when": "rocket", "model": { "type": "minecraft:model", "model": "guns/m4a1s/m4a1s_loaded" } }
          ],
          "fallback": { "type": "minecraft:model", "model": "guns/m4a1s/m4a1s" }
      } },
      { "threshold": 8, "model": {
          "type": "minecraft:select",
          "property": "minecraft:charge_type",
          "cases": [
            { "when": "arrow", "model": { "type": "minecraft:model", "model": "guns/famas/famas_loaded" } },
            { "when": "rocket", "model": { "type": "minecraft:model", "model": "guns/famas/famas_loaded" } }
          ],
          "fallback": { "type": "minecraft:model", "model": "guns/famas/famas" }
      } },
      { "threshold": 9, "model": {
          "type": "minecraft:select",
          "property": "minecraft:charge_type",
          "cases": [
            { "when": "arrow", "model": { "type": "minecraft:model", "model": "guns/tec9/tec9_loaded" } },
            { "when": "rocket", "model": { "type": "minecraft:model", "model": "guns/tec9/tec9_loaded" } }
          ],
          "fallback": { "type": "minecraft:model", "model": "guns/tec9/tec9" }
      } },
      { "threshold": 10, "model": {
          "type": "minecraft:select",
          "property": "minecraft:charge_type",
          "cases": [
            { "when": "arrow", "model": { "type": "minecraft:model", "model": "guns/nova/nova_loaded" } },
            { "when": "rocket", "model": { "type": "minecraft:model", "model": "guns/nova/nova_loaded" } }
          ],
          "fallback": { "type": "minecraft:model", "model": "guns/nova/nova" }
      } },
      { "threshold": 11, "model": {
          "type": "minecraft:select",
          "property": "minecraft:charge_type",
          "cases": [
            { "when": "arrow", "model": { "type": "minecraft:model", "model": "guns/minigun/minigun_loaded" } },
            { "when": "rocket", "model": { "type": "minecraft:model", "model": "guns/minigun/minigun_loaded" } }
          ],
          "fallback": { "type": "minecraft:model", "model": "guns/minigun/minigun" }
      } },
      { "threshold": 12, "model": {
          "type": "minecraft:select",
          "property": "minecraft:charge_type",
          "cases": [
            { "when": "arrow", "model": { "type": "minecraft:model", "model": "guns/revolver/revolver_loaded" } },
            { "when": "rocket", "model": { "type": "minecraft:model", "model": "guns/revolver/revolver_loaded" } }
          ],
          "fallback": { "type": "minecraft:model", "model": "guns/revolver/revolver" }
      } },
      { "threshold": 13, "model": {
          "type": "minecraft:select",
          "property": "minecraft:charge_type",
          "cases": [
            { "when": "arrow", "model": { "type": "minecraft:model", "model": "guns/mp7/mp7_loaded" } },
            { "when": "rocket", "model": { "type": "minecraft:model", "model": "guns/mp7/mp7_loaded" } }
          ],
          "fallback": { "type": "minecraft:model", "model": "guns/mp7/mp7" }
      } },
      { "threshold": 14, "model": {
          "type": "minecraft:select",
          "property": "minecraft:charge_type",
          "cases": [
            { "when": "arrow", "model": { "type": "minecraft:model", "model": "guns/awp/awp_loaded" } },
            { "when": "rocket", "model": { "type": "minecraft:model", "model": "guns/awp/awp_loaded" } }
          ],
          "fallback": { "type": "minecraft:model", "model": "guns/awp/awp" }
      } },
      { "threshold": 15, "model": {
          "type": "minecraft:select",
          "property": "minecraft:charge_type",
          "cases": [
            { "when": "arrow", "model": { "type": "minecraft:model", "model": "guns/ssg08/ssg08_loaded" } },
            { "when": "rocket", "model": { "type": "minecraft:model", "model": "guns/ssg08/ssg08_loaded" } }
          ],
          "fallback": { "type": "minecraft:model", "model": "guns/ssg08/ssg08" }
      } },
      { "threshold": 101, "model": { "type": "minecraft:model", "model": "guns/glock18/glock18_icon" } },
      { "threshold": 102, "model": { "type": "minecraft:model", "model": "guns/ak47/ak47_icon" } },
      { "threshold": 103, "model": { "type": "minecraft:model", "model": "guns/mac10/mac10_icon" } },
      { "threshold": 104, "model": { "type": "minecraft:model", "model": "guns/xm1014/xm1014_icon" } },
      { "threshold": 105, "model": { "type": "minecraft:model", "model": "guns/usps/usps_icon" } },
      { "threshold": 106, "model": { "type": "minecraft:model", "model": "guns/deagle/deagle_icon" } },
      { "threshold": 107, "model": { "type": "minecraft:model", "model": "guns/m4a1s/m4a1s_icon" } },
      { "threshold": 108, "model": { "type": "minecraft:model", "model": "guns/famas/famas_icon" } },
      { "threshold": 109, "model": { "type": "minecraft:model", "model": "guns/tec9/tec9_icon" } },
      { "threshold": 110, "model": { "type": "minecraft:model", "model": "guns/nova/nova_icon" } },
      { "threshold": 111, "model": { "type": "minecraft:model", "model": "guns/minigun/minigun_icon" } },
      { "threshold": 112, "model": { "type": "minecraft:model", "model": "guns/revolver/revolver_icon" } },
      { "threshold": 113, "model": { "type": "minecraft:model", "model": "guns/mp7/mp7_icon" } },
      { "threshold": 114, "model": { "type": "minecraft:model", "model": "guns/awp/awp_icon" } },
      { "threshold": 115, "model": { "type": "minecraft:model", "model": "guns/ssg08/ssg08_icon" } }
    ],
    "fallback": {
      "type": "minecraft:condition",
      "property": "minecraft:using_item",
      "on_false": {
        "type": "minecraft:select",
        "property": "minecraft:charge_type",
        "cases": [
          { "when": "arrow", "model": { "type": "minecraft:model", "model": "minecraft:item/crossbow_arrow" } },
          { "when": "rocket", "model": { "type": "minecraft:model", "model": "minecraft:item/crossbow_firework" } }
        ],
        "fallback": { "type": "minecraft:model", "model": "minecraft:item/crossbow" }
      },
      "on_true": {
        "type": "minecraft:range_dispatch",
        "property": "minecraft:crossbow/pull",
        "entries": [
          { "threshold": 0.58, "model": { "type": "minecraft:model", "model": "minecraft:item/crossbow_pulling_1" } },
          { "threshold": 1.0, "model": { "type": "minecraft:model", "model": "minecraft:item/crossbow_pulling_2" } }
        ],
        "fallback": { "type": "minecraft:model", "model": "minecraft:item/crossbow_pulling_0" }
      }
    }
  }
}
