{
	"credit": "Made with Blockbench",
	"ambientocclusion": false,
	"texture_size": [128, 128],
	"textures": {
		"0": "other/skybox/sky1/1",
		"1": "other/skybox/sky1/2",
		"2": "other/skybox/sky1/3",
		"3": "other/skybox/sky1/4",
		"4": "other/skybox/sky1/5",
		"5": "other/skybox/sky1/6",
		"particle": "other/empty_cell"
	},
	"elements": [
		{
			"from": [0, 0, 0],
			"to": [16, 16, 0],
			"faces": {
				"south": {"uv": [0, 0, 16, 16], "texture": "#1"}
			}
		},
		{
			"from": [0, 0, 16],
			"to": [16, 16, 16],
			"rotation": {"angle": 0, "axis": "y", "origin": [0, 0, 16]},
			"faces": {
				"north": {"uv": [0, 0, 16, 16], "texture": "#3"}
			}
		},
		{
			"from": [0, 0, 0],
			"to": [0, 16, 16],
			"faces": {
				"east": {"uv": [0, 0, 16, 16], "texture": "#0"}
			}
		},
		{
			"from": [16, 0, 0],
			"to": [16, 16, 16],
			"rotation": {"angle": 0, "axis": "y", "origin": [16, 0, 0]},
			"faces": {
				"west": {"uv": [0, 0, 16, 16], "texture": "#2"}
			}
		},
		{
			"from": [0, 0, 0],
			"to": [16, 0, 16],
			"faces": {
				"up": {"uv": [0, 0, 16, 16], "texture": "#5"}
			}
		},
		{
			"from": [0, 16, 0],
			"to": [16, 16, 16],
			"rotation": {"angle": 0, "axis": "y", "origin": [0, 16, 0]},
			"faces": {
				"down": {"uv": [0, 0, 16, 16], "texture": "#4"}
			}
		}
	],
	"shade": false
}