{
	"credit": "Made with Blockbench",
	"texture_size": [48, 48],
	"textures": {
		"0": "other/gas_grenade",
		"particle": "other/gas_grenade"
	},
	"elements": [
		{
			"from": [4, 4, 4],
			"to": [16, 12, 12],
			"rotation": {"angle": 0, "axis": "z", "origin": [8, 8, 8]},
			"faces": {
				"north": {"uv": [0, 0.33333, 2.66667, 4.33333], "rotation": 90, "texture": "#0"},
				"east": {"uv": [8.66667, 8.33333, 6, 11], "rotation": 270, "texture": "#0"},
				"south": {"uv": [0, 4.33333, 2.66667, 8.33333], "rotation": 270, "texture": "#0"},
				"west": {"uv": [6, 11, 3.33333, 8.33333], "rotation": 270, "texture": "#0"},
				"up": {"uv": [2.66667, 0.33333, 5.33333, 4.33333], "rotation": 270, "texture": "#0"},
				"down": {"uv": [2.66667, 4.33333, 5.33333, 8.33333], "rotation": 270, "texture": "#0"}
			}
		},
		{
			"from": [0, 6, 6],
			"to": [4, 10, 10],
			"rotation": {"angle": 0, "axis": "z", "origin": [8, 8, 8]},
			"faces": {
				"north": {"uv": [8.66667, 8.33333, 10, 9.66666], "rotation": 90, "texture": "#0"},
				"south": {"uv": [9.33333, 0.33333, 10.66667, 1.66666], "rotation": 270, "texture": "#0"},
				"west": {"uv": [10.66667, 4.33333, 9.33333, 3], "rotation": 270, "texture": "#0"},
				"up": {"uv": [8.66667, 9.66666, 10, 11], "rotation": 270, "texture": "#0"},
				"down": {"uv": [9.33333, 1.66666, 10.66667, 3], "rotation": 270, "texture": "#0"}
			}
		},
		{
			"from": [0, 10, 8],
			"to": [16, 15, 8],
			"rotation": {"angle": 0, "axis": "z", "origin": [8, 8, 8]},
			"faces": {
				"north": {"uv": [0, 8.33333, 1.66667, 13.66666], "rotation": 90, "texture": "#0"},
				"south": {"uv": [1.66667, 8.33333, 3.33333, 13.66666], "rotation": 270, "texture": "#0"}
			}
		},
		{
			"from": [4.1, 5, 5],
			"to": [15.9, 11, 11],
			"rotation": {"angle": 0, "axis": "z", "origin": [8, 8, 8]},
			"faces": {
				"north": {"uv": [5.33333, 0.33333, 7.33333, 4.33333], "rotation": 90, "texture": "#0"},
				"south": {"uv": [7.33333, 0.33333, 9.33333, 4.33333], "rotation": 270, "texture": "#0"},
				"up": {"uv": [5.33333, 4.33333, 7.33333, 8.33333], "rotation": 270, "texture": "#0"},
				"down": {"uv": [7.33333, 4.33333, 9.33333, 8.33333], "rotation": 270, "texture": "#0"}
			}
		}
	],
	"display": {
		"thirdperson_righthand": {
			"rotation": [0, -90, -90],
			"translation": [0, -0.5, 0],
			"scale": [0.35, 0.35, 0.35]
		},
		"thirdperson_lefthand": {
			"rotation": [0, 90, 90],
			"translation": [0, -0.5, 0],
			"scale": [0.35, 0.35, 0.35]
		},
		"firstperson_righthand": {
			"rotation": [0, 0, -90],
			"translation": [0, 1.25, 0],
			"scale": [0.35, 0.35, 0.35]
		},
		"firstperson_lefthand": {
			"rotation": [180, 0, -90],
			"translation": [0, 1.25, 0],
			"scale": [0.35, 0.35, 0.35]
		},
		"ground": {
			"scale": [0.8, 0.8, 0.8]
		},
		"gui": {
			"rotation": [0, -30, -120],
			"scale": [0.8, 0.8, 0.8]
		}
	}
}