{
	"credit": "Made with Blockbench",
	"texture_size": [64, 32],
	"textures": {
		"0": "other/n_glass",
		"2": "other/n_helmet",
		"particle": "other/n_helmet"
	},
	"elements": [
		{
			"from": [4, 2, 4],
			"to": [12, 10, 4],
			"rotation": {"angle": 0, "axis": "y", "origin": [12, 10, 12]},
			"faces": {
				"north": {"uv": [2, 4, 4, 8], "texture": "#0"},
				"east": {"uv": [0, 12, 4, 16], "texture": "#0"},
				"south": {"uv": [4, 4, 2, 8], "texture": "#0"},
				"west": {"uv": [8, 12, 12, 16], "texture": "#0"},
				"up": {"uv": [4, 8, 8, 12], "rotation": 180, "texture": "#0"},
				"down": {"uv": [8, 8, 12, 12], "texture": "#0"}
			}
		},
		{
			"from": [4, 2, 12],
			"to": [12, 10, 12],
			"rotation": {"angle": 0, "axis": "y", "origin": [12, 10, 20]},
			"faces": {
				"north": {"uv": [8, 4, 6, 8], "texture": "#0"},
				"east": {"uv": [0, 12, 4, 16], "texture": "#0"},
				"south": {"uv": [6, 4, 8, 8], "texture": "#0"},
				"west": {"uv": [8, 12, 12, 16], "texture": "#0"},
				"up": {"uv": [4, 8, 8, 12], "rotation": 180, "texture": "#0"},
				"down": {"uv": [8, 8, 12, 12], "texture": "#0"}
			}
		},
		{
			"from": [4, 2, 4],
			"to": [4, 10, 12],
			"rotation": {"angle": 0, "axis": "y", "origin": [12, 10, 12]},
			"faces": {
				"north": {"uv": [4, 12, 8, 16], "texture": "#0"},
				"east": {"uv": [6, 4, 4, 8], "texture": "#0"},
				"south": {"uv": [12, 12, 16, 16], "texture": "#0"},
				"west": {"uv": [4, 4, 6, 8], "texture": "#0"},
				"up": {"uv": [4, 8, 8, 12], "rotation": 180, "texture": "#0"},
				"down": {"uv": [8, 8, 12, 12], "texture": "#0"}
			}
		},
		{
			"from": [12, 2, 4],
			"to": [12, 10, 12],
			"rotation": {"angle": 0, "axis": "y", "origin": [20, 10, 12]},
			"faces": {
				"north": {"uv": [16, 12, 12, 16], "texture": "#0"},
				"east": {"uv": [0, 4, 2, 8], "texture": "#0"},
				"south": {"uv": [12, 12, 16, 16], "texture": "#0"},
				"west": {"uv": [0, 4, 2, 8], "texture": "#0"},
				"up": {"uv": [4, 8, 8, 12], "rotation": 180, "texture": "#0"},
				"down": {"uv": [8, 8, 12, 12], "texture": "#0"}
			}
		},
		{
			"from": [4, 10, 4],
			"to": [12, 10, 12],
			"rotation": {"angle": 0, "axis": "y", "origin": [12, 18, 12]},
			"faces": {
				"north": {"uv": [4, 12, 8, 16], "texture": "#0"},
				"east": {"uv": [0, 12, 4, 16], "texture": "#0"},
				"south": {"uv": [12, 12, 16, 16], "texture": "#0"},
				"west": {"uv": [8, 12, 12, 16], "texture": "#0"},
				"up": {"uv": [2, 0, 4, 4], "rotation": 180, "texture": "#0"},
				"down": {"uv": [4, 0, 2, 4], "texture": "#0"}
			}
		},
		{
			"from": [7, 6, 2],
			"to": [9, 8, 4],
			"rotation": {"angle": 0, "axis": "y", "origin": [13, 13, 10]},
			"faces": {
				"north": {"uv": [0, 0, 0.5, 1], "texture": "#0"},
				"east": {"uv": [0.5, 0, 1, 1], "rotation": 180, "texture": "#0"},
				"west": {"uv": [0.5, 0, 1, 1], "texture": "#0"},
				"up": {"uv": [1, 0, 0.5, 1], "rotation": 270, "texture": "#0"},
				"down": {"uv": [0.5, 0, 1, 1], "rotation": 270, "texture": "#0"}
			}
		},
		{
			"from": [6.75, 5.75, 3],
			"to": [9.25, 5.75, 4],
			"rotation": {"angle": 0, "axis": "y", "origin": [12.75, 12.75, 11]},
			"faces": {
				"north": {"uv": [12, 8, 13, 9], "texture": "#0"},
				"east": {"uv": [13.5, 8, 14, 9], "texture": "#0"},
				"south": {"uv": [12, 12, 16, 16], "texture": "#0"},
				"west": {"uv": [13.5, 8, 14, 9], "texture": "#0"},
				"up": {"uv": [13, 8, 13.5, 9], "rotation": 90, "texture": "#0"},
				"down": {"uv": [13.5, 8, 14, 9], "rotation": 90, "texture": "#0"}
			}
		},
		{
			"from": [6.75, 8.25, 3],
			"to": [9.25, 8.25, 4],
			"rotation": {"angle": 0, "axis": "y", "origin": [12.75, 15.25, 11]},
			"faces": {
				"north": {"uv": [12, 8, 13, 9], "texture": "#0"},
				"east": {"uv": [13.5, 8, 14, 9], "texture": "#0"},
				"south": {"uv": [12, 12, 16, 16], "texture": "#0"},
				"west": {"uv": [13.5, 8, 14, 9], "texture": "#0"},
				"up": {"uv": [13, 8, 13.5, 9], "rotation": 90, "texture": "#0"},
				"down": {"uv": [13.5, 8, 14, 9], "rotation": 90, "texture": "#0"}
			}
		},
		{
			"from": [6.75, 5.75, 3],
			"to": [6.75, 8.25, 4],
			"rotation": {"angle": 0, "axis": "y", "origin": [12.75, 12.75, 11]},
			"faces": {
				"north": {"uv": [12, 8, 13, 9], "texture": "#0"},
				"east": {"uv": [13.5, 8, 14, 9], "texture": "#0"},
				"south": {"uv": [12, 12, 16, 16], "texture": "#0"},
				"west": {"uv": [13.5, 8, 14, 9], "texture": "#0"},
				"up": {"uv": [13, 8, 13.5, 9], "rotation": 90, "texture": "#0"},
				"down": {"uv": [13.5, 8, 14, 9], "rotation": 90, "texture": "#0"}
			}
		},
		{
			"from": [6.75, 5.75, 3.75],
			"to": [9.25, 8.25, 3.75],
			"rotation": {"angle": 0, "axis": "y", "origin": [12.75, 12.75, 11.75]},
			"faces": {
				"north": {"uv": [13, 8, 14, 9], "texture": "#0"},
				"east": {"uv": [13.5, 8, 14, 9], "texture": "#0"},
				"south": {"uv": [13, 8, 14, 9], "texture": "#0"},
				"west": {"uv": [13.5, 8, 14, 9], "texture": "#0"},
				"up": {"uv": [13, 8, 13.5, 9], "rotation": 90, "texture": "#0"},
				"down": {"uv": [13.5, 8, 14, 9], "rotation": 90, "texture": "#0"}
			}
		},
		{
			"from": [9.25, 5.75, 3],
			"to": [9.25, 8.25, 4],
			"rotation": {"angle": 0, "axis": "y", "origin": [15.25, 12.75, 11]},
			"faces": {
				"north": {"uv": [12, 8, 13, 9], "texture": "#0"},
				"east": {"uv": [13.5, 8, 14, 9], "texture": "#0"},
				"south": {"uv": [12, 12, 16, 16], "texture": "#0"},
				"west": {"uv": [13.5, 8, 14, 9], "texture": "#0"},
				"up": {"uv": [13, 8, 13.5, 9], "rotation": 90, "texture": "#0"},
				"down": {"uv": [13.5, 8, 14, 9], "rotation": 90, "texture": "#0"}
			}
		},
		{
			"from": [4.1, 2.1, 4.1],
			"to": [11.9, 9.9, 4.1],
			"rotation": {"angle": 0, "axis": "y", "origin": [8, 6, 8]},
			"faces": {
				"north": {"uv": [4, 8, 8, 16], "texture": "#2"},
				"south": {"uv": [8, 8, 4, 16], "texture": "#2"}
			}
		},
		{
			"from": [4.1, 2.1, 4.1],
			"to": [4.1, 9.9, 11.9],
			"rotation": {"angle": 0, "axis": "y", "origin": [8, 6, 8]},
			"faces": {
				"east": {"uv": [12, 8, 8, 16], "texture": "#2"},
				"west": {"uv": [8, 8, 12, 16], "texture": "#2"}
			}
		},
		{
			"from": [4.1, 2.1, 11.9],
			"to": [11.9, 9.9, 11.9],
			"rotation": {"angle": 0, "axis": "y", "origin": [8, 6, 8]},
			"faces": {
				"north": {"uv": [16, 8, 12, 16], "texture": "#2"},
				"south": {"uv": [12, 8, 16, 16], "texture": "#2"}
			}
		},
		{
			"from": [11.9, 2.1, 4.1],
			"to": [11.9, 9.9, 11.9],
			"rotation": {"angle": 0, "axis": "y", "origin": [8, 6, 8]},
			"faces": {
				"east": {"uv": [0, 8, 4, 16], "texture": "#2"},
				"west": {"uv": [4, 8, 0, 16], "texture": "#2"}
			}
		},
		{
			"from": [4.1, 9.9, 4.1],
			"to": [11.9, 9.9, 11.9],
			"rotation": {"angle": 0, "axis": "y", "origin": [8, 6, 8]},
			"faces": {
				"up": {"uv": [4, 0, 8, 8], "rotation": 270, "texture": "#2"},
				"down": {"uv": [8, 0, 4, 8], "rotation": 270, "texture": "#2"}
			}
		}
	],
	"display": {
		"thirdperson_righthand": {
			"rotation": [-5, 5.5, 5],
			"translation": [0, 1.25, -3.25]
		},
		"thirdperson_lefthand": {
			"rotation": [-5, 5.5, 5],
			"translation": [0, 1.25, -3.25]
		},
		"firstperson_righthand": {
			"rotation": [-35, 0, 0]
		},
		"firstperson_lefthand": {
			"rotation": [-35, 0, 0]
		},
		"ground": {
			"translation": [0, 2.75, 0]
		},
		"gui": {
			"rotation": [30, 132, 0],
			"translation": [0.25, 1.5, 0],
			"scale": [1.2, 1.2, 1.2]
		},
		"head": {
			"translation": [0, 3.75, 0],
			"scale": [1.9, 1.9, 1.9]
		},
		"fixed": {
			"rotation": [-90, 0, 0],
			"translation": [0, 0, -4.75],
			"scale": [1.58, 1.58, 1.58]
		}
	},
	"groups": [
		{
			"name": "n_glass",
			"origin": [15.25, 12.75, 11],
			"color": 0,
			"children": [0, 1, 2, 3, 4, 5, 6, 7, 8, 9, 10]
		},
		{
			"name": "helmet",
			"origin": [8, 8, 8],
			"color": 0,
			"children": [11, 12, 13, 14, 15]
		}
	]
}