{
  "model": {
    "type": "minecraft:range_dispatch",
    "property": "minecraft:custom_model_data",
    "entries": [
      { "threshold": 1, "model": { "type": "minecraft:model", "model": "other/slot_empty" } },
      { "threshold": 2, "model": { "type": "minecraft:model", "model": "other/slot_blend" } },
      { "threshold": 3, "model": { "type": "minecraft:model", "model": "other/slot_screen" } }
    ],
    "fallback": { "type": "minecraft:model", "model": "minecraft:item/light_gray_stained_glass_pane" }
  }
}