{
  "model": {
    "type": "minecraft:range_dispatch",
    "property": "minecraft:custom_model_data",
    "entries": [
      { "threshold": 1, "model": { "type": "minecraft:model", "model": "other/medpack/medpack", "tints": [ { "type": "minecraft:potion", "default": 0 } ] } },
      { "threshold": 101, "model": { "type": "minecraft:model", "model": "other/medpack/medpack_icon", "tints": [ { "type": "minecraft:potion", "default": 0 } ] } }
    ],
    "fallback": { 
      "type": "minecraft:model",
      "model": "minecraft:item/potion",
      "tints": [
        { "type": "minecraft:potion", "default": -13083194 }
      ] 
    }
  }
}