{
  "model": {
    "type": "minecraft:range_dispatch",
    "property": "minecraft:custom_model_data",
    "entries": [
      { "threshold": 1, "model": { "type": "minecraft:model", "model": "objmc/glock18_idle", "tints": [ { "type": "minecraft:potion", "default": 0 } ] } },
      { "threshold": 101, "model": { "type": "minecraft:model", "model": "objmc/glock18_shoot", "tints": [ { "type": "minecraft:potion", "default": 0 } ] } },
      { "threshold": 201, "model": { "type": "minecraft:model", "model": "objmc/glock18_reload", "tints": [ { "type": "minecraft:potion", "default": 0 } ] } }
    ],
    "fallback": { "type": "minecraft:model", "model": "minecraft:item/potion", "tints": [ { "type": "minecraft:potion", "default": -13083194 } ] }
  }
}
