{
  "model": {
    "type": "minecraft:range_dispatch",
    "property": "minecraft:custom_model_data",
    "entries": [
      { "threshold": 1, "model": { "type": "minecraft:model", "model": "objmc/glock18_idle", "tints": [ { "type": "minecraft:potion", "default": 0 } ] } },
      { "threshold": 2, "model": { "type": "minecraft:model", "model": "objmc/usps_idle", "tints": [ { "type": "minecraft:potion", "default": 0 } ] } },
      { "threshold": 3, "model": { "type": "minecraft:model", "model": "objmc/tec9_idle", "tints": [ { "type": "minecraft:potion", "default": 0 } ] } },
      { "threshold": 4, "model": { "type": "minecraft:model", "model": "objmc/deagle_idle", "tints": [ { "type": "minecraft:potion", "default": 0 } ] } },
      { "threshold": 5, "model": { "type": "minecraft:model", "model": "objmc/revolver_idle", "tints": [ { "type": "minecraft:potion", "default": 0 } ] } },
      { "threshold": 6, "model": { "type": "minecraft:model", "model": "objmc/mac10_idle", "tints": [ { "type": "minecraft:potion", "default": 0 } ] } },
      { "threshold": 7, "model": { "type": "minecraft:model", "model": "objmc/mp7_idle", "tints": [ { "type": "minecraft:potion", "default": 0 } ] } },
      { "threshold": 8, "model": { "type": "minecraft:model", "model": "objmc/famas_idle", "tints": [ { "type": "minecraft:potion", "default": 0 } ] } },
      { "threshold": 9, "model": { "type": "minecraft:model", "model": "objmc/m4a1s_idle", "tints": [ { "type": "minecraft:potion", "default": 0 } ] } },
      { "threshold": 10, "model": { "type": "minecraft:model", "model": "objmc/ak47_idle", "tints": [ { "type": "minecraft:potion", "default": 0 } ] } },
      { "threshold": 11, "model": { "type": "minecraft:model", "model": "objmc/xm1014_idle", "tints": [ { "type": "minecraft:potion", "default": 0 } ] } },
      { "threshold": 12, "model": { "type": "minecraft:model", "model": "objmc/nova_idle", "tints": [ { "type": "minecraft:potion", "default": 0 } ] } },
      { "threshold": 13, "model": { "type": "minecraft:model", "model": "objmc/awp_idle", "tints": [ { "type": "minecraft:potion", "default": 0 } ] } },
      { "threshold": 14, "model": { "type": "minecraft:model", "model": "objmc/ssg08_idle", "tints": [ { "type": "minecraft:potion", "default": 0 } ] } },
      { "threshold": 15, "model": { "type": "minecraft:model", "model": "objmc/minigun_idle", "tints": [ { "type": "minecraft:potion", "default": 0 } ] } },
      { "threshold": 16, "model": { "type": "minecraft:model", "model": "objmc/knife_idle", "tints": [ { "type": "minecraft:potion", "default": 0 } ] } },
      { "threshold": 17, "model": { "type": "minecraft:model", "model": "objmc/medpack_idle", "tints": [ { "type": "minecraft:potion", "default": 0 } ] } },
      { "threshold": 18, "model": { "type": "minecraft:model", "model": "objmc/grenade_he_idle", "tints": [ { "type": "minecraft:potion", "default": 0 } ] } },
      { "threshold": 19, "model": { "type": "minecraft:model", "model": "objmc/grenade_smoke_idle", "tints": [ { "type": "minecraft:potion", "default": 0 } ] } },
      { "threshold": 20, "model": { "type": "minecraft:model", "model": "objmc/grenade_flash_idle", "tints": [ { "type": "minecraft:potion", "default": 0 } ] } },
      { "threshold": 21, "model": { "type": "minecraft:model", "model": "objmc/grenade_fire_idle", "tints": [ { "type": "minecraft:potion", "default": 0 } ] } },
      { "threshold": 22, "model": { "type": "minecraft:model", "model": "objmc/grenade_gas_idle", "tints": [ { "type": "minecraft:potion", "default": 0 } ] } },

      { "threshold": 101, "model": { "type": "minecraft:model", "model": "objmc/glock18_shoot", "tints": [ { "type": "minecraft:potion", "default": 0 } ] } },
      { "threshold": 102, "model": { "type": "minecraft:model", "model": "objmc/usps_shoot", "tints": [ { "type": "minecraft:potion", "default": 0 } ] } },
      { "threshold": 103, "model": { "type": "minecraft:model", "model": "objmc/tec9_shoot", "tints": [ { "type": "minecraft:potion", "default": 0 } ] } },
      { "threshold": 104, "model": { "type": "minecraft:model", "model": "objmc/deagle_shoot", "tints": [ { "type": "minecraft:potion", "default": 0 } ] } },
      { "threshold": 105, "model": { "type": "minecraft:model", "model": "objmc/revolver_shoot", "tints": [ { "type": "minecraft:potion", "default": 0 } ] } },
      { "threshold": 106, "model": { "type": "minecraft:model", "model": "objmc/mac10_shoot", "tints": [ { "type": "minecraft:potion", "default": 0 } ] } },
      { "threshold": 107, "model": { "type": "minecraft:model", "model": "objmc/mp7_shoot", "tints": [ { "type": "minecraft:potion", "default": 0 } ] } },
      { "threshold": 108, "model": { "type": "minecraft:model", "model": "objmc/famas_shoot", "tints": [ { "type": "minecraft:potion", "default": 0 } ] } },
      { "threshold": 109, "model": { "type": "minecraft:model", "model": "objmc/m4a1s_shoot", "tints": [ { "type": "minecraft:potion", "default": 0 } ] } },
      { "threshold": 110, "model": { "type": "minecraft:model", "model": "objmc/ak47_shoot", "tints": [ { "type": "minecraft:potion", "default": 0 } ] } },
      { "threshold": 111, "model": { "type": "minecraft:model", "model": "objmc/xm1014_shoot", "tints": [ { "type": "minecraft:potion", "default": 0 } ] } },
      { "threshold": 112, "model": { "type": "minecraft:model", "model": "objmc/nova_shoot", "tints": [ { "type": "minecraft:potion", "default": 0 } ] } },
      { "threshold": 113, "model": { "type": "minecraft:model", "model": "objmc/awp_shoot", "tints": [ { "type": "minecraft:potion", "default": 0 } ] } },
      { "threshold": 114, "model": { "type": "minecraft:model", "model": "objmc/ssg08_shoot", "tints": [ { "type": "minecraft:potion", "default": 0 } ] } },
      { "threshold": 115, "model": { "type": "minecraft:model", "model": "objmc/minigun_shoot", "tints": [ { "type": "minecraft:potion", "default": 0 } ] } },
      { "threshold": 116, "model": { "type": "minecraft:model", "model": "objmc/knife_swing1", "tints": [ { "type": "minecraft:potion", "default": 0 } ] } },
      { "threshold": 117, "model": { "type": "minecraft:model", "model": "objmc/medpack_swing1", "tints": [ { "type": "minecraft:potion", "default": 0 } ] } },
      { "threshold": 118, "model": { "type": "minecraft:model", "model": "objmc/grenade_he_swing1", "tints": [ { "type": "minecraft:potion", "default": 0 } ] } },
      { "threshold": 119, "model": { "type": "minecraft:model", "model": "objmc/grenade_smoke_swing1", "tints": [ { "type": "minecraft:potion", "default": 0 } ] } },
      { "threshold": 120, "model": { "type": "minecraft:model", "model": "objmc/grenade_flash_swing1", "tints": [ { "type": "minecraft:potion", "default": 0 } ] } },
      { "threshold": 121, "model": { "type": "minecraft:model", "model": "objmc/grenade_fire_swing1", "tints": [ { "type": "minecraft:potion", "default": 0 } ] } },
      { "threshold": 122, "model": { "type": "minecraft:model", "model": "objmc/grenade_gas_swing1", "tints": [ { "type": "minecraft:potion", "default": 0 } ] } },

      { "threshold": 201, "model": { "type": "minecraft:model", "model": "objmc/glock18_reload", "tints": [ { "type": "minecraft:potion", "default": 0 } ] } },
      { "threshold": 202, "model": { "type": "minecraft:model", "model": "objmc/usps_reload", "tints": [ { "type": "minecraft:potion", "default": 0 } ] } },
      { "threshold": 203, "model": { "type": "minecraft:model", "model": "objmc/tec9_reload", "tints": [ { "type": "minecraft:potion", "default": 0 } ] } },
      { "threshold": 204, "model": { "type": "minecraft:model", "model": "objmc/deagle_reload", "tints": [ { "type": "minecraft:potion", "default": 0 } ] } },
      { "threshold": 205, "model": { "type": "minecraft:model", "model": "objmc/revolver_reload", "tints": [ { "type": "minecraft:potion", "default": 0 } ] } },
      { "threshold": 206, "model": { "type": "minecraft:model", "model": "objmc/mac10_reload", "tints": [ { "type": "minecraft:potion", "default": 0 } ] } },
      { "threshold": 207, "model": { "type": "minecraft:model", "model": "objmc/mp7_reload", "tints": [ { "type": "minecraft:potion", "default": 0 } ] } },
      { "threshold": 208, "model": { "type": "minecraft:model", "model": "objmc/famas_reload", "tints": [ { "type": "minecraft:potion", "default": 0 } ] } },
      { "threshold": 209, "model": { "type": "minecraft:model", "model": "objmc/m4a1s_reload", "tints": [ { "type": "minecraft:potion", "default": 0 } ] } },
      { "threshold": 210, "model": { "type": "minecraft:model", "model": "objmc/ak47_reload", "tints": [ { "type": "minecraft:potion", "default": 0 } ] } },
      { "threshold": 211, "model": { "type": "minecraft:model", "model": "objmc/xm1014_reload", "tints": [ { "type": "minecraft:potion", "default": 0 } ] } },
      { "threshold": 212, "model": { "type": "minecraft:model", "model": "objmc/nova_reload", "tints": [ { "type": "minecraft:potion", "default": 0 } ] } },
      { "threshold": 213, "model": { "type": "minecraft:model", "model": "objmc/awp_reload", "tints": [ { "type": "minecraft:potion", "default": 0 } ] } },
      { "threshold": 214, "model": { "type": "minecraft:model", "model": "objmc/ssg08_reload", "tints": [ { "type": "minecraft:potion", "default": 0 } ] } },
      { "threshold": 215, "model": { "type": "minecraft:model", "model": "objmc/minigun_reload", "tints": [ { "type": "minecraft:potion", "default": 0 } ] } },
      { "threshold": 216, "model": { "type": "minecraft:model", "model": "objmc/knife_swing2", "tints": [ { "type": "minecraft:potion", "default": 0 } ] } }
    ],
    "fallback": { "type": "minecraft:model", "model": "minecraft:item/potion", "tints": [ { "type": "minecraft:potion", "default": -13083194 } ] }
  }
}
