{
  "model": {
    "type": "minecraft:select",
    "cases": [ {
        "model": {
          "type": "minecraft:model",
          "model": "minecraft:item/spyglass"
        },
        "when": [ "gui", "ground", "fixed" ]
    } ],
    "fallback": {
      "type": "minecraft:range_dispatch",
      "property": "minecraft:custom_model_data",
      "entries": [
        { "threshold": 1, "model": { "type": "minecraft:model", "model": "guns/awp_zoom" } },
        { "threshold": 2, "model": { "type": "minecraft:model", "model": "guns/ssg08_zoom" } }
      ],
      "fallback": { 
        "type": "minecraft:model", "model": "minecraft:item/spyglass_in_hand" 
      }
    },
    "property": "minecraft:display_context"
  }
}