{
	"credit": "Made with Blockbench",
	"textures": {
		"0": "guns/xm1014"
	},
	"elements": [
		{
			"from": [7, 8.5, 2.75],
			"to": [9, 11.5, 11.75],
			"rotation": {"angle": 0, "axis": "y", "origin": [5, -0.5, -2.25]},
			"faces": {
				"north": {"uv": [6.25, 2.375, 6.75, 3.125], "texture": "#0"},
				"east": {"uv": [4, 2.375, 6.25, 3.125], "texture": "#0"},
				"south": {"uv": [9, 2.375, 9.5, 3.125], "texture": "#0"},
				"west": {"uv": [6.75, 2.375, 9, 3.125], "texture": "#0"},
				"up": {"uv": [6.75, 2.375, 6.25, 0.125], "texture": "#0"},
				"down": {"uv": [7.25, 0.125, 6.75, 2.375], "texture": "#0"}
			}
		},
		{
			"from": [7, 8.25, -4.25],
			"to": [9, 10.75, 2.75],
			"rotation": {"angle": 0, "axis": "y", "origin": [5, -0.5, -2.25]},
			"faces": {
				"north": {"uv": [5.75, 5.625, 6.25, 6.25], "texture": "#0"},
				"east": {"uv": [4, 5.625, 5.75, 6.25], "texture": "#0"},
				"south": {"uv": [8, 5.625, 8.5, 6.25], "texture": "#0"},
				"west": {"uv": [6.25, 5.625, 8, 6.25], "texture": "#0"},
				"up": {"uv": [6.25, 5.625, 5.75, 3.875], "texture": "#0"},
				"down": {"uv": [6.75, 3.875, 6.25, 5.625], "texture": "#0"}
			}
		},
		{
			"from": [7.25, 8.75, -10.25],
			"to": [8.75, 10.75, -9.25],
			"rotation": {"angle": 0, "axis": "y", "origin": [5, -0.5, -2.25]},
			"faces": {
				"north": {"uv": [1.75, 2.625, 2.25, 3.25], "texture": "#0"},
				"east": {"uv": [1.5, 2.625, 1.75, 3.25], "texture": "#0"},
				"south": {"uv": [2.5, 2.625, 3, 3.25], "texture": "#0"},
				"west": {"uv": [2.25, 2.625, 2.5, 3.25], "texture": "#0"},
				"up": {"uv": [2.25, 2.625, 1.75, 2.375], "texture": "#0"},
				"down": {"uv": [2.75, 2.375, 2.25, 2.625], "texture": "#0"}
			}
		},
		{
			"from": [7.5, 10.25, -11.25],
			"to": [8.5, 11.25, 2.75],
			"rotation": {"angle": 0, "axis": "y", "origin": [5, -0.5, -2.25]},
			"faces": {
				"north": {"uv": [3.5, 7.375, 3.75, 7.625], "texture": "#0"},
				"east": {"uv": [0, 7.375, 3.5, 7.625], "texture": "#0"},
				"west": {"uv": [3.75, 7.375, 7.25, 7.625], "texture": "#0"},
				"up": {"uv": [3.75, 7.375, 3.5, 3.875], "texture": "#0"},
				"down": {"uv": [4, 3.875, 3.75, 7.375], "texture": "#0"}
			}
		},
		{
			"from": [8, 11.25, -10.25],
			"to": [8, 12.5, -7.25],
			"rotation": {"angle": 0, "axis": "y", "origin": [5, -0.5, -2.25]},
			"faces": {
				"east": {"uv": [1.25, 2.125, 2, 2.375], "texture": "#0"},
				"west": {"uv": [2, 2.125, 1.25, 2.375], "texture": "#0"}
			}
		},
		{
			"from": [8, 11.5, 3.25],
			"to": [8, 12.5, 8.25],
			"rotation": {"angle": 0, "axis": "y", "origin": [5, -0.5, -2.25]},
			"faces": {
				"east": {"uv": [1.25, 1.875, 0, 2.125], "texture": "#0"},
				"west": {"uv": [0, 1.875, 1.25, 2.125], "texture": "#0"}
			}
		},
		{
			"from": [8, 11.5, 8.25],
			"to": [8, 12.5, 9.25],
			"rotation": {"angle": 0, "axis": "y", "origin": [5, -0.5, 2.75]},
			"faces": {
				"east": {"uv": [1.75, 2.125, 2, 2.375], "texture": "#0"},
				"west": {"uv": [2, 2.125, 1.75, 2.375], "texture": "#0"}
			}
		},
		{
			"from": [7.5, 9, -11.25],
			"to": [8.5, 10, 2.75],
			"rotation": {"angle": 0, "axis": "y", "origin": [5, -0.5, -2.25]},
			"faces": {
				"north": {"uv": [3.5, 3.625, 3.75, 3.875], "texture": "#0"},
				"east": {"uv": [0, 3.625, 3.5, 3.875], "texture": "#0"},
				"west": {"uv": [3.75, 3.625, 7.25, 3.875], "texture": "#0"},
				"up": {"uv": [3.75, 3.625, 3.5, 0.125], "texture": "#0"},
				"down": {"uv": [4, 0.125, 3.75, 3.625], "texture": "#0"}
			}
		},
		{
			"from": [8, 5.5, 3.75],
			"to": [8, 8.5, 11.75],
			"rotation": {"angle": 0, "axis": "y", "origin": [5, -0.5, -2.25]},
			"faces": {
				"east": {"uv": [6, 6.25, 4, 7], "texture": "#0"},
				"west": {"uv": [4, 6.25, 6, 7], "texture": "#0"}
			}
		},
		{
			"from": [7.25, 7.25, 11.75],
			"to": [8.75, 8.75, 18.75],
			"rotation": {"angle": 22.5, "axis": "x", "origin": [8, 9.75, 15.25]},
			"faces": {
				"east": {"uv": [6.25, 8, 8, 8.375], "texture": "#0"},
				"west": {"uv": [8.375, 8, 10.125, 8.375], "texture": "#0"},
				"up": {"uv": [8.375, 8, 8, 6.25], "texture": "#0"},
				"down": {"uv": [8.75, 6.25, 8.375, 8], "texture": "#0"}
			}
		},
		{
			"from": [7, 6.5, 18.75],
			"to": [9, 10, 19.75],
			"rotation": {"angle": 22.5, "axis": "x", "origin": [8, 9.75, 15.25]},
			"faces": {
				"north": {"uv": [0.25, 2.375, 0.75, 3.25], "texture": "#0"},
				"east": {"uv": [0, 2.375, 0.25, 3.25], "texture": "#0"},
				"south": {"uv": [1, 2.375, 1.5, 3.25], "texture": "#0"},
				"west": {"uv": [0.75, 2.375, 1, 3.25], "texture": "#0"},
				"up": {"uv": [0.75, 2.375, 0.25, 2.125], "texture": "#0"},
				"down": {"uv": [1.25, 2.125, 0.75, 2.375], "texture": "#0"}
			}
		},
		{
			"from": [7, 8, 13.75],
			"to": [9, 10, 18.75],
			"rotation": {"angle": 22.5, "axis": "x", "origin": [8, 9.75, 15.25]},
			"faces": {
				"north": {"uv": [1.25, 1.375, 1.75, 1.875], "texture": "#0"},
				"east": {"uv": [0, 1.375, 1.25, 1.875], "texture": "#0"},
				"west": {"uv": [1.75, 1.375, 3, 1.875], "texture": "#0"},
				"up": {"uv": [1.75, 1.375, 1.25, 0.125], "texture": "#0"},
				"down": {"uv": [2.25, 0.125, 1.75, 1.375], "texture": "#0"}
			}
		},
		{
			"from": [7.25, 4.225, 9.375],
			"to": [8.75, 9.225, 11.875],
			"rotation": {"angle": -22.5, "axis": "x", "origin": [13, 7, 10.75]},
			"faces": {
				"north": {"uv": [0.625, 4.5, 1, 5.75], "texture": "#0"},
				"east": {"uv": [0, 4.5, 0.625, 5.75], "texture": "#0"},
				"south": {"uv": [1.625, 4.5, 2, 5.75], "texture": "#0"},
				"west": {"uv": [1, 4.5, 1.625, 5.75], "texture": "#0"},
				"down": {"uv": [1.375, 3.875, 1, 4.5], "texture": "#0"}
			}
		}
	],
	"gui_light": "front",
	"display": {
		"thirdperson_righthand": {
			"rotation": [8, -12, 0],
			"scale": [0.8, 0.8, 0.8]
		},
		"thirdperson_lefthand": {
			"rotation": [8, -12, 0],
			"scale": [0.8, 0.8, 0.8]
		},
		"firstperson_righthand": {
			"rotation": [4, -14, 0],
			"translation": [6.75, 10.1, 4.5]
		},
		"firstperson_lefthand": {
			"rotation": [4, -14, 0],
			"translation": [6.75, 10.1, 4.5]
		},
		"ground": {
			"rotation": [0, 0, 90],
			"translation": [0, -3, 0]
		},
		"gui": {
			"rotation": [20, 145, 0],
			"translation": [1.75, -0.25, 0],
			"scale": [0.84, 0.84, 0.84]
		}
	},
	"groups": [
		{
			"name": "xm1014",
			"origin": [13, 12.25, 17],
			"color": 0,
			"children": [0, 1, 2, 3, 4, 5, 6, 7, 8, 9, 10, 11, 12]
		}
	]
}