{
	"cubed.turret.shoot": {
		"sounds": [
			"turret/shoot"
		]
	},
	"cubed.turret.explosion": {
		"sounds": [
			"turret/explosion"
		]
	},
	"cubed.spider.idle": {
		"sounds": [
			"spiderbot/idle0",
			"spiderbot/idle1",
			"spiderbot/idle2"
		]
	},
	"cubed.spider.scream": {
		"sounds": [
			"spiderbot/scream"
		]
	},
	"cubed.spider.hurt": {
		"sounds": [
			"spiderbot/hurt"
		]
	},
	"cubed.spider.hurt_laser": {
		"sounds": [
			"spiderbot/hurtlaser"
		]
	},
	"cubed.spider.death": {
		"sounds": [
			"spiderbot/death"
		]
	}
}