{
	"cubed.turret.shoot": {
		"sounds": [
			{
				"name": "turret/shoot"
			}
		]
	},
	"cubed.turret.explosion": {
		"sounds": [
			{
				"name": "turret/explosion"
			}
		]
	},
	"cubed.spider.idle": {
		"sounds": [
			{
				"name": "spiderbot/idle0",
				"volume": 1.25
			},
			{
				"name": "spiderbot/idle1",
				"volume": 1.25
			},
			{
				"name": "spiderbot/idle2",
				"volume": 1.25
			}
		]
	},
	"cubed.spider.scream": {
		"sounds": [
			{
				"name": "spiderbot/scream",
				"volume": 1.5
			}
		]
	},
	"cubed.spider.hurt": {
		"sounds": [
			{
				"name": "spiderbot/hurt",
				"volume": 1.5
			}
		]
	},
	"cubed.spider.hurt_laser": {
		"sounds": [
			{
				"name": "spiderbot/hurtlaser",
				"volume": 1.5
			}
		]
	},
	"cubed.spider.death": {
		"sounds": [
			{
				"name": "spiderbot/death",
				"volume": 1.5
			}
		]
	}
}