{
	"credit": "Made with Blockbench",
	"texture_size": [32, 32],
	"textures": {
		"0": "other/he_grenade",
		"particle": "other/he_grenade"
	},
	"elements": [
		{
			"from": [4, 4, 4],
			"to": [12, 12, 12],
			"rotation": {"angle": 0, "axis": "z", "origin": [8, 8, 8]},
			"faces": {
				"north": {"uv": [0, 0, 4, 4], "rotation": 90, "texture": "#0"},
				"east": {"uv": [14.5, 4, 10.5, 8], "rotation": 270, "texture": "#0"},
				"south": {"uv": [0, 6, 4, 10], "rotation": 270, "texture": "#0"},
				"west": {"uv": [14.5, 4, 10.5, 0], "rotation": 270, "texture": "#0"},
				"up": {"uv": [4, 0, 8, 4], "rotation": 270, "texture": "#0"},
				"down": {"uv": [4, 6, 8, 10], "rotation": 270, "texture": "#0"}
			}
		},
		{
			"from": [0, 6, 6],
			"to": [4, 10, 10],
			"rotation": {"angle": 0, "axis": "z", "origin": [8, 8, 8]},
			"faces": {
				"north": {"uv": [10.5, 8, 12.5, 10], "rotation": 90, "texture": "#0"},
				"south": {"uv": [0, 12, 2, 14], "rotation": 270, "texture": "#0"},
				"west": {"uv": [6, 14, 4, 12], "rotation": 270, "texture": "#0"},
				"up": {"uv": [10.5, 10, 12.5, 12], "rotation": 270, "texture": "#0"},
				"down": {"uv": [2, 12, 4, 14], "rotation": 270, "texture": "#0"}
			}
		},
		{
			"from": [0, 10, 8],
			"to": [16, 15, 8],
			"rotation": {"angle": 0, "axis": "z", "origin": [8, 8, 8]},
			"faces": {
				"north": {"uv": [8, 0, 10.5, 8], "rotation": 90, "texture": "#0"},
				"south": {"uv": [8, 8, 10.5, 16], "rotation": 270, "texture": "#0"}
			}
		}
	],
	"display": {
		"thirdperson_righthand": {
			"rotation": [0, -90, -90],
			"translation": [0, -0.5, 0],
			"scale": [0.35, 0.35, 0.35]
		},
		"thirdperson_lefthand": {
			"rotation": [0, 90, 90],
			"translation": [0, -0.5, 0],
			"scale": [0.35, 0.35, 0.35]
		},
		"firstperson_righthand": {
			"rotation": [0, 0, -90],
			"translation": [0, 1.25, 0],
			"scale": [0.35, 0.35, 0.35]
		},
		"firstperson_lefthand": {
			"rotation": [180, 0, -90],
			"translation": [0, 1.25, 0],
			"scale": [0.35, 0.35, 0.35]
		},
		"ground": {
			"scale": [0.8, 0.8, 0.8]
		},
		"gui": {
			"rotation": [0, -30, -120],
			"scale": [0.8, 0.8, 0.8]
		}
	}
}