{
	"credit": "Made with Blockbench",
	"texture_size": [32, 32],
	"textures": {
		"0": "other/spiderleghigh",
		"particle": "other/spiderleghigh"
	},
	"elements": [
		{
			"from": [5, 6, 4],
			"to": [11, 16, 8],
			"rotation": {"angle": 45, "axis": "x", "origin": [8, 12, 5], "rescale": true},
			"faces": {
				"north": {"uv": [0, 0, 3, 6.5], "texture": "#0"},
				"east": {"uv": [0, 6.5, 3, 13], "texture": "#0"},
				"south": {"uv": [3, 0, 6, 6.5], "texture": "#0"},
				"west": {"uv": [3, 6.5, 6, 13], "texture": "#0"},
				"up": {"uv": [9, 10, 6, 7], "texture": "#0"},
				"down": {"uv": [9, 0, 6, 3], "texture": "#0"}
			}
		},
		{
			"from": [6, 2, 4],
			"to": [10, 5, 10],
			"rotation": {"angle": 45, "axis": "x", "origin": [8, 4, 5], "rescale": true},
			"faces": {
				"east": {"uv": [9, 7, 13, 9], "texture": "#0"},
				"south": {"uv": [8, 3, 10, 5], "texture": "#0"},
				"west": {"uv": [8, 10, 12, 12], "texture": "#0"},
				"up": {"uv": [8, 7, 6, 3], "texture": "#0"},
				"down": {"uv": [8, 10, 6, 14], "texture": "#0"}
			}
		}
	]
}