{"model": {"type": "range_dispatch", "property": "custom_model_data", "fallback": {"type": "model", "model": "minecraft:block/acacia_sapling"}, "entries": [{"threshold": 1000, "model": {"type": "model", "model": "bonsai:block/acacia_bonsai/0"}}, {"threshold": 1001, "model": {"type": "model", "model": "bonsai:block/acacia_bonsai/1"}}, {"threshold": 1002, "model": {"type": "model", "model": "bonsai:block/acacia_bonsai/2"}}, {"threshold": 1003, "model": {"type": "model", "model": "bonsai:block/acacia_bonsai/3"}}, {"threshold": 1004, "model": {"type": "model", "model": "bonsai:block/acacia_bonsai/4"}}, {"threshold": 1005, "model": {"type": "model", "model": "bonsai:block/acacia_bonsai/5"}}, {"threshold": 1006, "model": {"type": "model", "model": "bonsai:block/acacia_bonsai/6"}}, {"threshold": 1007, "model": {"type": "model", "model": "bonsai:block/acacia_bonsai/7"}}]}}