{"model": {"type": "range_dispatch", "property": "custom_model_data", "fallback": {"type": "minecraft:condition", "property": "minecraft:using_item", "on_false": {"type": "minecraft:model", "model": "minecraft:item/bow"}, "on_true": {"type": "minecraft:range_dispatch", "property": "minecraft:use_duration", "scale": 0.05, "fallback": {"type": "minecraft:model", "model": "minecraft:item/bow_pulling_0"}, "entries": [{"threshold": 0.65, "model": {"type": "minecraft:model", "model": "minecraft:item/bow_pulling_1"}}, {"threshold": 0.9, "model": {"type": "minecraft:model", "model": "minecraft:item/bow_pulling_2"}}]}}, "entries": [{"threshold": 1000100, "model": {"type": "minecraft:condition", "property": "minecraft:using_item", "on_false": {"type": "minecraft:model", "model": "item/bow"}, "on_true": {"type": "minecraft:range_dispatch", "property": "minecraft:use_duration", "scale": 0.05, "fallback": {"type": "minecraft:model", "model": "item/bow"}, "entries": []}}}, {"threshold": 1000101, "model": {"type": "minecraft:condition", "property": "minecraft:using_item", "on_false": {"type": "minecraft:model", "model": "item/bow"}, "on_true": {"type": "minecraft:range_dispatch", "property": "minecraft:use_duration", "scale": 0.05, "fallback": {"type": "minecraft:model", "model": "item/bow"}, "entries": []}}}, {"threshold": 1000102, "model": {"type": "minecraft:condition", "property": "minecraft:using_item", "on_false": {"type": "minecraft:model", "model": "item/bow"}, "on_true": {"type": "minecraft:range_dispatch", "property": "minecraft:use_duration", "scale": 0.05, "fallback": {"type": "minecraft:model", "model": "item/bow"}, "entries": []}}}, {"threshold": 1000103, "model": {"type": "minecraft:condition", "property": "minecraft:using_item", "on_false": {"type": "minecraft:model", "model": "item/bow"}, "on_true": {"type": "minecraft:range_dispatch", "property": "minecraft:use_duration", "scale": 0.05, "fallback": {"type": "minecraft:model", "model": "item/bow"}, "entries": []}}}, {"threshold": 1000104, "model": {"type": "minecraft:condition", "property": "minecraft:using_item", "on_false": {"type": "minecraft:model", "model": "item/bow"}, "on_true": {"type": "minecraft:range_dispatch", "property": "minecraft:use_duration", "scale": 0.05, "fallback": {"type": "minecraft:model", "model": "item/bow"}, "entries": []}}}, {"threshold": 1000105, "model": {"type": "minecraft:condition", "property": "minecraft:using_item", "on_false": {"type": "minecraft:model", "model": "item/bow"}, "on_true": {"type": "minecraft:range_dispatch", "property": "minecraft:use_duration", "scale": 0.05, "fallback": {"type": "minecraft:model", "model": "item/bow"}, "entries": []}}}, {"threshold": 1000110, "model": {"type": "minecraft:condition", "property": "minecraft:using_item", "on_false": {"type": "minecraft:model", "model": "item/bow"}, "on_true": {"type": "minecraft:range_dispatch", "property": "minecraft:use_duration", "scale": 0.05, "fallback": {"type": "minecraft:model", "model": "item/bow"}, "entries": []}}}, {"threshold": 1000111, "model": {"type": "minecraft:condition", "property": "minecraft:using_item", "on_false": {"type": "minecraft:model", "model": "item/bow"}, "on_true": {"type": "minecraft:range_dispatch", "property": "minecraft:use_duration", "scale": 0.05, "fallback": {"type": "minecraft:model", "model": "item/bow"}, "entries": []}}}, {"threshold": 1000112, "model": {"type": "minecraft:condition", "property": "minecraft:using_item", "on_false": {"type": "minecraft:model", "model": "item/bow"}, "on_true": {"type": "minecraft:range_dispatch", "property": "minecraft:use_duration", "scale": 0.05, "fallback": {"type": "minecraft:model", "model": "item/bow"}, "entries": []}}}, {"threshold": 1000113, "model": {"type": "minecraft:condition", "property": "minecraft:using_item", "on_false": {"type": "minecraft:model", "model": "item/bow"}, "on_true": {"type": "minecraft:range_dispatch", "property": "minecraft:use_duration", "scale": 0.05, "fallback": {"type": "minecraft:model", "model": "item/bow"}, "entries": []}}}, {"threshold": 1000120, "model": {"type": "minecraft:condition", "property": "minecraft:using_item", "on_false": {"type": "minecraft:model", "model": "item/bow"}, "on_true": {"type": "minecraft:range_dispatch", "property": "minecraft:use_duration", "scale": 0.05, "fallback": {"type": "minecraft:model", "model": "item/bow"}, "entries": []}}}, {"threshold": 1000121, "model": {"type": "minecraft:condition", "property": "minecraft:using_item", "on_false": {"type": "minecraft:model", "model": "item/bow"}, "on_true": {"type": "minecraft:range_dispatch", "property": "minecraft:use_duration", "scale": 0.05, "fallback": {"type": "minecraft:model", "model": "item/bow"}, "entries": []}}}, {"threshold": 1000122, "model": {"type": "minecraft:condition", "property": "minecraft:using_item", "on_false": {"type": "minecraft:model", "model": "item/bow"}, "on_true": {"type": "minecraft:range_dispatch", "property": "minecraft:use_duration", "scale": 0.05, "fallback": {"type": "minecraft:model", "model": "item/bow"}, "entries": []}}}, {"threshold": 1000130, "model": {"type": "minecraft:condition", "property": "minecraft:using_item", "on_false": {"type": "minecraft:model", "model": "item/bow"}, "on_true": {"type": "minecraft:range_dispatch", "property": "minecraft:use_duration", "scale": 0.05, "fallback": {"type": "minecraft:model", "model": "item/bow"}, "entries": []}}}, {"threshold": 1000131, "model": {"type": "minecraft:condition", "property": "minecraft:using_item", "on_false": {"type": "minecraft:model", "model": "item/bow"}, "on_true": {"type": "minecraft:range_dispatch", "property": "minecraft:use_duration", "scale": 0.05, "fallback": {"type": "minecraft:model", "model": "item/bow"}, "entries": []}}}, {"threshold": 1000132, "model": {"type": "minecraft:condition", "property": "minecraft:using_item", "on_false": {"type": "minecraft:model", "model": "item/bow"}, "on_true": {"type": "minecraft:range_dispatch", "property": "minecraft:use_duration", "scale": 0.05, "fallback": {"type": "minecraft:model", "model": "item/bow"}, "entries": []}}}, {"threshold": 1000133, "model": {"type": "minecraft:condition", "property": "minecraft:using_item", "on_false": {"type": "minecraft:model", "model": "item/bow"}, "on_true": {"type": "minecraft:range_dispatch", "property": "minecraft:use_duration", "scale": 0.05, "fallback": {"type": "minecraft:model", "model": "item/bow"}, "entries": []}}}, {"threshold": 1000134, "model": {"type": "minecraft:condition", "property": "minecraft:using_item", "on_false": {"type": "minecraft:model", "model": "item/bow"}, "on_true": {"type": "minecraft:range_dispatch", "property": "minecraft:use_duration", "scale": 0.05, "fallback": {"type": "minecraft:model", "model": "item/bow"}, "entries": []}}}]}, "display": {"thirdperson_righthand": {"rotation": [-80, 260, -40], "translation": [-1, -2, 2.5], "scale": [0.9, 0.9, 0.9]}, "thirdperson_lefthand": {"rotation": [-80, -280, 40], "translation": [-1, -2, 2.5], "scale": [0.9, 0.9, 0.9]}, "firstperson_righthand": {"rotation": [0, -90, 25], "translation": [1.13, 3.2, 1.13], "scale": [0.68, 0.68, 0.68]}, "firstperson_lefthand": {"rotation": [0, 90, -25], "translation": [1.13, 3.2, 1.13], "scale": [0.68, 0.68, 0.68]}}}