{"model": {"type": "range_dispatch", "property": "custom_model_data", "fallback": {"type": "model", "model": "minecraft:block/calcite"}, "entries": [{"threshold": 1, "model": {"type": "model", "model": "electricity:block/windmill/rotor/iron/0"}}, {"threshold": 2, "model": {"type": "model", "model": "electricity:block/windmill/rotor/iron/1"}}, {"threshold": 3, "model": {"type": "model", "model": "electricity:block/windmill/rotor/iron/2"}}, {"threshold": 4, "model": {"type": "model", "model": "electricity:block/windmill/rotor/iron/3"}}, {"threshold": 5, "model": {"type": "model", "model": "electricity:block/windmill/rotor/steel/0"}}, {"threshold": 6, "model": {"type": "model", "model": "electricity:block/windmill/rotor/steel/1"}}, {"threshold": 7, "model": {"type": "model", "model": "electricity:block/windmill/rotor/steel/2"}}, {"threshold": 8, "model": {"type": "model", "model": "electricity:block/windmill/rotor/steel/3"}}, {"threshold": 9, "model": {"type": "model", "model": "electricity:block/windmill/rotor/carbon/0"}}, {"threshold": 10, "model": {"type": "model", "model": "electricity:block/windmill/rotor/carbon/1"}}, {"threshold": 11, "model": {"type": "model", "model": "electricity:block/windmill/rotor/carbon/2"}}, {"threshold": 12, "model": {"type": "model", "model": "electricity:block/windmill/rotor/carbon/3"}}, {"threshold": 13, "model": {"type": "model", "model": "electricity:block/blast_furnace/controller"}}, {"threshold": 14, "model": {"type": "model", "model": "electricity:block/blast_furnace/controller_on"}}, {"threshold": 15, "model": {"type": "model", "model": "electricity:block/blast_furnace/casing"}}, {"threshold": 16, "model": {"type": "model", "model": "electricity:block/blast_furnace/power_unit"}}, {"threshold": 17, "model": {"type": "model", "model": "electricity:block/blast_furnace/hopper_in"}}, {"threshold": 18, "model": {"type": "model", "model": "electricity:block/blast_furnace/hopper_out"}}, {"threshold": 19, "model": {"type": "model", "model": "electricity:block/blast_furnace/coil/cupronickel/single"}}, {"threshold": 20, "model": {"type": "model", "model": "electricity:block/blast_furnace/coil/cupronickel/full"}}, {"threshold": 21, "model": {"type": "model", "model": "electricity:block/blast_furnace/coil/cupronickel/full_on"}}, {"threshold": 22, "model": {"type": "model", "model": "electricity:block/blast_furnace/coil/cupronickel/small_full"}}, {"threshold": 23, "model": {"type": "model", "model": "electricity:block/blast_furnace/coil/cupronickel/small_full_on"}}, {"threshold": 24, "model": {"type": "model", "model": "electricity:block/blast_furnace/coil/kanthal/single"}}, {"threshold": 25, "model": {"type": "model", "model": "electricity:block/blast_furnace/coil/kanthal/full"}}]}}