{"model": {"type": "range_dispatch", "property": "custom_model_data", "fallback": {"type": "model", "model": "item/chainmail_boots"}, "entries": [{"threshold": 210, "model": {"type": "model", "model": "electricity:item/armor/nano/boots"}}, {"threshold": 220, "model": {"type": "model", "model": "electricity:item/armor/quantum/boots"}}, {"threshold": 300, "model": {"type": "model", "model": "bees:item/armor/apiarist_boots"}}, {"threshold": 1002000, "model": {"type": "model", "model": "customization:item/armor/nano/red_boots"}}, {"threshold": 1002001, "model": {"type": "model", "model": "customization:item/armor/nano/light_blue_boots"}}, {"threshold": 1002002, "model": {"type": "model", "model": "customization:item/armor/nano/purple_boots"}}, {"threshold": 1002003, "model": {"type": "model", "model": "customization:item/armor/nano/gray_boots"}}, {"threshold": 1002004, "model": {"type": "model", "model": "customization:item/armor/nano/blue_boots"}}, {"threshold": 1002005, "model": {"type": "model", "model": "customization:item/armor/nano/yellow_boots"}}, {"threshold": 1002006, "model": {"type": "model", "model": "customization:item/armor/nano/copper_boots"}}, {"threshold": 1002007, "model": {"type": "model", "model": "customization:item/armor/nano/quartz_boots"}}, {"threshold": 1002008, "model": {"type": "model", "model": "customization:item/armor/nano/netherite_boots"}}, {"threshold": 1002020, "model": {"type": "model", "model": "customization:item/armor/nano/steampunk_boots"}}, {"threshold": 1002021, "model": {"type": "model", "model": "customization:item/armor/nano/uranium_boots"}}, {"threshold": 1002022, "model": {"type": "model", "model": "customization:item/armor/nano/suit_boots"}}, {"threshold": 1002100, "model": {"type": "model", "model": "customization:item/armor/quantum/red_boots"}}, {"threshold": 1002101, "model": {"type": "model", "model": "customization:item/armor/quantum/light_blue_boots"}}, {"threshold": 1002102, "model": {"type": "model", "model": "customization:item/armor/quantum/purple_boots"}}, {"threshold": 1002103, "model": {"type": "model", "model": "customization:item/armor/quantum/gray_boots"}}, {"threshold": 1002104, "model": {"type": "model", "model": "customization:item/armor/quantum/blue_boots"}}, {"threshold": 1002105, "model": {"type": "model", "model": "customization:item/armor/quantum/yellow_boots"}}, {"threshold": 1002106, "model": {"type": "model", "model": "customization:item/armor/quantum/copper_boots"}}, {"threshold": 1002107, "model": {"type": "model", "model": "customization:item/armor/quantum/quartz_boots"}}, {"threshold": 1002108, "model": {"type": "model", "model": "customization:item/armor/quantum/netherite_boots"}}, {"threshold": 1002120, "model": {"type": "model", "model": "customization:item/armor/quantum/steampunk_boots"}}, {"threshold": 1002121, "model": {"type": "model", "model": "customization:item/armor/quantum/uranium_boots"}}, {"threshold": 1002122, "model": {"type": "model", "model": "customization:item/armor/quantum/suit_boots"}}, {"threshold": 1002130, "model": {"type": "model", "model": "customization:item/armor/quantum/old_boots"}}]}}