{"model": {"type": "range_dispatch", "property": "custom_model_data", "fallback": {"type": "model", "model": "item/chainmail_leggings"}, "entries": [{"threshold": 210, "model": {"type": "model", "model": "electricity:item/armor/nano/leggings"}}, {"threshold": 220, "model": {"type": "model", "model": "electricity:item/armor/quantum/leggings"}}, {"threshold": 300, "model": {"type": "model", "model": "bees:item/armor/apiarist_leggings"}}, {"threshold": 1002000, "model": {"type": "model", "model": "customization:item/armor/nano/red_leggings"}}, {"threshold": 1002001, "model": {"type": "model", "model": "customization:item/armor/nano/light_blue_leggings"}}, {"threshold": 1002002, "model": {"type": "model", "model": "customization:item/armor/nano/purple_leggings"}}, {"threshold": 1002003, "model": {"type": "model", "model": "customization:item/armor/nano/gray_leggings"}}, {"threshold": 1002004, "model": {"type": "model", "model": "customization:item/armor/nano/blue_leggings"}}, {"threshold": 1002005, "model": {"type": "model", "model": "customization:item/armor/nano/yellow_leggings"}}, {"threshold": 1002006, "model": {"type": "model", "model": "customization:item/armor/nano/copper_leggings"}}, {"threshold": 1002007, "model": {"type": "model", "model": "customization:item/armor/nano/quartz_leggings"}}, {"threshold": 1002008, "model": {"type": "model", "model": "customization:item/armor/nano/netherite_leggings"}}, {"threshold": 1002020, "model": {"type": "model", "model": "customization:item/armor/nano/steampunk_leggings"}}, {"threshold": 1002021, "model": {"type": "model", "model": "customization:item/armor/nano/uranium_leggings"}}, {"threshold": 1002022, "model": {"type": "model", "model": "customization:item/armor/nano/suit_leggings"}}, {"threshold": 1002100, "model": {"type": "model", "model": "customization:item/armor/quantum/red_leggings"}}, {"threshold": 1002101, "model": {"type": "model", "model": "customization:item/armor/quantum/light_blue_leggings"}}, {"threshold": 1002102, "model": {"type": "model", "model": "customization:item/armor/quantum/purple_leggings"}}, {"threshold": 1002103, "model": {"type": "model", "model": "customization:item/armor/quantum/gray_leggings"}}, {"threshold": 1002104, "model": {"type": "model", "model": "customization:item/armor/quantum/blue_leggings"}}, {"threshold": 1002105, "model": {"type": "model", "model": "customization:item/armor/quantum/yellow_leggings"}}, {"threshold": 1002106, "model": {"type": "model", "model": "customization:item/armor/quantum/copper_leggings"}}, {"threshold": 1002107, "model": {"type": "model", "model": "customization:item/armor/quantum/quartz_leggings"}}, {"threshold": 1002108, "model": {"type": "model", "model": "customization:item/armor/quantum/netherite_leggings"}}, {"threshold": 1002120, "model": {"type": "model", "model": "customization:item/armor/quantum/steampunk_leggings"}}, {"threshold": 1002121, "model": {"type": "model", "model": "customization:item/armor/quantum/uranium_leggings"}}, {"threshold": 1002122, "model": {"type": "model", "model": "customization:item/armor/quantum/suit_leggings"}}, {"threshold": 1002130, "model": {"type": "model", "model": "customization:item/armor/quantum/old_leggings"}}]}}