{"model": {"type": "range_dispatch", "property": "custom_model_data", "fallback": {"type": "model", "model": "item/chainmail_chestplate"}, "entries": [{"threshold": 200, "model": {"type": "model", "model": "electricity:item/armor/energy_pack"}}, {"threshold": 201, "model": {"type": "model", "model": "electricity:item/armor/jetpack"}}, {"threshold": 202, "model": {"type": "model", "model": "electricity:item/armor/advanced_jetpack"}}, {"threshold": 203, "model": {"type": "model", "model": "electricity:item/armor/ultimate_jetpack"}}, {"threshold": 210, "model": {"type": "model", "model": "electricity:item/armor/nano/chestplate"}}, {"threshold": 211, "model": {"type": "model", "model": "electricity:item/armor/nano/advanced_chestplate"}}, {"threshold": 220, "model": {"type": "model", "model": "electricity:item/armor/quantum/chestplate"}}, {"threshold": 221, "model": {"type": "model", "model": "electricity:item/armor/quantum/advanced_chestplate"}}, {"threshold": 300, "model": {"type": "model", "model": "bees:item/armor/apiarist_chestplate"}}, {"threshold": 1002000, "model": {"type": "model", "model": "customization:item/armor/nano/red_chestplate"}}, {"threshold": 1002001, "model": {"type": "model", "model": "customization:item/armor/nano/light_blue_chestplate"}}, {"threshold": 1002002, "model": {"type": "model", "model": "customization:item/armor/nano/purple_chestplate"}}, {"threshold": 1002003, "model": {"type": "model", "model": "customization:item/armor/nano/gray_chestplate"}}, {"threshold": 1002004, "model": {"type": "model", "model": "customization:item/armor/nano/blue_chestplate"}}, {"threshold": 1002005, "model": {"type": "model", "model": "customization:item/armor/nano/yellow_chestplate"}}, {"threshold": 1002006, "model": {"type": "model", "model": "customization:item/armor/nano/copper_chestplate"}}, {"threshold": 1002007, "model": {"type": "model", "model": "customization:item/armor/nano/quartz_chestplate"}}, {"threshold": 1002008, "model": {"type": "model", "model": "customization:item/armor/nano/netherite_chestplate"}}, {"threshold": 1002020, "model": {"type": "model", "model": "customization:item/armor/nano/steampunk_chestplate"}}, {"threshold": 1002021, "model": {"type": "model", "model": "customization:item/armor/nano/uranium_chestplate"}}, {"threshold": 1002022, "model": {"type": "model", "model": "customization:item/armor/nano/suit_chestplate"}}, {"threshold": 1002100, "model": {"type": "model", "model": "customization:item/armor/quantum/red_chestplate"}}, {"threshold": 1002101, "model": {"type": "model", "model": "customization:item/armor/quantum/light_blue_chestplate"}}, {"threshold": 1002102, "model": {"type": "model", "model": "customization:item/armor/quantum/purple_chestplate"}}, {"threshold": 1002103, "model": {"type": "model", "model": "customization:item/armor/quantum/gray_chestplate"}}, {"threshold": 1002104, "model": {"type": "model", "model": "customization:item/armor/quantum/blue_chestplate"}}, {"threshold": 1002105, "model": {"type": "model", "model": "customization:item/armor/quantum/yellow_chestplate"}}, {"threshold": 1002106, "model": {"type": "model", "model": "customization:item/armor/quantum/copper_chestplate"}}, {"threshold": 1002107, "model": {"type": "model", "model": "customization:item/armor/quantum/quartz_chestplate"}}, {"threshold": 1002108, "model": {"type": "model", "model": "customization:item/armor/quantum/netherite_chestplate"}}, {"threshold": 1002120, "model": {"type": "model", "model": "customization:item/armor/quantum/steampunk_chestplate"}}, {"threshold": 1002121, "model": {"type": "model", "model": "customization:item/armor/quantum/uranium_chestplate"}}, {"threshold": 1002122, "model": {"type": "model", "model": "customization:item/armor/quantum/suit_chestplate"}}, {"threshold": 1002130, "model": {"type": "model", "model": "customization:item/armor/quantum/old_chestplate"}}, {"threshold": 1002200, "model": {"type": "model", "model": "customization:item/armor/nano/red_advanced_chestplate"}}, {"threshold": 1002201, "model": {"type": "model", "model": "customization:item/armor/nano/light_blue_advanced_chestplate"}}, {"threshold": 1002202, "model": {"type": "model", "model": "customization:item/armor/nano/purple_advanced_chestplate"}}, {"threshold": 1002203, "model": {"type": "model", "model": "customization:item/armor/nano/gray_advanced_chestplate"}}, {"threshold": 1002204, "model": {"type": "model", "model": "customization:item/armor/nano/blue_advanced_chestplate"}}, {"threshold": 1002205, "model": {"type": "model", "model": "customization:item/armor/nano/yellow_advanced_chestplate"}}, {"threshold": 1002206, "model": {"type": "model", "model": "customization:item/armor/nano/copper_advanced_chestplate"}}, {"threshold": 1002207, "model": {"type": "model", "model": "customization:item/armor/nano/quartz_advanced_chestplate"}}, {"threshold": 1002208, "model": {"type": "model", "model": "customization:item/armor/nano/netherite_advanced_chestplate"}}, {"threshold": 1002220, "model": {"type": "model", "model": "customization:item/armor/nano/steampunk_advanced_chestplate"}}, {"threshold": 1002221, "model": {"type": "model", "model": "customization:item/armor/nano/uranium_advanced_chestplate"}}, {"threshold": 1002222, "model": {"type": "model", "model": "customization:item/armor/nano/suit_advanced_chestplate"}}, {"threshold": 1002300, "model": {"type": "model", "model": "customization:item/armor/quantum/red_advanced_chestplate"}}, {"threshold": 1002301, "model": {"type": "model", "model": "customization:item/armor/quantum/light_blue_advanced_chestplate"}}, {"threshold": 1002302, "model": {"type": "model", "model": "customization:item/armor/quantum/purple_advanced_chestplate"}}, {"threshold": 1002303, "model": {"type": "model", "model": "customization:item/armor/quantum/gray_advanced_chestplate"}}, {"threshold": 1002304, "model": {"type": "model", "model": "customization:item/armor/quantum/blue_advanced_chestplate"}}, {"threshold": 1002305, "model": {"type": "model", "model": "customization:item/armor/quantum/yellow_advanced_chestplate"}}, {"threshold": 1002306, "model": {"type": "model", "model": "customization:item/armor/quantum/copper_advanced_chestplate"}}, {"threshold": 1002307, "model": {"type": "model", "model": "customization:item/armor/quantum/quartz_advanced_chestplate"}}, {"threshold": 1002308, "model": {"type": "model", "model": "customization:item/armor/quantum/netherite_advanced_chestplate"}}, {"threshold": 1002320, "model": {"type": "model", "model": "customization:item/armor/quantum/steampunk_advanced_chestplate"}}, {"threshold": 1002321, "model": {"type": "model", "model": "customization:item/armor/quantum/uranium_advanced_chestplate"}}, {"threshold": 1002322, "model": {"type": "model", "model": "customization:item/armor/quantum/suit_advanced_chestplate"}}, {"threshold": 1002330, "model": {"type": "model", "model": "customization:item/armor/quantum/old_advanced_chestplate"}}]}}