{"model": {"type": "range_dispatch", "property": "custom_model_data", "fallback": {"type": "model", "model": "minecraft:block/coarse_dirt"}, "entries": [{"threshold": 1, "model": {"type": "model", "model": "electricity:block/turbine/big/completed/steam_on"}}, {"threshold": 2, "model": {"type": "model", "model": "electricity:block/turbine/big/completed/fluid"}}, {"threshold": 3, "model": {"type": "model", "model": "electricity:block/turbine/big/completed/fluid_on"}}, {"threshold": 4, "model": {"type": "model", "model": "electricity:block/turbine/big/completed/gas"}}, {"threshold": 5, "model": {"type": "model", "model": "electricity:block/turbine/big/completed/gas_on"}}, {"threshold": 6, "model": {"type": "model", "model": "electricity:block/water_pump/big/casing"}}, {"threshold": 7, "model": {"type": "model", "model": "electricity:block/water_pump/big/power_unit"}}, {"threshold": 8, "model": {"type": "model", "model": "electricity:block/water_pump/big/pipe_out"}}, {"threshold": 9, "model": {"type": "model", "model": "electricity:block/water_pump/big/completed/0"}}, {"threshold": 10, "model": {"type": "model", "model": "electricity:block/water_pump/big/completed/1"}}, {"threshold": 11, "model": {"type": "model", "model": "electricity:block/water_pump/big/completed/2"}}, {"threshold": 12, "model": {"type": "model", "model": "electricity:block/water_pump/big/completed/3"}}, {"threshold": 13, "model": {"type": "model", "model": "electricity:block/water_pump/big/completed/4"}}, {"threshold": 14, "model": {"type": "model", "model": "electricity:block/coke_oven/controller"}}, {"threshold": 15, "model": {"type": "model", "model": "electricity:block/coke_oven/controller_on"}}, {"threshold": 16, "model": {"type": "model", "model": "electricity:block/coke_oven/casing"}}, {"threshold": 17, "model": {"type": "model", "model": "electricity:block/coke_oven/power_unit"}}, {"threshold": 18, "model": {"type": "model", "model": "electricity:block/coke_oven/hopper_in"}}, {"threshold": 19, "model": {"type": "model", "model": "electricity:block/coke_oven/hopper_out"}}, {"threshold": 20, "model": {"type": "model", "model": "electricity:block/coke_oven/pipe_in"}}, {"threshold": 21, "model": {"type": "model", "model": "electricity:block/coke_oven/pipe_out"}}, {"threshold": 22, "model": {"type": "model", "model": "bees:block/centrifuge"}}, {"threshold": 23, "model": {"type": "model", "model": "bees:block/centrifuge_on"}}, {"threshold": 24, "model": {"type": "model", "model": "bees:block/genes_analyzer"}}, {"threshold": 25, "model": {"type": "model", "model": "bees:block/honeycomb_cutter"}}]}}