{"model": {"type": "range_dispatch", "property": "custom_model_data", "fallback": {"type": "model", "model": "minecraft:block/cut_copper_stairs"}, "entries": [{"threshold": 1, "model": {"type": "model", "model": "electricity:block/wire/kanthal/011000"}}, {"threshold": 2, "model": {"type": "model", "model": "electricity:block/wire/kanthal/011001"}}, {"threshold": 3, "model": {"type": "model", "model": "electricity:block/wire/kanthal/011010"}}, {"threshold": 4, "model": {"type": "model", "model": "electricity:block/wire/kanthal/011011"}}, {"threshold": 5, "model": {"type": "model", "model": "electricity:block/wire/kanthal/011100"}}, {"threshold": 6, "model": {"type": "model", "model": "electricity:block/wire/kanthal/011101"}}, {"threshold": 7, "model": {"type": "model", "model": "electricity:block/wire/kanthal/011110"}}, {"threshold": 8, "model": {"type": "model", "model": "electricity:block/wire/kanthal/011111"}}, {"threshold": 9, "model": {"type": "model", "model": "electricity:block/wire/kanthal/100000"}}, {"threshold": 10, "model": {"type": "model", "model": "electricity:block/wire/kanthal/100001"}}, {"threshold": 11, "model": {"type": "model", "model": "electricity:block/wire/kanthal/100010"}}, {"threshold": 12, "model": {"type": "model", "model": "electricity:block/wire/kanthal/100011"}}, {"threshold": 13, "model": {"type": "model", "model": "electricity:block/wire/kanthal/100100"}}, {"threshold": 14, "model": {"type": "model", "model": "electricity:block/wire/kanthal/100101"}}, {"threshold": 15, "model": {"type": "model", "model": "electricity:block/wire/kanthal/100110"}}, {"threshold": 16, "model": {"type": "model", "model": "electricity:block/wire/kanthal/100111"}}, {"threshold": 17, "model": {"type": "model", "model": "electricity:block/wire/kanthal/101000"}}, {"threshold": 18, "model": {"type": "model", "model": "electricity:block/wire/kanthal/101001"}}, {"threshold": 19, "model": {"type": "model", "model": "electricity:block/wire/kanthal/101010"}}, {"threshold": 20, "model": {"type": "model", "model": "electricity:block/wire/kanthal/101011"}}, {"threshold": 21, "model": {"type": "model", "model": "electricity:block/wire/kanthal/101100"}}, {"threshold": 22, "model": {"type": "model", "model": "electricity:block/wire/kanthal/101101"}}, {"threshold": 23, "model": {"type": "model", "model": "electricity:block/wire/kanthal/101110"}}, {"threshold": 24, "model": {"type": "model", "model": "electricity:block/wire/kanthal/101111"}}, {"threshold": 25, "model": {"type": "model", "model": "electricity:block/wire/kanthal/110000"}}]}}