{"model": {"type": "range_dispatch", "property": "custom_model_data", "fallback": {"type": "model", "model": "minecraft:block/cut_copper"}, "entries": [{"threshold": 1, "model": {"type": "model", "model": "electricity:block/wire/cupronickel/110110"}}, {"threshold": 2, "model": {"type": "model", "model": "electricity:block/wire/cupronickel/110111"}}, {"threshold": 3, "model": {"type": "model", "model": "electricity:block/wire/cupronickel/111000"}}, {"threshold": 4, "model": {"type": "model", "model": "electricity:block/wire/cupronickel/111001"}}, {"threshold": 5, "model": {"type": "model", "model": "electricity:block/wire/cupronickel/111010"}}, {"threshold": 6, "model": {"type": "model", "model": "electricity:block/wire/cupronickel/111011"}}, {"threshold": 7, "model": {"type": "model", "model": "electricity:block/wire/cupronickel/111100"}}, {"threshold": 8, "model": {"type": "model", "model": "electricity:block/wire/cupronickel/111101"}}, {"threshold": 9, "model": {"type": "model", "model": "electricity:block/wire/cupronickel/111110"}}, {"threshold": 10, "model": {"type": "model", "model": "electricity:block/wire/cupronickel/111111"}}, {"threshold": 11, "model": {"type": "model", "model": "electricity:block/wire/cupronickel/inventory"}}, {"threshold": 12, "model": {"type": "model", "model": "electricity:block/wire/electrum/000000"}}, {"threshold": 13, "model": {"type": "model", "model": "electricity:block/wire/electrum/000001"}}, {"threshold": 14, "model": {"type": "model", "model": "electricity:block/wire/electrum/000010"}}, {"threshold": 15, "model": {"type": "model", "model": "electricity:block/wire/electrum/000011"}}, {"threshold": 16, "model": {"type": "model", "model": "electricity:block/wire/electrum/000100"}}, {"threshold": 17, "model": {"type": "model", "model": "electricity:block/wire/electrum/000101"}}, {"threshold": 18, "model": {"type": "model", "model": "electricity:block/wire/electrum/000110"}}, {"threshold": 19, "model": {"type": "model", "model": "electricity:block/wire/electrum/000111"}}, {"threshold": 20, "model": {"type": "model", "model": "electricity:block/wire/electrum/001000"}}, {"threshold": 21, "model": {"type": "model", "model": "electricity:block/wire/electrum/001001"}}, {"threshold": 22, "model": {"type": "model", "model": "electricity:block/wire/electrum/001010"}}, {"threshold": 23, "model": {"type": "model", "model": "electricity:block/wire/electrum/001011"}}, {"threshold": 24, "model": {"type": "model", "model": "electricity:block/wire/electrum/001100"}}, {"threshold": 25, "model": {"type": "model", "model": "electricity:block/wire/electrum/001101"}}]}}