{"model": {"type": "range_dispatch", "property": "custom_model_data", "fallback": {"type": "model", "model": "minecraft:item/diamond_hoe"}, "entries": [{"threshold": 1, "model": {"type": "model", "model": "mechsandtechs:item/wrench"}}, {"threshold": 2, "model": {"type": "model", "model": "mechsandtechs:item/advanced_wrench"}}, {"threshold": 100, "model": {"type": "model", "model": "general:item/sledgehammer/diamond"}}, {"threshold": 110, "model": {"type": "model", "model": "general:item/soldering/soldering_iron_empty"}}, {"threshold": 111, "model": {"type": "model", "model": "general:item/soldering/soldering_iron_iron"}}, {"threshold": 112, "model": {"type": "model", "model": "general:item/soldering/soldering_iron_steel"}}, {"threshold": 120, "model": {"type": "model", "model": "general:item/soldering/tin_solder"}}, {"threshold": 121, "model": {"type": "model", "model": "general:item/soldering/lead_solder"}}, {"threshold": 1001000, "model": {"type": "model", "model": "customization:item/advanced_wrench/eureka"}}, {"threshold": 1001001, "model": {"type": "model", "model": "customization:item/advanced_wrench/gold"}}, {"threshold": 1001002, "model": {"type": "model", "model": "customization:item/advanced_wrench/copper"}}, {"threshold": 1001100, "model": {"type": "model", "model": "customization:item/advanced_wrench/sculk"}}, {"threshold": 1001101, "model": {"type": "model", "model": "customization:item/advanced_wrench/amethyst"}}, {"threshold": 1001102, "model": {"type": "model", "model": "customization:item/advanced_wrench/mossy"}}, {"threshold": 1001110, "model": {"type": "model", "model": "customization:item/advanced_wrench/july1_2025"}}]}}