{"model": {"type": "range_dispatch", "property": "custom_model_data", "fallback": {"type": "model", "model": "minecraft:block/dirt"}, "entries": [{"threshold": 1, "model": {"type": "model", "model": "electricity:block/assembly_machine_inventory"}}, {"threshold": 2, "model": {"type": "model", "model": "electricity:block/thermal_centrifuge_inventory"}}, {"threshold": 3, "model": {"type": "model", "model": "electricity:block/chemical_reactor_inventory"}}, {"threshold": 4, "model": {"type": "model", "model": "electricity:block/extractor_inventory"}}, {"threshold": 5, "model": {"type": "model", "model": "electricity:block/distiller_inventory"}}, {"threshold": 6, "model": {"type": "model", "model": "electricity:block/electrolyzer_inventory"}}, {"threshold": 7, "model": {"type": "model", "model": "electricity:block/crafting_table_inventory"}}, {"threshold": 8, "model": {"type": "model", "model": "electricity:block/soldering_table_inventory"}}, {"threshold": 9, "model": {"type": "model", "model": "electricity:block/stabilizing_room/controller"}}, {"threshold": 10, "model": {"type": "model", "model": "electricity:block/stabilizing_room/controller_on"}}, {"threshold": 11, "model": {"type": "model", "model": "electricity:block/stabilizing_room/casing"}}, {"threshold": 12, "model": {"type": "model", "model": "electricity:block/stabilizing_room/glass"}}, {"threshold": 13, "model": {"type": "model", "model": "electricity:block/stabilizing_room/power_unit"}}, {"threshold": 14, "model": {"type": "model", "model": "electricity:block/stabilizing_room/freezer"}}, {"threshold": 15, "model": {"type": "model", "model": "electricity:block/stabilizing_room/diode"}}, {"threshold": 16, "model": {"type": "model", "model": "electricity:block/stabilizing_room/electric_storage_bus"}}, {"threshold": 17, "model": {"type": "model", "model": "electricity:block/turbine/big/controller"}}, {"threshold": 18, "model": {"type": "model", "model": "electricity:block/turbine/big/controller_on"}}, {"threshold": 19, "model": {"type": "model", "model": "electricity:block/turbine/big/casing"}}, {"threshold": 20, "model": {"type": "model", "model": "electricity:block/turbine/big/generator_1"}}, {"threshold": 21, "model": {"type": "model", "model": "electricity:block/turbine/big/generator_1_on"}}, {"threshold": 22, "model": {"type": "model", "model": "electricity:block/turbine/big/generator_2"}}, {"threshold": 23, "model": {"type": "model", "model": "electricity:block/turbine/big/generator_2_on"}}, {"threshold": 24, "model": {"type": "model", "model": "electricity:block/turbine/big/pipe_in"}}, {"threshold": 25, "model": {"type": "model", "model": "electricity:block/turbine/big/completed/steam"}}]}}