{"model": {"type": "range_dispatch", "property": "custom_model_data", "fallback": {"type": "model", "model": "minecraft:block/exposed_cut_copper_slab"}, "entries": [{"threshold": 1, "model": {"type": "model", "model": "electricity:block/wire/niobium/010011"}}, {"threshold": 2, "model": {"type": "model", "model": "electricity:block/wire/niobium/010100"}}, {"threshold": 3, "model": {"type": "model", "model": "electricity:block/wire/niobium/010101"}}, {"threshold": 4, "model": {"type": "model", "model": "electricity:block/wire/niobium/010110"}}, {"threshold": 5, "model": {"type": "model", "model": "electricity:block/wire/niobium/010111"}}, {"threshold": 6, "model": {"type": "model", "model": "electricity:block/wire/niobium/011000"}}, {"threshold": 7, "model": {"type": "model", "model": "electricity:block/wire/niobium/011001"}}, {"threshold": 8, "model": {"type": "model", "model": "electricity:block/wire/niobium/011010"}}, {"threshold": 9, "model": {"type": "model", "model": "electricity:block/wire/niobium/011011"}}, {"threshold": 10, "model": {"type": "model", "model": "electricity:block/wire/niobium/011100"}}, {"threshold": 11, "model": {"type": "model", "model": "electricity:block/wire/niobium/011101"}}, {"threshold": 12, "model": {"type": "model", "model": "electricity:block/wire/niobium/011110"}}, {"threshold": 13, "model": {"type": "model", "model": "electricity:block/wire/niobium/011111"}}, {"threshold": 14, "model": {"type": "model", "model": "electricity:block/wire/niobium/100000"}}, {"threshold": 15, "model": {"type": "model", "model": "electricity:block/wire/niobium/100001"}}, {"threshold": 16, "model": {"type": "model", "model": "electricity:block/wire/niobium/100010"}}, {"threshold": 17, "model": {"type": "model", "model": "electricity:block/wire/niobium/100011"}}, {"threshold": 18, "model": {"type": "model", "model": "electricity:block/wire/niobium/100100"}}, {"threshold": 19, "model": {"type": "model", "model": "electricity:block/wire/niobium/100101"}}, {"threshold": 20, "model": {"type": "model", "model": "electricity:block/wire/niobium/100110"}}, {"threshold": 21, "model": {"type": "model", "model": "electricity:block/wire/niobium/100111"}}, {"threshold": 22, "model": {"type": "model", "model": "electricity:block/wire/niobium/101000"}}, {"threshold": 23, "model": {"type": "model", "model": "electricity:block/wire/niobium/101001"}}, {"threshold": 24, "model": {"type": "model", "model": "electricity:block/wire/niobium/101010"}}, {"threshold": 25, "model": {"type": "model", "model": "electricity:block/wire/niobium/101011"}}]}}