{"model": {"type": "range_dispatch", "property": "custom_model_data", "fallback": {"type": "model", "model": "minecraft:block/exposed_cut_copper"}, "entries": [{"threshold": 1, "model": {"type": "model", "model": "electricity:block/wire/electrum/001110"}}, {"threshold": 2, "model": {"type": "model", "model": "electricity:block/wire/electrum/001111"}}, {"threshold": 3, "model": {"type": "model", "model": "electricity:block/wire/electrum/010000"}}, {"threshold": 4, "model": {"type": "model", "model": "electricity:block/wire/electrum/010001"}}, {"threshold": 5, "model": {"type": "model", "model": "electricity:block/wire/electrum/010010"}}, {"threshold": 6, "model": {"type": "model", "model": "electricity:block/wire/electrum/010011"}}, {"threshold": 7, "model": {"type": "model", "model": "electricity:block/wire/electrum/010100"}}, {"threshold": 8, "model": {"type": "model", "model": "electricity:block/wire/electrum/010101"}}, {"threshold": 9, "model": {"type": "model", "model": "electricity:block/wire/electrum/010110"}}, {"threshold": 10, "model": {"type": "model", "model": "electricity:block/wire/electrum/010111"}}, {"threshold": 11, "model": {"type": "model", "model": "electricity:block/wire/electrum/011000"}}, {"threshold": 12, "model": {"type": "model", "model": "electricity:block/wire/electrum/011001"}}, {"threshold": 13, "model": {"type": "model", "model": "electricity:block/wire/electrum/011010"}}, {"threshold": 14, "model": {"type": "model", "model": "electricity:block/wire/electrum/011011"}}, {"threshold": 15, "model": {"type": "model", "model": "electricity:block/wire/electrum/011100"}}, {"threshold": 16, "model": {"type": "model", "model": "electricity:block/wire/electrum/011101"}}, {"threshold": 17, "model": {"type": "model", "model": "electricity:block/wire/electrum/011110"}}, {"threshold": 18, "model": {"type": "model", "model": "electricity:block/wire/electrum/011111"}}, {"threshold": 19, "model": {"type": "model", "model": "electricity:block/wire/electrum/100000"}}, {"threshold": 20, "model": {"type": "model", "model": "electricity:block/wire/electrum/100001"}}, {"threshold": 21, "model": {"type": "model", "model": "electricity:block/wire/electrum/100010"}}, {"threshold": 22, "model": {"type": "model", "model": "electricity:block/wire/electrum/100011"}}, {"threshold": 23, "model": {"type": "model", "model": "electricity:block/wire/electrum/100100"}}, {"threshold": 24, "model": {"type": "model", "model": "electricity:block/wire/electrum/100101"}}, {"threshold": 25, "model": {"type": "model", "model": "electricity:block/wire/electrum/100110"}}]}}