{"model": {"type": "range_dispatch", "property": "custom_model_data", "fallback": {"type": "model", "model": "minecraft:block/exposed_cut_copper_stairs"}, "entries": [{"threshold": 1, "model": {"type": "model", "model": "electricity:block/wire/kanthal/110001"}}, {"threshold": 2, "model": {"type": "model", "model": "electricity:block/wire/kanthal/110010"}}, {"threshold": 3, "model": {"type": "model", "model": "electricity:block/wire/kanthal/110011"}}, {"threshold": 4, "model": {"type": "model", "model": "electricity:block/wire/kanthal/110100"}}, {"threshold": 5, "model": {"type": "model", "model": "electricity:block/wire/kanthal/110101"}}, {"threshold": 6, "model": {"type": "model", "model": "electricity:block/wire/kanthal/110110"}}, {"threshold": 7, "model": {"type": "model", "model": "electricity:block/wire/kanthal/110111"}}, {"threshold": 8, "model": {"type": "model", "model": "electricity:block/wire/kanthal/111000"}}, {"threshold": 9, "model": {"type": "model", "model": "electricity:block/wire/kanthal/111001"}}, {"threshold": 10, "model": {"type": "model", "model": "electricity:block/wire/kanthal/111010"}}, {"threshold": 11, "model": {"type": "model", "model": "electricity:block/wire/kanthal/111011"}}, {"threshold": 12, "model": {"type": "model", "model": "electricity:block/wire/kanthal/111100"}}, {"threshold": 13, "model": {"type": "model", "model": "electricity:block/wire/kanthal/111101"}}, {"threshold": 14, "model": {"type": "model", "model": "electricity:block/wire/kanthal/111110"}}, {"threshold": 15, "model": {"type": "model", "model": "electricity:block/wire/kanthal/111111"}}, {"threshold": 16, "model": {"type": "model", "model": "electricity:block/wire/kanthal/inventory"}}, {"threshold": 17, "model": {"type": "model", "model": "electricity:block/wire/fiberglass/000000"}}, {"threshold": 18, "model": {"type": "model", "model": "electricity:block/wire/fiberglass/000001"}}, {"threshold": 19, "model": {"type": "model", "model": "electricity:block/wire/fiberglass/000010"}}, {"threshold": 20, "model": {"type": "model", "model": "electricity:block/wire/fiberglass/000011"}}, {"threshold": 21, "model": {"type": "model", "model": "electricity:block/wire/fiberglass/000100"}}, {"threshold": 22, "model": {"type": "model", "model": "electricity:block/wire/fiberglass/000101"}}, {"threshold": 23, "model": {"type": "model", "model": "electricity:block/wire/fiberglass/000110"}}, {"threshold": 24, "model": {"type": "model", "model": "electricity:block/wire/fiberglass/000111"}}, {"threshold": 25, "model": {"type": "model", "model": "electricity:block/wire/fiberglass/001000"}}]}}