{"model": {"type": "range_dispatch", "property": "custom_model_data", "fallback": {"type": "model", "model": "minecraft:block/exposed_copper"}, "entries": [{"threshold": 1, "model": {"type": "model", "model": "electricity:block/wire/iron/101100"}}, {"threshold": 2, "model": {"type": "model", "model": "electricity:block/wire/iron/101101"}}, {"threshold": 3, "model": {"type": "model", "model": "electricity:block/wire/iron/101110"}}, {"threshold": 4, "model": {"type": "model", "model": "electricity:block/wire/iron/101111"}}, {"threshold": 5, "model": {"type": "model", "model": "electricity:block/wire/iron/110000"}}, {"threshold": 6, "model": {"type": "model", "model": "electricity:block/wire/iron/110001"}}, {"threshold": 7, "model": {"type": "model", "model": "electricity:block/wire/iron/110010"}}, {"threshold": 8, "model": {"type": "model", "model": "electricity:block/wire/iron/110011"}}, {"threshold": 9, "model": {"type": "model", "model": "electricity:block/wire/iron/110100"}}, {"threshold": 10, "model": {"type": "model", "model": "electricity:block/wire/iron/110101"}}, {"threshold": 11, "model": {"type": "model", "model": "electricity:block/wire/iron/110110"}}, {"threshold": 12, "model": {"type": "model", "model": "electricity:block/wire/iron/110111"}}, {"threshold": 13, "model": {"type": "model", "model": "electricity:block/wire/iron/111000"}}, {"threshold": 14, "model": {"type": "model", "model": "electricity:block/wire/iron/111001"}}, {"threshold": 15, "model": {"type": "model", "model": "electricity:block/wire/iron/111010"}}, {"threshold": 16, "model": {"type": "model", "model": "electricity:block/wire/iron/111011"}}, {"threshold": 17, "model": {"type": "model", "model": "electricity:block/wire/iron/111100"}}, {"threshold": 18, "model": {"type": "model", "model": "electricity:block/wire/iron/111101"}}, {"threshold": 19, "model": {"type": "model", "model": "electricity:block/wire/iron/111110"}}, {"threshold": 20, "model": {"type": "model", "model": "electricity:block/wire/iron/111111"}}, {"threshold": 21, "model": {"type": "model", "model": "electricity:block/wire/iron/inventory"}}, {"threshold": 22, "model": {"type": "model", "model": "electricity:block/wire/cupronickel/000000"}}, {"threshold": 23, "model": {"type": "model", "model": "electricity:block/wire/cupronickel/000001"}}, {"threshold": 24, "model": {"type": "model", "model": "electricity:block/wire/cupronickel/000010"}}, {"threshold": 25, "model": {"type": "model", "model": "electricity:block/wire/cupronickel/000011"}}]}}