{"model": {"type": "range_dispatch", "property": "custom_model_data", "fallback": {"type": "minecraft:condition", "property": "minecraft:fishing_rod/cast", "on_false": {"type": "minecraft:model", "model": "minecraft:item/fishing_rod"}, "on_true": {"type": "minecraft:model", "model": "minecraft:item/fishing_rod_cast"}}, "entries": [{"threshold": 100, "model": {"type": "minecraft:condition", "property": "minecraft:fishing_rod/cast", "on_false": {"type": "minecraft:model", "model": "general:item/iron_cutting_blade"}, "on_true": {"type": "minecraft:model", "model": "general:item/iron_cutting_blade"}}}, {"threshold": 101, "model": {"type": "minecraft:condition", "property": "minecraft:fishing_rod/cast", "on_false": {"type": "minecraft:model", "model": "general:item/diamond_cutting_blade"}, "on_true": {"type": "minecraft:model", "model": "general:item/diamond_cutting_blade"}}}, {"threshold": 110, "model": {"type": "minecraft:condition", "property": "minecraft:fishing_rod/cast", "on_false": {"type": "minecraft:model", "model": "general:item/artists_brush"}, "on_true": {"type": "minecraft:model", "model": "general:item/artists_brush"}}}, {"threshold": 200, "model": {"type": "minecraft:condition", "property": "minecraft:fishing_rod/cast", "on_false": {"type": "minecraft:model", "model": "electricity:item/small_accumulator"}, "on_true": {"type": "minecraft:model", "model": "electricity:item/small_accumulator"}}}, {"threshold": 201, "model": {"type": "minecraft:condition", "property": "minecraft:fishing_rod/cast", "on_false": {"type": "minecraft:model", "model": "electricity:item/accumulator"}, "on_true": {"type": "minecraft:model", "model": "electricity:item/accumulator"}}}, {"threshold": 202, "model": {"type": "minecraft:condition", "property": "minecraft:fishing_rod/cast", "on_false": {"type": "minecraft:model", "model": "electricity:item/big_accumulator"}, "on_true": {"type": "minecraft:model", "model": "electricity:item/big_accumulator"}}}, {"threshold": 500, "model": {"type": "minecraft:condition", "property": "minecraft:fishing_rod/cast", "on_false": {"type": "minecraft:model", "model": "electric_storage:item/item_storage_cell_1k"}, "on_true": {"type": "minecraft:model", "model": "electric_storage:item/item_storage_cell_1k"}}}, {"threshold": 501, "model": {"type": "minecraft:condition", "property": "minecraft:fishing_rod/cast", "on_false": {"type": "minecraft:model", "model": "electric_storage:item/item_storage_cell_4k"}, "on_true": {"type": "minecraft:model", "model": "electric_storage:item/item_storage_cell_4k"}}}, {"threshold": 502, "model": {"type": "minecraft:condition", "property": "minecraft:fishing_rod/cast", "on_false": {"type": "minecraft:model", "model": "electric_storage:item/item_storage_cell_16k"}, "on_true": {"type": "minecraft:model", "model": "electric_storage:item/item_storage_cell_16k"}}}, {"threshold": 503, "model": {"type": "minecraft:condition", "property": "minecraft:fishing_rod/cast", "on_false": {"type": "minecraft:model", "model": "electric_storage:item/item_storage_cell_64k"}, "on_true": {"type": "minecraft:model", "model": "electric_storage:item/item_storage_cell_64k"}}}, {"threshold": 510, "model": {"type": "minecraft:condition", "property": "minecraft:fishing_rod/cast", "on_false": {"type": "minecraft:model", "model": "electric_storage:item/fluid_storage_cell_1k"}, "on_true": {"type": "minecraft:model", "model": "electric_storage:item/fluid_storage_cell_1k"}}}, {"threshold": 511, "model": {"type": "minecraft:condition", "property": "minecraft:fishing_rod/cast", "on_false": {"type": "minecraft:model", "model": "electric_storage:item/fluid_storage_cell_4k"}, "on_true": {"type": "minecraft:model", "model": "electric_storage:item/fluid_storage_cell_4k"}}}, {"threshold": 512, "model": {"type": "minecraft:condition", "property": "minecraft:fishing_rod/cast", "on_false": {"type": "minecraft:model", "model": "electric_storage:item/fluid_storage_cell_16k"}, "on_true": {"type": "minecraft:model", "model": "electric_storage:item/fluid_storage_cell_16k"}}}, {"threshold": 513, "model": {"type": "minecraft:condition", "property": "minecraft:fishing_rod/cast", "on_false": {"type": "minecraft:model", "model": "electric_storage:item/fluid_storage_cell_64k"}, "on_true": {"type": "minecraft:model", "model": "electric_storage:item/fluid_storage_cell_64k"}}}, {"threshold": 10000, "model": {"type": "minecraft:condition", "property": "minecraft:fishing_rod/cast", "on_false": {"type": "minecraft:model", "model": "bees:item/frame/wooden/empty"}, "on_true": {"type": "minecraft:model", "model": "bees:item/frame/wooden/empty"}}}, {"threshold": 10001, "model": {"type": "minecraft:condition", "property": "minecraft:fishing_rod/cast", "on_false": {"type": "minecraft:model", "model": "bees:item/frame/wooden/honey"}, "on_true": {"type": "minecraft:model", "model": "bees:item/frame/wooden/honey"}}}, {"threshold": 10002, "model": {"type": "minecraft:condition", "property": "minecraft:fishing_rod/cast", "on_false": {"type": "minecraft:model", "model": "bees:item/frame/wooden/viscous"}, "on_true": {"type": "minecraft:model", "model": "bees:item/frame/wooden/viscous"}}}, {"threshold": 10003, "model": {"type": "minecraft:condition", "property": "minecraft:fishing_rod/cast", "on_false": {"type": "minecraft:model", "model": "bees:item/frame/wooden/silk"}, "on_true": {"type": "minecraft:model", "model": "bees:item/frame/wooden/silk"}}}, {"threshold": 10004, "model": {"type": "minecraft:condition", "property": "minecraft:fishing_rod/cast", "on_false": {"type": "minecraft:model", "model": "bees:item/frame/wooden/fire"}, "on_true": {"type": "minecraft:model", "model": "bees:item/frame/wooden/fire"}}}, {"threshold": 10005, "model": {"type": "minecraft:condition", "property": "minecraft:fishing_rod/cast", "on_false": {"type": "minecraft:model", "model": "bees:item/frame/wooden/coral"}, "on_true": {"type": "minecraft:model", "model": "bees:item/frame/wooden/coral"}}}, {"threshold": 10006, "model": {"type": "minecraft:condition", "property": "minecraft:fishing_rod/cast", "on_false": {"type": "minecraft:model", "model": "bees:item/frame/wooden/imperial"}, "on_true": {"type": "minecraft:model", "model": "bees:item/frame/wooden/imperial"}}}, {"threshold": 10007, "model": {"type": "minecraft:condition", "property": "minecraft:fishing_rod/cast", "on_false": {"type": "minecraft:model", "model": "bees:item/frame/wooden/ice"}, "on_true": {"type": "minecraft:model", "model": "bees:item/frame/wooden/ice"}}}, {"threshold": 10100, "model": {"type": "minecraft:condition", "property": "minecraft:fishing_rod/cast", "on_false": {"type": "minecraft:model", "model": "bees:item/frame/bronze/empty"}, "on_true": {"type": "minecraft:model", "model": "bees:item/frame/bronze/empty"}}}, {"threshold": 10101, "model": {"type": "minecraft:condition", "property": "minecraft:fishing_rod/cast", "on_false": {"type": "minecraft:model", "model": "bees:item/frame/bronze/honey"}, "on_true": {"type": "minecraft:model", "model": "bees:item/frame/bronze/honey"}}}, {"threshold": 10102, "model": {"type": "minecraft:condition", "property": "minecraft:fishing_rod/cast", "on_false": {"type": "minecraft:model", "model": "bees:item/frame/bronze/viscous"}, "on_true": {"type": "minecraft:model", "model": "bees:item/frame/bronze/viscous"}}}, {"threshold": 10103, "model": {"type": "minecraft:condition", "property": "minecraft:fishing_rod/cast", "on_false": {"type": "minecraft:model", "model": "bees:item/frame/bronze/silk"}, "on_true": {"type": "minecraft:model", "model": "bees:item/frame/bronze/silk"}}}, {"threshold": 10104, "model": {"type": "minecraft:condition", "property": "minecraft:fishing_rod/cast", "on_false": {"type": "minecraft:model", "model": "bees:item/frame/bronze/fire"}, "on_true": {"type": "minecraft:model", "model": "bees:item/frame/bronze/fire"}}}, {"threshold": 10105, "model": {"type": "minecraft:condition", "property": "minecraft:fishing_rod/cast", "on_false": {"type": "minecraft:model", "model": "bees:item/frame/bronze/coral"}, "on_true": {"type": "minecraft:model", "model": "bees:item/frame/bronze/coral"}}}, {"threshold": 10106, "model": {"type": "minecraft:condition", "property": "minecraft:fishing_rod/cast", "on_false": {"type": "minecraft:model", "model": "bees:item/frame/bronze/imperial"}, "on_true": {"type": "minecraft:model", "model": "bees:item/frame/bronze/imperial"}}}, {"threshold": 10107, "model": {"type": "minecraft:condition", "property": "minecraft:fishing_rod/cast", "on_false": {"type": "minecraft:model", "model": "bees:item/frame/bronze/ice"}, "on_true": {"type": "minecraft:model", "model": "bees:item/frame/bronze/ice"}}}, {"threshold": 10200, "model": {"type": "minecraft:condition", "property": "minecraft:fishing_rod/cast", "on_false": {"type": "minecraft:model", "model": "bees:item/frame/iron/empty"}, "on_true": {"type": "minecraft:model", "model": "bees:item/frame/iron/empty"}}}, {"threshold": 10201, "model": {"type": "minecraft:condition", "property": "minecraft:fishing_rod/cast", "on_false": {"type": "minecraft:model", "model": "bees:item/frame/iron/honey"}, "on_true": {"type": "minecraft:model", "model": "bees:item/frame/iron/honey"}}}, {"threshold": 10202, "model": {"type": "minecraft:condition", "property": "minecraft:fishing_rod/cast", "on_false": {"type": "minecraft:model", "model": "bees:item/frame/iron/viscous"}, "on_true": {"type": "minecraft:model", "model": "bees:item/frame/iron/viscous"}}}, {"threshold": 10203, "model": {"type": "minecraft:condition", "property": "minecraft:fishing_rod/cast", "on_false": {"type": "minecraft:model", "model": "bees:item/frame/iron/silk"}, "on_true": {"type": "minecraft:model", "model": "bees:item/frame/iron/silk"}}}, {"threshold": 10204, "model": {"type": "minecraft:condition", "property": "minecraft:fishing_rod/cast", "on_false": {"type": "minecraft:model", "model": "bees:item/frame/iron/fire"}, "on_true": {"type": "minecraft:model", "model": "bees:item/frame/iron/fire"}}}, {"threshold": 10205, "model": {"type": "minecraft:condition", "property": "minecraft:fishing_rod/cast", "on_false": {"type": "minecraft:model", "model": "bees:item/frame/iron/coral"}, "on_true": {"type": "minecraft:model", "model": "bees:item/frame/iron/coral"}}}, {"threshold": 10206, "model": {"type": "minecraft:condition", "property": "minecraft:fishing_rod/cast", "on_false": {"type": "minecraft:model", "model": "bees:item/frame/iron/imperial"}, "on_true": {"type": "minecraft:model", "model": "bees:item/frame/iron/imperial"}}}, {"threshold": 10207, "model": {"type": "minecraft:condition", "property": "minecraft:fishing_rod/cast", "on_false": {"type": "minecraft:model", "model": "bees:item/frame/iron/ice"}, "on_true": {"type": "minecraft:model", "model": "bees:item/frame/iron/ice"}}}, {"threshold": 10300, "model": {"type": "minecraft:condition", "property": "minecraft:fishing_rod/cast", "on_false": {"type": "minecraft:model", "model": "bees:item/frame/diamond/empty"}, "on_true": {"type": "minecraft:model", "model": "bees:item/frame/diamond/empty"}}}, {"threshold": 10301, "model": {"type": "minecraft:condition", "property": "minecraft:fishing_rod/cast", "on_false": {"type": "minecraft:model", "model": "bees:item/frame/diamond/honey"}, "on_true": {"type": "minecraft:model", "model": "bees:item/frame/diamond/honey"}}}, {"threshold": 10302, "model": {"type": "minecraft:condition", "property": "minecraft:fishing_rod/cast", "on_false": {"type": "minecraft:model", "model": "bees:item/frame/diamond/viscous"}, "on_true": {"type": "minecraft:model", "model": "bees:item/frame/diamond/viscous"}}}, {"threshold": 10303, "model": {"type": "minecraft:condition", "property": "minecraft:fishing_rod/cast", "on_false": {"type": "minecraft:model", "model": "bees:item/frame/diamond/silk"}, "on_true": {"type": "minecraft:model", "model": "bees:item/frame/diamond/silk"}}}, {"threshold": 10304, "model": {"type": "minecraft:condition", "property": "minecraft:fishing_rod/cast", "on_false": {"type": "minecraft:model", "model": "bees:item/frame/diamond/fire"}, "on_true": {"type": "minecraft:model", "model": "bees:item/frame/diamond/fire"}}}, {"threshold": 10305, "model": {"type": "minecraft:condition", "property": "minecraft:fishing_rod/cast", "on_false": {"type": "minecraft:model", "model": "bees:item/frame/diamond/coral"}, "on_true": {"type": "minecraft:model", "model": "bees:item/frame/diamond/coral"}}}, {"threshold": 10306, "model": {"type": "minecraft:condition", "property": "minecraft:fishing_rod/cast", "on_false": {"type": "minecraft:model", "model": "bees:item/frame/diamond/imperial"}, "on_true": {"type": "minecraft:model", "model": "bees:item/frame/diamond/imperial"}}}, {"threshold": 10307, "model": {"type": "minecraft:condition", "property": "minecraft:fishing_rod/cast", "on_false": {"type": "minecraft:model", "model": "bees:item/frame/diamond/ice"}, "on_true": {"type": "minecraft:model", "model": "bees:item/frame/diamond/ice"}}}]}}