{"model": {"type": "range_dispatch", "property": "custom_model_data", "fallback": {"type": "model", "model": "minecraft:item/iron_door"}, "entries": [{"threshold": 200, "model": {"type": "model", "model": "electricity:block/clean_room/door_inventory"}}, {"threshold": 201, "model": {"type": "model", "model": "electricity:block/clean_room/door"}}, {"threshold": 210, "model": {"type": "model", "model": "electricity:block/stabilizing_room/door_inventory"}}, {"threshold": 211, "model": {"type": "model", "model": "electricity:block/stabilizing_room/door"}}]}}