{"model": {"type": "range_dispatch", "property": "custom_model_data", "fallback": {"type": "model", "model": "minecraft:item/iron_hoe"}, "entries": [{"threshold": 1, "model": {"type": "model", "model": "mechsandtechs:item/wrench"}}, {"threshold": 2, "model": {"type": "model", "model": "mechsandtechs:item/advanced_wrench"}}, {"threshold": 100, "model": {"type": "model", "model": "general:item/sledgehammer/iron"}}, {"threshold": 110, "model": {"type": "model", "model": "general:item/resource/bronze/hoe"}}, {"threshold": 200, "model": {"type": "model", "model": "electricity:item/rotor/wooden"}}, {"threshold": 201, "model": {"type": "model", "model": "electricity:item/rotor/iron"}}, {"threshold": 202, "model": {"type": "model", "model": "electricity:item/rotor/steel"}}, {"threshold": 203, "model": {"type": "model", "model": "electricity:item/rotor/carbon"}}, {"threshold": 300, "model": {"type": "model", "model": "bees:item/diamond_knife"}}]}}