{"model": {"type": "range_dispatch", "property": "custom_model_data", "fallback": {"type": "model", "model": "minecraft:item/leather_horse_armor", "tints": [{"type": "minecraft:dye", "default": -6265536}]}, "entries": [{"threshold": 1, "model": {"type": "model", "model": "general:item/empty_disc", "tints": [{"type": "minecraft:dye", "default": -6265536}]}}, {"threshold": 2, "model": {"type": "model", "model": "general:item/disc", "tints": [{"type": "minecraft:dye", "default": -6265536}]}}, {"threshold": 3, "model": {"type": "model", "model": "general:item/broken_disc", "tints": [{"type": "minecraft:dye", "default": -6265536}]}}, {"threshold": 10, "model": {"type": "model", "model": "general:item/filled_mob_orb", "tints": [{"type": "minecraft:dye", "default": -6265536}]}}, {"threshold": 20, "model": {"type": "model", "model": "general:item/backpack", "tints": [{"type": "minecraft:dye", "default": -6265536}]}}, {"threshold": 21, "model": {"type": "model", "model": "general:item/backpack_rainbow", "tints": [{"type": "minecraft:dye", "default": -6265536}]}}, {"threshold": 100, "model": {"type": "model", "model": "general:block/elevator/default", "tints": [{"type": "minecraft:dye", "default": -6265536}]}}, {"threshold": 101, "model": {"type": "model", "model": "general:block/elevator/north", "tints": [{"type": "minecraft:dye", "default": -6265536}]}}, {"threshold": 102, "model": {"type": "model", "model": "general:block/elevator/east", "tints": [{"type": "minecraft:dye", "default": -6265536}]}}, {"threshold": 103, "model": {"type": "model", "model": "general:block/elevator/south", "tints": [{"type": "minecraft:dye", "default": -6265536}]}}, {"threshold": 104, "model": {"type": "model", "model": "general:block/elevator/west", "tints": [{"type": "minecraft:dye", "default": -6265536}]}}, {"threshold": 13000, "model": {"type": "model", "model": "electric_storage:block/cable/pure/000000", "tints": [{"type": "minecraft:dye", "default": -6265536}]}}, {"threshold": 13001, "model": {"type": "model", "model": "electric_storage:block/cable/pure/000001", "tints": [{"type": "minecraft:dye", "default": -6265536}]}}, {"threshold": 13002, "model": {"type": "model", "model": "electric_storage:block/cable/pure/000010", "tints": [{"type": "minecraft:dye", "default": -6265536}]}}, {"threshold": 13003, "model": {"type": "model", "model": "electric_storage:block/cable/pure/000011", "tints": [{"type": "minecraft:dye", "default": -6265536}]}}, {"threshold": 13004, "model": {"type": "model", "model": "electric_storage:block/cable/pure/000100", "tints": [{"type": "minecraft:dye", "default": -6265536}]}}, {"threshold": 13005, "model": {"type": "model", "model": "electric_storage:block/cable/pure/000101", "tints": [{"type": "minecraft:dye", "default": -6265536}]}}, {"threshold": 13006, "model": {"type": "model", "model": "electric_storage:block/cable/pure/000110", "tints": [{"type": "minecraft:dye", "default": -6265536}]}}, {"threshold": 13007, "model": {"type": "model", "model": "electric_storage:block/cable/pure/000111", "tints": [{"type": "minecraft:dye", "default": -6265536}]}}, {"threshold": 13008, "model": {"type": "model", "model": "electric_storage:block/cable/pure/001000", "tints": [{"type": "minecraft:dye", "default": -6265536}]}}, {"threshold": 13009, "model": {"type": "model", "model": "electric_storage:block/cable/pure/001001", "tints": [{"type": "minecraft:dye", "default": -6265536}]}}, {"threshold": 13010, "model": {"type": "model", "model": "electric_storage:block/cable/pure/001010", "tints": [{"type": "minecraft:dye", "default": -6265536}]}}, {"threshold": 13011, "model": {"type": "model", "model": "electric_storage:block/cable/pure/001011", "tints": [{"type": "minecraft:dye", "default": -6265536}]}}, {"threshold": 13012, "model": {"type": "model", "model": "electric_storage:block/cable/pure/001100", "tints": [{"type": "minecraft:dye", "default": -6265536}]}}, {"threshold": 13013, "model": {"type": "model", "model": "electric_storage:block/cable/pure/001101", "tints": [{"type": "minecraft:dye", "default": -6265536}]}}, {"threshold": 13014, "model": {"type": "model", "model": "electric_storage:block/cable/pure/001110", "tints": [{"type": "minecraft:dye", "default": -6265536}]}}, {"threshold": 13015, "model": {"type": "model", "model": "electric_storage:block/cable/pure/001111", "tints": [{"type": "minecraft:dye", "default": -6265536}]}}, {"threshold": 13016, "model": {"type": "model", "model": "electric_storage:block/cable/pure/010000", "tints": [{"type": "minecraft:dye", "default": -6265536}]}}, {"threshold": 13017, "model": {"type": "model", "model": "electric_storage:block/cable/pure/010001", "tints": [{"type": "minecraft:dye", "default": -6265536}]}}, {"threshold": 13018, "model": {"type": "model", "model": "electric_storage:block/cable/pure/010010", "tints": [{"type": "minecraft:dye", "default": -6265536}]}}, {"threshold": 13019, "model": {"type": "model", "model": "electric_storage:block/cable/pure/010011", "tints": [{"type": "minecraft:dye", "default": -6265536}]}}, {"threshold": 13020, "model": {"type": "model", "model": "electric_storage:block/cable/pure/010100", "tints": [{"type": "minecraft:dye", "default": -6265536}]}}, {"threshold": 13021, "model": {"type": "model", "model": "electric_storage:block/cable/pure/010101", "tints": [{"type": "minecraft:dye", "default": -6265536}]}}, {"threshold": 13022, "model": {"type": "model", "model": "electric_storage:block/cable/pure/010110", "tints": [{"type": "minecraft:dye", "default": -6265536}]}}, {"threshold": 13023, "model": {"type": "model", "model": "electric_storage:block/cable/pure/010111", "tints": [{"type": "minecraft:dye", "default": -6265536}]}}, {"threshold": 13024, "model": {"type": "model", "model": "electric_storage:block/cable/pure/011000", "tints": [{"type": "minecraft:dye", "default": -6265536}]}}, {"threshold": 13025, "model": {"type": "model", "model": "electric_storage:block/cable/pure/011001", "tints": [{"type": "minecraft:dye", "default": -6265536}]}}, {"threshold": 13026, "model": {"type": "model", "model": "electric_storage:block/cable/pure/011010", "tints": [{"type": "minecraft:dye", "default": -6265536}]}}, {"threshold": 13027, "model": {"type": "model", "model": "electric_storage:block/cable/pure/011011", "tints": [{"type": "minecraft:dye", "default": -6265536}]}}, {"threshold": 13028, "model": {"type": "model", "model": "electric_storage:block/cable/pure/011100", "tints": [{"type": "minecraft:dye", "default": -6265536}]}}, {"threshold": 13029, "model": {"type": "model", "model": "electric_storage:block/cable/pure/011101", "tints": [{"type": "minecraft:dye", "default": -6265536}]}}, {"threshold": 13030, "model": {"type": "model", "model": "electric_storage:block/cable/pure/011110", "tints": [{"type": "minecraft:dye", "default": -6265536}]}}, {"threshold": 13031, "model": {"type": "model", "model": "electric_storage:block/cable/pure/011111", "tints": [{"type": "minecraft:dye", "default": -6265536}]}}, {"threshold": 13032, "model": {"type": "model", "model": "electric_storage:block/cable/pure/100000", "tints": [{"type": "minecraft:dye", "default": -6265536}]}}, {"threshold": 13033, "model": {"type": "model", "model": "electric_storage:block/cable/pure/100001", "tints": [{"type": "minecraft:dye", "default": -6265536}]}}, {"threshold": 13034, "model": {"type": "model", "model": "electric_storage:block/cable/pure/100010", "tints": [{"type": "minecraft:dye", "default": -6265536}]}}, {"threshold": 13035, "model": {"type": "model", "model": "electric_storage:block/cable/pure/100011", "tints": [{"type": "minecraft:dye", "default": -6265536}]}}, {"threshold": 13036, "model": {"type": "model", "model": "electric_storage:block/cable/pure/100100", "tints": [{"type": "minecraft:dye", "default": -6265536}]}}, {"threshold": 13037, "model": {"type": "model", "model": "electric_storage:block/cable/pure/100101", "tints": [{"type": "minecraft:dye", "default": -6265536}]}}, {"threshold": 13038, "model": {"type": "model", "model": "electric_storage:block/cable/pure/100110", "tints": [{"type": "minecraft:dye", "default": -6265536}]}}, {"threshold": 13039, "model": {"type": "model", "model": "electric_storage:block/cable/pure/100111", "tints": [{"type": "minecraft:dye", "default": -6265536}]}}, {"threshold": 13040, "model": {"type": "model", "model": "electric_storage:block/cable/pure/101000", "tints": [{"type": "minecraft:dye", "default": -6265536}]}}, {"threshold": 13041, "model": {"type": "model", "model": "electric_storage:block/cable/pure/101001", "tints": [{"type": "minecraft:dye", "default": -6265536}]}}, {"threshold": 13042, "model": {"type": "model", "model": "electric_storage:block/cable/pure/101010", "tints": [{"type": "minecraft:dye", "default": -6265536}]}}, {"threshold": 13043, "model": {"type": "model", "model": "electric_storage:block/cable/pure/101011", "tints": [{"type": "minecraft:dye", "default": -6265536}]}}, {"threshold": 13044, "model": {"type": "model", "model": "electric_storage:block/cable/pure/101100", "tints": [{"type": "minecraft:dye", "default": -6265536}]}}, {"threshold": 13045, "model": {"type": "model", "model": "electric_storage:block/cable/pure/101101", "tints": [{"type": "minecraft:dye", "default": -6265536}]}}, {"threshold": 13046, "model": {"type": "model", "model": "electric_storage:block/cable/pure/101110", "tints": [{"type": "minecraft:dye", "default": -6265536}]}}, {"threshold": 13047, "model": {"type": "model", "model": "electric_storage:block/cable/pure/101111", "tints": [{"type": "minecraft:dye", "default": -6265536}]}}, {"threshold": 13048, "model": {"type": "model", "model": "electric_storage:block/cable/pure/110000", "tints": [{"type": "minecraft:dye", "default": -6265536}]}}, {"threshold": 13049, "model": {"type": "model", "model": "electric_storage:block/cable/pure/110001", "tints": [{"type": "minecraft:dye", "default": -6265536}]}}, {"threshold": 13050, "model": {"type": "model", "model": "electric_storage:block/cable/pure/110010", "tints": [{"type": "minecraft:dye", "default": -6265536}]}}, {"threshold": 13051, "model": {"type": "model", "model": "electric_storage:block/cable/pure/110011", "tints": [{"type": "minecraft:dye", "default": -6265536}]}}, {"threshold": 13052, "model": {"type": "model", "model": "electric_storage:block/cable/pure/110100", "tints": [{"type": "minecraft:dye", "default": -6265536}]}}, {"threshold": 13053, "model": {"type": "model", "model": "electric_storage:block/cable/pure/110101", "tints": [{"type": "minecraft:dye", "default": -6265536}]}}, {"threshold": 13054, "model": {"type": "model", "model": "electric_storage:block/cable/pure/110110", "tints": [{"type": "minecraft:dye", "default": -6265536}]}}, {"threshold": 13055, "model": {"type": "model", "model": "electric_storage:block/cable/pure/110111", "tints": [{"type": "minecraft:dye", "default": -6265536}]}}, {"threshold": 13056, "model": {"type": "model", "model": "electric_storage:block/cable/pure/111000", "tints": [{"type": "minecraft:dye", "default": -6265536}]}}, {"threshold": 13057, "model": {"type": "model", "model": "electric_storage:block/cable/pure/111001", "tints": [{"type": "minecraft:dye", "default": -6265536}]}}, {"threshold": 13058, "model": {"type": "model", "model": "electric_storage:block/cable/pure/111010", "tints": [{"type": "minecraft:dye", "default": -6265536}]}}, {"threshold": 13059, "model": {"type": "model", "model": "electric_storage:block/cable/pure/111011", "tints": [{"type": "minecraft:dye", "default": -6265536}]}}, {"threshold": 13060, "model": {"type": "model", "model": "electric_storage:block/cable/pure/111100", "tints": [{"type": "minecraft:dye", "default": -6265536}]}}, {"threshold": 13061, "model": {"type": "model", "model": "electric_storage:block/cable/pure/111101", "tints": [{"type": "minecraft:dye", "default": -6265536}]}}, {"threshold": 13062, "model": {"type": "model", "model": "electric_storage:block/cable/pure/111110", "tints": [{"type": "minecraft:dye", "default": -6265536}]}}, {"threshold": 13063, "model": {"type": "model", "model": "electric_storage:block/cable/pure/111111", "tints": [{"type": "minecraft:dye", "default": -6265536}]}}, {"threshold": 13100, "model": {"type": "model", "model": "electric_storage:block/cable/pure_rainbow/000000", "tints": [{"type": "minecraft:dye", "default": -6265536}]}}, {"threshold": 13101, "model": {"type": "model", "model": "electric_storage:block/cable/pure_rainbow/000001", "tints": [{"type": "minecraft:dye", "default": -6265536}]}}, {"threshold": 13102, "model": {"type": "model", "model": "electric_storage:block/cable/pure_rainbow/000010", "tints": [{"type": "minecraft:dye", "default": -6265536}]}}, {"threshold": 13103, "model": {"type": "model", "model": "electric_storage:block/cable/pure_rainbow/000011", "tints": [{"type": "minecraft:dye", "default": -6265536}]}}, {"threshold": 13104, "model": {"type": "model", "model": "electric_storage:block/cable/pure_rainbow/000100", "tints": [{"type": "minecraft:dye", "default": -6265536}]}}, {"threshold": 13105, "model": {"type": "model", "model": "electric_storage:block/cable/pure_rainbow/000101", "tints": [{"type": "minecraft:dye", "default": -6265536}]}}, {"threshold": 13106, "model": {"type": "model", "model": "electric_storage:block/cable/pure_rainbow/000110", "tints": [{"type": "minecraft:dye", "default": -6265536}]}}, {"threshold": 13107, "model": {"type": "model", "model": "electric_storage:block/cable/pure_rainbow/000111", "tints": [{"type": "minecraft:dye", "default": -6265536}]}}, {"threshold": 13108, "model": {"type": "model", "model": "electric_storage:block/cable/pure_rainbow/001000", "tints": [{"type": "minecraft:dye", "default": -6265536}]}}, {"threshold": 13109, "model": {"type": "model", "model": "electric_storage:block/cable/pure_rainbow/001001", "tints": [{"type": "minecraft:dye", "default": -6265536}]}}, {"threshold": 13110, "model": {"type": "model", "model": "electric_storage:block/cable/pure_rainbow/001010", "tints": [{"type": "minecraft:dye", "default": -6265536}]}}, {"threshold": 13111, "model": {"type": "model", "model": "electric_storage:block/cable/pure_rainbow/001011", "tints": [{"type": "minecraft:dye", "default": -6265536}]}}, {"threshold": 13112, "model": {"type": "model", "model": "electric_storage:block/cable/pure_rainbow/001100", "tints": [{"type": "minecraft:dye", "default": -6265536}]}}, {"threshold": 13113, "model": {"type": "model", "model": "electric_storage:block/cable/pure_rainbow/001101", "tints": [{"type": "minecraft:dye", "default": -6265536}]}}, {"threshold": 13114, "model": {"type": "model", "model": "electric_storage:block/cable/pure_rainbow/001110", "tints": [{"type": "minecraft:dye", "default": -6265536}]}}, {"threshold": 13115, "model": {"type": "model", "model": "electric_storage:block/cable/pure_rainbow/001111", "tints": [{"type": "minecraft:dye", "default": -6265536}]}}, {"threshold": 13116, "model": {"type": "model", "model": "electric_storage:block/cable/pure_rainbow/010000", "tints": [{"type": "minecraft:dye", "default": -6265536}]}}, {"threshold": 13117, "model": {"type": "model", "model": "electric_storage:block/cable/pure_rainbow/010001", "tints": [{"type": "minecraft:dye", "default": -6265536}]}}, {"threshold": 13118, "model": {"type": "model", "model": "electric_storage:block/cable/pure_rainbow/010010", "tints": [{"type": "minecraft:dye", "default": -6265536}]}}, {"threshold": 13119, "model": {"type": "model", "model": "electric_storage:block/cable/pure_rainbow/010011", "tints": [{"type": "minecraft:dye", "default": -6265536}]}}, {"threshold": 13120, "model": {"type": "model", "model": "electric_storage:block/cable/pure_rainbow/010100", "tints": [{"type": "minecraft:dye", "default": -6265536}]}}, {"threshold": 13121, "model": {"type": "model", "model": "electric_storage:block/cable/pure_rainbow/010101", "tints": [{"type": "minecraft:dye", "default": -6265536}]}}, {"threshold": 13122, "model": {"type": "model", "model": "electric_storage:block/cable/pure_rainbow/010110", "tints": [{"type": "minecraft:dye", "default": -6265536}]}}, {"threshold": 13123, "model": {"type": "model", "model": "electric_storage:block/cable/pure_rainbow/010111", "tints": [{"type": "minecraft:dye", "default": -6265536}]}}, {"threshold": 13124, "model": {"type": "model", "model": "electric_storage:block/cable/pure_rainbow/011000", "tints": [{"type": "minecraft:dye", "default": -6265536}]}}, {"threshold": 13125, "model": {"type": "model", "model": "electric_storage:block/cable/pure_rainbow/011001", "tints": [{"type": "minecraft:dye", "default": -6265536}]}}, {"threshold": 13126, "model": {"type": "model", "model": "electric_storage:block/cable/pure_rainbow/011010", "tints": [{"type": "minecraft:dye", "default": -6265536}]}}, {"threshold": 13127, "model": {"type": "model", "model": "electric_storage:block/cable/pure_rainbow/011011", "tints": [{"type": "minecraft:dye", "default": -6265536}]}}, {"threshold": 13128, "model": {"type": "model", "model": "electric_storage:block/cable/pure_rainbow/011100", "tints": [{"type": "minecraft:dye", "default": -6265536}]}}, {"threshold": 13129, "model": {"type": "model", "model": "electric_storage:block/cable/pure_rainbow/011101", "tints": [{"type": "minecraft:dye", "default": -6265536}]}}, {"threshold": 13130, "model": {"type": "model", "model": "electric_storage:block/cable/pure_rainbow/011110", "tints": [{"type": "minecraft:dye", "default": -6265536}]}}, {"threshold": 13131, "model": {"type": "model", "model": "electric_storage:block/cable/pure_rainbow/011111", "tints": [{"type": "minecraft:dye", "default": -6265536}]}}, {"threshold": 13132, "model": {"type": "model", "model": "electric_storage:block/cable/pure_rainbow/100000", "tints": [{"type": "minecraft:dye", "default": -6265536}]}}, {"threshold": 13133, "model": {"type": "model", "model": "electric_storage:block/cable/pure_rainbow/100001", "tints": [{"type": "minecraft:dye", "default": -6265536}]}}, {"threshold": 13134, "model": {"type": "model", "model": "electric_storage:block/cable/pure_rainbow/100010", "tints": [{"type": "minecraft:dye", "default": -6265536}]}}, {"threshold": 13135, "model": {"type": "model", "model": "electric_storage:block/cable/pure_rainbow/100011", "tints": [{"type": "minecraft:dye", "default": -6265536}]}}, {"threshold": 13136, "model": {"type": "model", "model": "electric_storage:block/cable/pure_rainbow/100100", "tints": [{"type": "minecraft:dye", "default": -6265536}]}}, {"threshold": 13137, "model": {"type": "model", "model": "electric_storage:block/cable/pure_rainbow/100101", "tints": [{"type": "minecraft:dye", "default": -6265536}]}}, {"threshold": 13138, "model": {"type": "model", "model": "electric_storage:block/cable/pure_rainbow/100110", "tints": [{"type": "minecraft:dye", "default": -6265536}]}}, {"threshold": 13139, "model": {"type": "model", "model": "electric_storage:block/cable/pure_rainbow/100111", "tints": [{"type": "minecraft:dye", "default": -6265536}]}}, {"threshold": 13140, "model": {"type": "model", "model": "electric_storage:block/cable/pure_rainbow/101000", "tints": [{"type": "minecraft:dye", "default": -6265536}]}}, {"threshold": 13141, "model": {"type": "model", "model": "electric_storage:block/cable/pure_rainbow/101001", "tints": [{"type": "minecraft:dye", "default": -6265536}]}}, {"threshold": 13142, "model": {"type": "model", "model": "electric_storage:block/cable/pure_rainbow/101010", "tints": [{"type": "minecraft:dye", "default": -6265536}]}}, {"threshold": 13143, "model": {"type": "model", "model": "electric_storage:block/cable/pure_rainbow/101011", "tints": [{"type": "minecraft:dye", "default": -6265536}]}}, {"threshold": 13144, "model": {"type": "model", "model": "electric_storage:block/cable/pure_rainbow/101100", "tints": [{"type": "minecraft:dye", "default": -6265536}]}}, {"threshold": 13145, "model": {"type": "model", "model": "electric_storage:block/cable/pure_rainbow/101101", "tints": [{"type": "minecraft:dye", "default": -6265536}]}}, {"threshold": 13146, "model": {"type": "model", "model": "electric_storage:block/cable/pure_rainbow/101110", "tints": [{"type": "minecraft:dye", "default": -6265536}]}}, {"threshold": 13147, "model": {"type": "model", "model": "electric_storage:block/cable/pure_rainbow/101111", "tints": [{"type": "minecraft:dye", "default": -6265536}]}}, {"threshold": 13148, "model": {"type": "model", "model": "electric_storage:block/cable/pure_rainbow/110000", "tints": [{"type": "minecraft:dye", "default": -6265536}]}}, {"threshold": 13149, "model": {"type": "model", "model": "electric_storage:block/cable/pure_rainbow/110001", "tints": [{"type": "minecraft:dye", "default": -6265536}]}}, {"threshold": 13150, "model": {"type": "model", "model": "electric_storage:block/cable/pure_rainbow/110010", "tints": [{"type": "minecraft:dye", "default": -6265536}]}}, {"threshold": 13151, "model": {"type": "model", "model": "electric_storage:block/cable/pure_rainbow/110011", "tints": [{"type": "minecraft:dye", "default": -6265536}]}}, {"threshold": 13152, "model": {"type": "model", "model": "electric_storage:block/cable/pure_rainbow/110100", "tints": [{"type": "minecraft:dye", "default": -6265536}]}}, {"threshold": 13153, "model": {"type": "model", "model": "electric_storage:block/cable/pure_rainbow/110101", "tints": [{"type": "minecraft:dye", "default": -6265536}]}}, {"threshold": 13154, "model": {"type": "model", "model": "electric_storage:block/cable/pure_rainbow/110110", "tints": [{"type": "minecraft:dye", "default": -6265536}]}}, {"threshold": 13155, "model": {"type": "model", "model": "electric_storage:block/cable/pure_rainbow/110111", "tints": [{"type": "minecraft:dye", "default": -6265536}]}}, {"threshold": 13156, "model": {"type": "model", "model": "electric_storage:block/cable/pure_rainbow/111000", "tints": [{"type": "minecraft:dye", "default": -6265536}]}}, {"threshold": 13157, "model": {"type": "model", "model": "electric_storage:block/cable/pure_rainbow/111001", "tints": [{"type": "minecraft:dye", "default": -6265536}]}}, {"threshold": 13158, "model": {"type": "model", "model": "electric_storage:block/cable/pure_rainbow/111010", "tints": [{"type": "minecraft:dye", "default": -6265536}]}}, {"threshold": 13159, "model": {"type": "model", "model": "electric_storage:block/cable/pure_rainbow/111011", "tints": [{"type": "minecraft:dye", "default": -6265536}]}}, {"threshold": 13160, "model": {"type": "model", "model": "electric_storage:block/cable/pure_rainbow/111100", "tints": [{"type": "minecraft:dye", "default": -6265536}]}}, {"threshold": 13161, "model": {"type": "model", "model": "electric_storage:block/cable/pure_rainbow/111101", "tints": [{"type": "minecraft:dye", "default": -6265536}]}}, {"threshold": 13162, "model": {"type": "model", "model": "electric_storage:block/cable/pure_rainbow/111110", "tints": [{"type": "minecraft:dye", "default": -6265536}]}}, {"threshold": 13163, "model": {"type": "model", "model": "electric_storage:block/cable/pure_rainbow/111111", "tints": [{"type": "minecraft:dye", "default": -6265536}]}}, {"threshold": 14000, "model": {"type": "model", "model": "electric_storage:block/terminal/default/north", "tints": [{"type": "minecraft:dye", "default": -6265536}]}}, {"threshold": 14001, "model": {"type": "model", "model": "electric_storage:block/terminal/default/east", "tints": [{"type": "minecraft:dye", "default": -6265536}]}}, {"threshold": 14002, "model": {"type": "model", "model": "electric_storage:block/terminal/default/south", "tints": [{"type": "minecraft:dye", "default": -6265536}]}}, {"threshold": 14003, "model": {"type": "model", "model": "electric_storage:block/terminal/default/west", "tints": [{"type": "minecraft:dye", "default": -6265536}]}}, {"threshold": 14004, "model": {"type": "model", "model": "electric_storage:block/terminal/default/up", "tints": [{"type": "minecraft:dye", "default": -6265536}]}}, {"threshold": 14005, "model": {"type": "model", "model": "electric_storage:block/terminal/default/down", "tints": [{"type": "minecraft:dye", "default": -6265536}]}}, {"threshold": 14010, "model": {"type": "model", "model": "electric_storage:block/terminal/default/rainbow/north", "tints": [{"type": "minecraft:dye", "default": -6265536}]}}, {"threshold": 14011, "model": {"type": "model", "model": "electric_storage:block/terminal/default/rainbow/east", "tints": [{"type": "minecraft:dye", "default": -6265536}]}}, {"threshold": 14012, "model": {"type": "model", "model": "electric_storage:block/terminal/default/rainbow/south", "tints": [{"type": "minecraft:dye", "default": -6265536}]}}, {"threshold": 14013, "model": {"type": "model", "model": "electric_storage:block/terminal/default/rainbow/west", "tints": [{"type": "minecraft:dye", "default": -6265536}]}}, {"threshold": 14014, "model": {"type": "model", "model": "electric_storage:block/terminal/default/rainbow/up", "tints": [{"type": "minecraft:dye", "default": -6265536}]}}, {"threshold": 14015, "model": {"type": "model", "model": "electric_storage:block/terminal/default/rainbow/down", "tints": [{"type": "minecraft:dye", "default": -6265536}]}}, {"threshold": 14020, "model": {"type": "model", "model": "electric_storage:block/terminal/crafting/north", "tints": [{"type": "minecraft:dye", "default": -6265536}]}}, {"threshold": 14021, "model": {"type": "model", "model": "electric_storage:block/terminal/crafting/east", "tints": [{"type": "minecraft:dye", "default": -6265536}]}}, {"threshold": 14022, "model": {"type": "model", "model": "electric_storage:block/terminal/crafting/south", "tints": [{"type": "minecraft:dye", "default": -6265536}]}}, {"threshold": 14023, "model": {"type": "model", "model": "electric_storage:block/terminal/crafting/west", "tints": [{"type": "minecraft:dye", "default": -6265536}]}}, {"threshold": 14024, "model": {"type": "model", "model": "electric_storage:block/terminal/crafting/up", "tints": [{"type": "minecraft:dye", "default": -6265536}]}}, {"threshold": 14025, "model": {"type": "model", "model": "electric_storage:block/terminal/crafting/down", "tints": [{"type": "minecraft:dye", "default": -6265536}]}}, {"threshold": 14030, "model": {"type": "model", "model": "electric_storage:block/terminal/crafting/rainbow/north", "tints": [{"type": "minecraft:dye", "default": -6265536}]}}, {"threshold": 14031, "model": {"type": "model", "model": "electric_storage:block/terminal/crafting/rainbow/east", "tints": [{"type": "minecraft:dye", "default": -6265536}]}}, {"threshold": 14032, "model": {"type": "model", "model": "electric_storage:block/terminal/crafting/rainbow/south", "tints": [{"type": "minecraft:dye", "default": -6265536}]}}, {"threshold": 14033, "model": {"type": "model", "model": "electric_storage:block/terminal/crafting/rainbow/west", "tints": [{"type": "minecraft:dye", "default": -6265536}]}}, {"threshold": 14034, "model": {"type": "model", "model": "electric_storage:block/terminal/crafting/rainbow/up", "tints": [{"type": "minecraft:dye", "default": -6265536}]}}, {"threshold": 14035, "model": {"type": "model", "model": "electric_storage:block/terminal/crafting/rainbow/down", "tints": [{"type": "minecraft:dye", "default": -6265536}]}}, {"threshold": 14040, "model": {"type": "model", "model": "electric_storage:block/terminal/pattern_encoding/north", "tints": [{"type": "minecraft:dye", "default": -6265536}]}}, {"threshold": 14041, "model": {"type": "model", "model": "electric_storage:block/terminal/pattern_encoding/east", "tints": [{"type": "minecraft:dye", "default": -6265536}]}}, {"threshold": 14042, "model": {"type": "model", "model": "electric_storage:block/terminal/pattern_encoding/south", "tints": [{"type": "minecraft:dye", "default": -6265536}]}}, {"threshold": 14043, "model": {"type": "model", "model": "electric_storage:block/terminal/pattern_encoding/west", "tints": [{"type": "minecraft:dye", "default": -6265536}]}}, {"threshold": 14044, "model": {"type": "model", "model": "electric_storage:block/terminal/pattern_encoding/up", "tints": [{"type": "minecraft:dye", "default": -6265536}]}}, {"threshold": 14045, "model": {"type": "model", "model": "electric_storage:block/terminal/pattern_encoding/down", "tints": [{"type": "minecraft:dye", "default": -6265536}]}}, {"threshold": 14050, "model": {"type": "model", "model": "electric_storage:block/terminal/pattern_encoding/rainbow/north", "tints": [{"type": "minecraft:dye", "default": -6265536}]}}, {"threshold": 14051, "model": {"type": "model", "model": "electric_storage:block/terminal/pattern_encoding/rainbow/east", "tints": [{"type": "minecraft:dye", "default": -6265536}]}}, {"threshold": 14052, "model": {"type": "model", "model": "electric_storage:block/terminal/pattern_encoding/rainbow/south", "tints": [{"type": "minecraft:dye", "default": -6265536}]}}, {"threshold": 14053, "model": {"type": "model", "model": "electric_storage:block/terminal/pattern_encoding/rainbow/west", "tints": [{"type": "minecraft:dye", "default": -6265536}]}}, {"threshold": 14054, "model": {"type": "model", "model": "electric_storage:block/terminal/pattern_encoding/rainbow/up", "tints": [{"type": "minecraft:dye", "default": -6265536}]}}, {"threshold": 14055, "model": {"type": "model", "model": "electric_storage:block/terminal/pattern_encoding/rainbow/down", "tints": [{"type": "minecraft:dye", "default": -6265536}]}}, {"threshold": 14100, "model": {"type": "model", "model": "electric_storage:block/monitor/unlocked/north", "tints": [{"type": "minecraft:dye", "default": -6265536}]}}, {"threshold": 14101, "model": {"type": "model", "model": "electric_storage:block/monitor/unlocked/east", "tints": [{"type": "minecraft:dye", "default": -6265536}]}}, {"threshold": 14102, "model": {"type": "model", "model": "electric_storage:block/monitor/unlocked/south", "tints": [{"type": "minecraft:dye", "default": -6265536}]}}, {"threshold": 14103, "model": {"type": "model", "model": "electric_storage:block/monitor/unlocked/west", "tints": [{"type": "minecraft:dye", "default": -6265536}]}}, {"threshold": 14104, "model": {"type": "model", "model": "electric_storage:block/monitor/unlocked/up", "tints": [{"type": "minecraft:dye", "default": -6265536}]}}, {"threshold": 14105, "model": {"type": "model", "model": "electric_storage:block/monitor/unlocked/down", "tints": [{"type": "minecraft:dye", "default": -6265536}]}}, {"threshold": 14110, "model": {"type": "model", "model": "electric_storage:block/monitor/unlocked/rainbow/north", "tints": [{"type": "minecraft:dye", "default": -6265536}]}}, {"threshold": 14111, "model": {"type": "model", "model": "electric_storage:block/monitor/unlocked/rainbow/east", "tints": [{"type": "minecraft:dye", "default": -6265536}]}}, {"threshold": 14112, "model": {"type": "model", "model": "electric_storage:block/monitor/unlocked/rainbow/south", "tints": [{"type": "minecraft:dye", "default": -6265536}]}}, {"threshold": 14113, "model": {"type": "model", "model": "electric_storage:block/monitor/unlocked/rainbow/west", "tints": [{"type": "minecraft:dye", "default": -6265536}]}}, {"threshold": 14114, "model": {"type": "model", "model": "electric_storage:block/monitor/unlocked/rainbow/up", "tints": [{"type": "minecraft:dye", "default": -6265536}]}}, {"threshold": 14115, "model": {"type": "model", "model": "electric_storage:block/monitor/unlocked/rainbow/down", "tints": [{"type": "minecraft:dye", "default": -6265536}]}}, {"threshold": 14120, "model": {"type": "model", "model": "electric_storage:block/monitor/locked/north", "tints": [{"type": "minecraft:dye", "default": -6265536}]}}, {"threshold": 14121, "model": {"type": "model", "model": "electric_storage:block/monitor/locked/east", "tints": [{"type": "minecraft:dye", "default": -6265536}]}}, {"threshold": 14122, "model": {"type": "model", "model": "electric_storage:block/monitor/locked/south", "tints": [{"type": "minecraft:dye", "default": -6265536}]}}, {"threshold": 14123, "model": {"type": "model", "model": "electric_storage:block/monitor/locked/west", "tints": [{"type": "minecraft:dye", "default": -6265536}]}}, {"threshold": 14124, "model": {"type": "model", "model": "electric_storage:block/monitor/locked/up", "tints": [{"type": "minecraft:dye", "default": -6265536}]}}, {"threshold": 14125, "model": {"type": "model", "model": "electric_storage:block/monitor/locked/down", "tints": [{"type": "minecraft:dye", "default": -6265536}]}}, {"threshold": 14130, "model": {"type": "model", "model": "electric_storage:block/monitor/locked/rainbow/north", "tints": [{"type": "minecraft:dye", "default": -6265536}]}}, {"threshold": 14131, "model": {"type": "model", "model": "electric_storage:block/monitor/locked/rainbow/east", "tints": [{"type": "minecraft:dye", "default": -6265536}]}}, {"threshold": 14132, "model": {"type": "model", "model": "electric_storage:block/monitor/locked/rainbow/south", "tints": [{"type": "minecraft:dye", "default": -6265536}]}}, {"threshold": 14133, "model": {"type": "model", "model": "electric_storage:block/monitor/locked/rainbow/west", "tints": [{"type": "minecraft:dye", "default": -6265536}]}}, {"threshold": 14134, "model": {"type": "model", "model": "electric_storage:block/monitor/locked/rainbow/up", "tints": [{"type": "minecraft:dye", "default": -6265536}]}}, {"threshold": 14135, "model": {"type": "model", "model": "electric_storage:block/monitor/locked/rainbow/down", "tints": [{"type": "minecraft:dye", "default": -6265536}]}}, {"threshold": 14200, "model": {"type": "model", "model": "electric_storage:block/cable_anchor/north", "tints": [{"type": "minecraft:dye", "default": -6265536}]}}, {"threshold": 14201, "model": {"type": "model", "model": "electric_storage:block/cable_anchor/east", "tints": [{"type": "minecraft:dye", "default": -6265536}]}}, {"threshold": 14202, "model": {"type": "model", "model": "electric_storage:block/cable_anchor/south", "tints": [{"type": "minecraft:dye", "default": -6265536}]}}, {"threshold": 14203, "model": {"type": "model", "model": "electric_storage:block/cable_anchor/west", "tints": [{"type": "minecraft:dye", "default": -6265536}]}}, {"threshold": 14204, "model": {"type": "model", "model": "electric_storage:block/cable_anchor/up", "tints": [{"type": "minecraft:dye", "default": -6265536}]}}, {"threshold": 14205, "model": {"type": "model", "model": "electric_storage:block/cable_anchor/down", "tints": [{"type": "minecraft:dye", "default": -6265536}]}}, {"threshold": 14210, "model": {"type": "model", "model": "electric_storage:block/cable_anchor/fake/north", "tints": [{"type": "minecraft:dye", "default": -6265536}]}}, {"threshold": 14211, "model": {"type": "model", "model": "electric_storage:block/cable_anchor/fake/east", "tints": [{"type": "minecraft:dye", "default": -6265536}]}}, {"threshold": 14212, "model": {"type": "model", "model": "electric_storage:block/cable_anchor/fake/south", "tints": [{"type": "minecraft:dye", "default": -6265536}]}}, {"threshold": 14213, "model": {"type": "model", "model": "electric_storage:block/cable_anchor/fake/west", "tints": [{"type": "minecraft:dye", "default": -6265536}]}}, {"threshold": 14214, "model": {"type": "model", "model": "electric_storage:block/cable_anchor/fake/up", "tints": [{"type": "minecraft:dye", "default": -6265536}]}}, {"threshold": 14215, "model": {"type": "model", "model": "electric_storage:block/cable_anchor/fake/down", "tints": [{"type": "minecraft:dye", "default": -6265536}]}}]}}