{"model": {"type": "range_dispatch", "property": "custom_model_data", "fallback": {"type": "model", "model": "minecraft:block/mud"}, "entries": [{"threshold": 1, "model": {"type": "model", "model": "electric_storage:block/controller"}}, {"threshold": 2, "model": {"type": "model", "model": "electric_storage:block/controller_on"}}, {"threshold": 3, "model": {"type": "model", "model": "electric_storage:block/cell_storage"}}, {"threshold": 4, "model": {"type": "model", "model": "electric_storage:block/energy_receiver"}}, {"threshold": 5, "model": {"type": "model", "model": "electric_storage:block/energy_receiver_on"}}, {"threshold": 6, "model": {"type": "model", "model": "electric_storage:block/inscriber_inventory"}}, {"threshold": 7, "model": {"type": "model", "model": "electric_storage:block/crafting/coprocessor"}}, {"threshold": 8, "model": {"type": "model", "model": "electric_storage:block/crafting/coprocessor_off"}}, {"threshold": 9, "model": {"type": "model", "model": "electric_storage:block/crafting/coprocessor_on"}}, {"threshold": 10, "model": {"type": "model", "model": "electric_storage:block/crafting/storage_1k"}}, {"threshold": 11, "model": {"type": "model", "model": "electric_storage:block/crafting/storage_1k_off"}}, {"threshold": 12, "model": {"type": "model", "model": "electric_storage:block/crafting/storage_1k_on"}}, {"threshold": 13, "model": {"type": "model", "model": "electric_storage:block/crafting/storage_4k"}}, {"threshold": 14, "model": {"type": "model", "model": "electric_storage:block/crafting/storage_4k_off"}}, {"threshold": 15, "model": {"type": "model", "model": "electric_storage:block/crafting/storage_4k_on"}}, {"threshold": 16, "model": {"type": "model", "model": "electric_storage:block/crafting/storage_16k"}}, {"threshold": 17, "model": {"type": "model", "model": "electric_storage:block/crafting/storage_16k_off"}}, {"threshold": 18, "model": {"type": "model", "model": "electric_storage:block/crafting/storage_16k_on"}}, {"threshold": 19, "model": {"type": "model", "model": "electric_storage:block/crafting/storage_64k"}}, {"threshold": 20, "model": {"type": "model", "model": "electric_storage:block/crafting/storage_64k_off"}}, {"threshold": 21, "model": {"type": "model", "model": "electric_storage:block/crafting/storage_64k_on"}}, {"threshold": 22, "model": {"type": "model", "model": "electric_storage:block/crafting/monitor"}}, {"threshold": 23, "model": {"type": "model", "model": "electric_storage:block/crafting/monitor_off"}}, {"threshold": 24, "model": {"type": "model", "model": "electric_storage:block/crafting/monitor_on"}}, {"threshold": 25, "model": {"type": "model", "model": "electric_storage:block/interface"}}]}}