{"model": {"type": "range_dispatch", "property": "custom_model_data", "fallback": {"type": "model", "model": "minecraft:item/netherite_axe"}, "entries": [{"threshold": 200, "model": {"type": "model", "model": "electricity:item/tool/saw"}}, {"threshold": 1000100, "model": {"type": "model", "model": "customization:item/axe/sculk"}}, {"threshold": 1000101, "model": {"type": "model", "model": "customization:item/axe/amethyst"}}, {"threshold": 1000102, "model": {"type": "model", "model": "customization:item/axe/mossy"}}, {"threshold": 1002100, "model": {"type": "model", "model": "customization:item/saw/sculk"}}, {"threshold": 1002101, "model": {"type": "model", "model": "customization:item/saw/amethyst"}}, {"threshold": 1002102, "model": {"type": "model", "model": "customization:item/saw/mossy"}}, {"threshold": 1002200, "model": {"type": "model", "model": "customization:item/saw/steampunk"}}, {"threshold": 1002201, "model": {"type": "model", "model": "customization:item/saw/uranium"}}, {"threshold": 1002202, "model": {"type": "model", "model": "customization:item/saw/solar"}}, {"threshold": 1002210, "model": {"type": "model", "model": "customization:item/saw/july1_2025"}}]}}