{"model": {"type": "range_dispatch", "property": "custom_model_data", "fallback": {"type": "model", "model": "minecraft:item/netherite_shovel"}, "entries": [{"threshold": 100, "model": {"type": "model", "model": "skyblock:item/hammer/netherite"}}, {"threshold": 200, "model": {"type": "model", "model": "electricity:item/tool/drill"}}, {"threshold": 1002000, "model": {"type": "model", "model": "customization:item/drill/jackhammer"}}, {"threshold": 1002001, "model": {"type": "model", "model": "customization:item/drill/diamond"}}, {"threshold": 1002100, "model": {"type": "model", "model": "customization:item/drill/sculk"}}, {"threshold": 1002101, "model": {"type": "model", "model": "customization:item/drill/amethyst"}}, {"threshold": 1002102, "model": {"type": "model", "model": "customization:item/drill/mossy"}}, {"threshold": 1002200, "model": {"type": "model", "model": "customization:item/drill/steampunk"}}, {"threshold": 1002201, "model": {"type": "model", "model": "customization:item/drill/uranium"}}, {"threshold": 1002202, "model": {"type": "model", "model": "customization:item/drill/solar"}}, {"threshold": 1002210, "model": {"type": "model", "model": "customization:item/drill/july1_2025"}}]}}