{"model": {"type": "range_dispatch", "property": "custom_model_data", "fallback": {"type": "model", "model": "minecraft:block/oxidized_cut_copper"}, "entries": [{"threshold": 1, "model": {"type": "model", "model": "electricity:block/wire/electrum/inventory"}}, {"threshold": 2, "model": {"type": "model", "model": "electricity:block/wire/kanthal/000000"}}, {"threshold": 3, "model": {"type": "model", "model": "electricity:block/wire/kanthal/000001"}}, {"threshold": 4, "model": {"type": "model", "model": "electricity:block/wire/kanthal/000010"}}, {"threshold": 5, "model": {"type": "model", "model": "electricity:block/wire/kanthal/000011"}}, {"threshold": 6, "model": {"type": "model", "model": "electricity:block/wire/kanthal/000100"}}, {"threshold": 7, "model": {"type": "model", "model": "electricity:block/wire/kanthal/000101"}}, {"threshold": 8, "model": {"type": "model", "model": "electricity:block/wire/kanthal/000110"}}, {"threshold": 9, "model": {"type": "model", "model": "electricity:block/wire/kanthal/000111"}}, {"threshold": 10, "model": {"type": "model", "model": "electricity:block/wire/kanthal/001000"}}, {"threshold": 11, "model": {"type": "model", "model": "electricity:block/wire/kanthal/001001"}}, {"threshold": 12, "model": {"type": "model", "model": "electricity:block/wire/kanthal/001010"}}, {"threshold": 13, "model": {"type": "model", "model": "electricity:block/wire/kanthal/001011"}}, {"threshold": 14, "model": {"type": "model", "model": "electricity:block/wire/kanthal/001100"}}, {"threshold": 15, "model": {"type": "model", "model": "electricity:block/wire/kanthal/001101"}}, {"threshold": 16, "model": {"type": "model", "model": "electricity:block/wire/kanthal/001110"}}, {"threshold": 17, "model": {"type": "model", "model": "electricity:block/wire/kanthal/001111"}}, {"threshold": 18, "model": {"type": "model", "model": "electricity:block/wire/kanthal/010000"}}, {"threshold": 19, "model": {"type": "model", "model": "electricity:block/wire/kanthal/010001"}}, {"threshold": 20, "model": {"type": "model", "model": "electricity:block/wire/kanthal/010010"}}, {"threshold": 21, "model": {"type": "model", "model": "electricity:block/wire/kanthal/010011"}}, {"threshold": 22, "model": {"type": "model", "model": "electricity:block/wire/kanthal/010100"}}, {"threshold": 23, "model": {"type": "model", "model": "electricity:block/wire/kanthal/010101"}}, {"threshold": 24, "model": {"type": "model", "model": "electricity:block/wire/kanthal/010110"}}, {"threshold": 25, "model": {"type": "model", "model": "electricity:block/wire/kanthal/010111"}}]}}