{"model": {"type": "range_dispatch", "property": "custom_model_data", "fallback": {"type": "model", "model": "minecraft:block/oxidized_copper"}, "entries": [{"threshold": 1, "model": {"type": "model", "model": "electricity:block/wire/cupronickel/011101"}}, {"threshold": 2, "model": {"type": "model", "model": "electricity:block/wire/cupronickel/011110"}}, {"threshold": 3, "model": {"type": "model", "model": "electricity:block/wire/cupronickel/011111"}}, {"threshold": 4, "model": {"type": "model", "model": "electricity:block/wire/cupronickel/100000"}}, {"threshold": 5, "model": {"type": "model", "model": "electricity:block/wire/cupronickel/100001"}}, {"threshold": 6, "model": {"type": "model", "model": "electricity:block/wire/cupronickel/100010"}}, {"threshold": 7, "model": {"type": "model", "model": "electricity:block/wire/cupronickel/100011"}}, {"threshold": 8, "model": {"type": "model", "model": "electricity:block/wire/cupronickel/100100"}}, {"threshold": 9, "model": {"type": "model", "model": "electricity:block/wire/cupronickel/100101"}}, {"threshold": 10, "model": {"type": "model", "model": "electricity:block/wire/cupronickel/100110"}}, {"threshold": 11, "model": {"type": "model", "model": "electricity:block/wire/cupronickel/100111"}}, {"threshold": 12, "model": {"type": "model", "model": "electricity:block/wire/cupronickel/101000"}}, {"threshold": 13, "model": {"type": "model", "model": "electricity:block/wire/cupronickel/101001"}}, {"threshold": 14, "model": {"type": "model", "model": "electricity:block/wire/cupronickel/101010"}}, {"threshold": 15, "model": {"type": "model", "model": "electricity:block/wire/cupronickel/101011"}}, {"threshold": 16, "model": {"type": "model", "model": "electricity:block/wire/cupronickel/101100"}}, {"threshold": 17, "model": {"type": "model", "model": "electricity:block/wire/cupronickel/101101"}}, {"threshold": 18, "model": {"type": "model", "model": "electricity:block/wire/cupronickel/101110"}}, {"threshold": 19, "model": {"type": "model", "model": "electricity:block/wire/cupronickel/101111"}}, {"threshold": 20, "model": {"type": "model", "model": "electricity:block/wire/cupronickel/110000"}}, {"threshold": 21, "model": {"type": "model", "model": "electricity:block/wire/cupronickel/110001"}}, {"threshold": 22, "model": {"type": "model", "model": "electricity:block/wire/cupronickel/110010"}}, {"threshold": 23, "model": {"type": "model", "model": "electricity:block/wire/cupronickel/110011"}}, {"threshold": 24, "model": {"type": "model", "model": "electricity:block/wire/cupronickel/110100"}}, {"threshold": 25, "model": {"type": "model", "model": "electricity:block/wire/cupronickel/110101"}}]}}