{"model": {"type": "range_dispatch", "property": "custom_model_data", "fallback": {"type": "model", "model": "minecraft:block/oxidized_cut_copper_stairs"}, "entries": [{"threshold": 1, "model": {"type": "model", "model": "electricity:block/wire/fiberglass/100010"}}, {"threshold": 2, "model": {"type": "model", "model": "electricity:block/wire/fiberglass/100011"}}, {"threshold": 3, "model": {"type": "model", "model": "electricity:block/wire/fiberglass/100100"}}, {"threshold": 4, "model": {"type": "model", "model": "electricity:block/wire/fiberglass/100101"}}, {"threshold": 5, "model": {"type": "model", "model": "electricity:block/wire/fiberglass/100110"}}, {"threshold": 6, "model": {"type": "model", "model": "electricity:block/wire/fiberglass/100111"}}, {"threshold": 7, "model": {"type": "model", "model": "electricity:block/wire/fiberglass/101000"}}, {"threshold": 8, "model": {"type": "model", "model": "electricity:block/wire/fiberglass/101001"}}, {"threshold": 9, "model": {"type": "model", "model": "electricity:block/wire/fiberglass/101010"}}, {"threshold": 10, "model": {"type": "model", "model": "electricity:block/wire/fiberglass/101011"}}, {"threshold": 11, "model": {"type": "model", "model": "electricity:block/wire/fiberglass/101100"}}, {"threshold": 12, "model": {"type": "model", "model": "electricity:block/wire/fiberglass/101101"}}, {"threshold": 13, "model": {"type": "model", "model": "electricity:block/wire/fiberglass/101110"}}, {"threshold": 14, "model": {"type": "model", "model": "electricity:block/wire/fiberglass/101111"}}, {"threshold": 15, "model": {"type": "model", "model": "electricity:block/wire/fiberglass/110000"}}, {"threshold": 16, "model": {"type": "model", "model": "electricity:block/wire/fiberglass/110001"}}, {"threshold": 17, "model": {"type": "model", "model": "electricity:block/wire/fiberglass/110010"}}, {"threshold": 18, "model": {"type": "model", "model": "electricity:block/wire/fiberglass/110011"}}, {"threshold": 19, "model": {"type": "model", "model": "electricity:block/wire/fiberglass/110100"}}, {"threshold": 20, "model": {"type": "model", "model": "electricity:block/wire/fiberglass/110101"}}, {"threshold": 21, "model": {"type": "model", "model": "electricity:block/wire/fiberglass/110110"}}, {"threshold": 22, "model": {"type": "model", "model": "electricity:block/wire/fiberglass/110111"}}, {"threshold": 23, "model": {"type": "model", "model": "electricity:block/wire/fiberglass/111000"}}, {"threshold": 24, "model": {"type": "model", "model": "electricity:block/wire/fiberglass/111001"}}, {"threshold": 25, "model": {"type": "model", "model": "electricity:block/wire/fiberglass/111010"}}]}}