{"model": {"type": "range_dispatch", "property": "custom_model_data", "fallback": {"type": "model", "model": "minecraft:block/podzol"}, "entries": [{"threshold": 1, "model": {"type": "model", "model": "bees:block/honeycomb_cutter_on"}}, {"threshold": 2, "model": {"type": "model", "model": "bees:block/electric_beehive/core"}}, {"threshold": 3, "model": {"type": "model", "model": "bees:block/electric_beehive/cladding"}}, {"threshold": 4, "model": {"type": "model", "model": "bees:block/electric_beehive/power_unit"}}, {"threshold": 5, "model": {"type": "model", "model": "bees:block/electric_beehive/hopper_in"}}, {"threshold": 6, "model": {"type": "model", "model": "bees:block/electric_beehive/hopper_out"}}, {"threshold": 7, "model": {"type": "model", "model": "bees:block/electric_beehive/royal_jelly_consumer"}}, {"threshold": 8, "model": {"type": "model", "model": "bees:block/electric_beehive/completed"}}, {"threshold": 9, "model": {"type": "model", "model": "bees:block/centrifuge_inventory"}}, {"threshold": 10, "model": {"type": "model", "model": "bees:block/honeycomb_cutter_inventory"}}, {"threshold": 11, "model": {"type": "model", "model": "steam:block/generator"}}, {"threshold": 12, "model": {"type": "model", "model": "steam:block/generator_on"}}, {"threshold": 13, "model": {"type": "model", "model": "steam:block/boiler/valve"}}, {"threshold": 14, "model": {"type": "model", "model": "steam:block/boiler/cladding"}}, {"threshold": 15, "model": {"type": "model", "model": "steam:block/boiler/glass"}}, {"threshold": 16, "model": {"type": "model", "model": "steam:block/boiler/pipe_in"}}, {"threshold": 17, "model": {"type": "model", "model": "steam:block/boiler/pipe_out"}}, {"threshold": 18, "model": {"type": "model", "model": "steam:block/big_generator/controller"}}, {"threshold": 19, "model": {"type": "model", "model": "steam:block/big_generator/controller_on"}}, {"threshold": 20, "model": {"type": "model", "model": "steam:block/big_generator/casing"}}, {"threshold": 21, "model": {"type": "model", "model": "steam:block/big_generator/pipe_in"}}, {"threshold": 22, "model": {"type": "model", "model": "steam:block/big_generator/pipe_out"}}, {"threshold": 23, "model": {"type": "model", "model": "steam:block/big_generator/hopper_in"}}, {"threshold": 24, "model": {"type": "model", "model": "steam:block/big_generator/completed"}}, {"threshold": 25, "model": {"type": "model", "model": "steam:block/big_generator/completed_on"}}]}}