{"model": {"type": "range_dispatch", "property": "custom_model_data", "fallback": {"type": "model", "model": "minecraft:block/polished_granite"}, "entries": [{"threshold": 1, "model": {"type": "model", "model": "skyblock:block/mech/sieve/3/sieve"}}, {"threshold": 2, "model": {"type": "model", "model": "skyblock:block/mech/sieve/3/dirt/1"}}, {"threshold": 3, "model": {"type": "model", "model": "skyblock:block/mech/sieve/3/dirt/2"}}, {"threshold": 4, "model": {"type": "model", "model": "skyblock:block/mech/sieve/3/dirt/3"}}, {"threshold": 5, "model": {"type": "model", "model": "skyblock:block/mech/sieve/3/dirt/4"}}, {"threshold": 6, "model": {"type": "model", "model": "skyblock:block/mech/sieve/3/gravel/1"}}, {"threshold": 7, "model": {"type": "model", "model": "skyblock:block/mech/sieve/3/gravel/2"}}, {"threshold": 8, "model": {"type": "model", "model": "skyblock:block/mech/sieve/3/gravel/3"}}, {"threshold": 9, "model": {"type": "model", "model": "skyblock:block/mech/sieve/3/gravel/4"}}, {"threshold": 10, "model": {"type": "model", "model": "skyblock:block/mech/sieve/3/sand/1"}}, {"threshold": 11, "model": {"type": "model", "model": "skyblock:block/mech/sieve/3/sand/2"}}, {"threshold": 12, "model": {"type": "model", "model": "skyblock:block/mech/sieve/3/sand/3"}}, {"threshold": 13, "model": {"type": "model", "model": "skyblock:block/mech/sieve/3/sand/4"}}, {"threshold": 14, "model": {"type": "model", "model": "skyblock:block/mech/sieve/3/cobblestone/1"}}, {"threshold": 15, "model": {"type": "model", "model": "skyblock:block/mech/sieve/3/cobblestone/2"}}, {"threshold": 16, "model": {"type": "model", "model": "skyblock:block/mech/sieve/3/cobblestone/3"}}, {"threshold": 17, "model": {"type": "model", "model": "skyblock:block/mech/sieve/3/cobblestone/4"}}, {"threshold": 18, "model": {"type": "model", "model": "skyblock:block/mech/sieve/3/soul_sand/1"}}, {"threshold": 19, "model": {"type": "model", "model": "skyblock:block/mech/sieve/3/soul_sand/2"}}, {"threshold": 20, "model": {"type": "model", "model": "skyblock:block/mech/sieve/3/soul_sand/3"}}, {"threshold": 21, "model": {"type": "model", "model": "skyblock:block/mech/sieve/3/soul_sand/4"}}, {"threshold": 22, "model": {"type": "model", "model": "skyblock:block/mech/sieve/3/soul_soil/1"}}, {"threshold": 23, "model": {"type": "model", "model": "skyblock:block/mech/sieve/3/soul_soil/2"}}, {"threshold": 24, "model": {"type": "model", "model": "skyblock:block/mech/sieve/3/soul_soil/3"}}, {"threshold": 25, "model": {"type": "model", "model": "skyblock:block/mech/sieve/3/soul_soil/4"}}]}}