{"model": {"type": "range_dispatch", "property": "custom_model_data", "fallback": {"type": "model", "model": "minecraft:block/polished_diorite"}, "entries": [{"threshold": 1, "model": {"type": "model", "model": "skyblock:block/mech/barrel/barrel"}}, {"threshold": 2, "model": {"type": "model", "model": "skyblock:block/mech/barrel/iron/barrel"}}, {"threshold": 3, "model": {"type": "model", "model": "skyblock:block/mech/pulverizer/pulverizer"}}, {"threshold": 4, "model": {"type": "model", "model": "skyblock:block/mech/pulverizer/handle"}}, {"threshold": 5, "model": {"type": "model", "model": "general:block/recording_station"}}, {"threshold": 6, "model": {"type": "model", "model": "general:block/speaker"}}, {"threshold": 7, "model": {"type": "model", "model": "general:block/vending_machine"}}, {"threshold": 8, "model": {"type": "model", "model": "general:block/trash_can"}}, {"threshold": 9, "model": {"type": "model", "model": "general:block/safe"}}, {"threshold": 10, "model": {"type": "model", "model": "general:block/soldering_table"}}, {"threshold": 11, "model": {"type": "model", "model": "general:block/elevator/inventory"}}, {"threshold": 12, "model": {"type": "model", "model": "general:block/engineering_station"}}, {"threshold": 13, "model": {"type": "model", "model": "general:block/silencer"}}, {"threshold": 14, "model": {"type": "model", "model": "general:block/storage/1"}}, {"threshold": 15, "model": {"type": "model", "model": "general:block/storage/2"}}, {"threshold": 16, "model": {"type": "model", "model": "general:block/storage/3"}}, {"threshold": 17, "model": {"type": "model", "model": "general:block/storage/4"}}, {"threshold": 18, "model": {"type": "model", "model": "general:block/fluid_storage/1"}}, {"threshold": 19, "model": {"type": "model", "model": "general:block/fluid_storage/2"}}, {"threshold": 20, "model": {"type": "model", "model": "general:block/fluid_storage/3"}}, {"threshold": 21, "model": {"type": "model", "model": "general:block/fluid_storage/4"}}, {"threshold": 22, "model": {"type": "model", "model": "general:block/gas_storage/1"}}, {"threshold": 23, "model": {"type": "model", "model": "general:block/gas_storage/2"}}, {"threshold": 24, "model": {"type": "model", "model": "general:block/gas_storage/3"}}, {"threshold": 25, "model": {"type": "model", "model": "general:block/gas_storage/4"}}]}}