{"model": {"type": "range_dispatch", "property": "custom_model_data", "fallback": {"type": "model", "model": "minecraft:item/sugar_cane"}, "entries": [{"threshold": 2099998, "model": {"type": "model", "model": "gui:item/bar/background"}}, {"threshold": 2099999, "model": {"type": "model", "model": "gui:item/bar/empty"}}, {"threshold": 2100000, "model": {"type": "model", "model": "gui:item/bar/water/0"}}, {"threshold": 2100001, "model": {"type": "model", "model": "gui:item/bar/water/1"}}, {"threshold": 2100002, "model": {"type": "model", "model": "gui:item/bar/water/2"}}, {"threshold": 2100003, "model": {"type": "model", "model": "gui:item/bar/water/3"}}, {"threshold": 2100004, "model": {"type": "model", "model": "gui:item/bar/water/4"}}, {"threshold": 2100005, "model": {"type": "model", "model": "gui:item/bar/water/5"}}, {"threshold": 2100006, "model": {"type": "model", "model": "gui:item/bar/water/6"}}, {"threshold": 2100007, "model": {"type": "model", "model": "gui:item/bar/water/7"}}, {"threshold": 2100008, "model": {"type": "model", "model": "gui:item/bar/water/8"}}, {"threshold": 2100009, "model": {"type": "model", "model": "gui:item/bar/water/9"}}, {"threshold": 2100010, "model": {"type": "model", "model": "gui:item/bar/water/10"}}, {"threshold": 2100011, "model": {"type": "model", "model": "gui:item/bar/water/11"}}, {"threshold": 2100012, "model": {"type": "model", "model": "gui:item/bar/water/12"}}, {"threshold": 2100013, "model": {"type": "model", "model": "gui:item/bar/water/13"}}, {"threshold": 2100014, "model": {"type": "model", "model": "gui:item/bar/water/14"}}, {"threshold": 2100100, "model": {"type": "model", "model": "gui:item/bar/saline_solution/0"}}, {"threshold": 2100101, "model": {"type": "model", "model": "gui:item/bar/saline_solution/1"}}, {"threshold": 2100102, "model": {"type": "model", "model": "gui:item/bar/saline_solution/2"}}, {"threshold": 2100103, "model": {"type": "model", "model": "gui:item/bar/saline_solution/3"}}, {"threshold": 2100104, "model": {"type": "model", "model": "gui:item/bar/saline_solution/4"}}, {"threshold": 2100105, "model": {"type": "model", "model": "gui:item/bar/saline_solution/5"}}, {"threshold": 2100106, "model": {"type": "model", "model": "gui:item/bar/saline_solution/6"}}, {"threshold": 2100107, "model": {"type": "model", "model": "gui:item/bar/saline_solution/7"}}, {"threshold": 2100108, "model": {"type": "model", "model": "gui:item/bar/saline_solution/8"}}, {"threshold": 2100109, "model": {"type": "model", "model": "gui:item/bar/saline_solution/9"}}, {"threshold": 2100110, "model": {"type": "model", "model": "gui:item/bar/saline_solution/10"}}, {"threshold": 2100111, "model": {"type": "model", "model": "gui:item/bar/saline_solution/11"}}, {"threshold": 2100112, "model": {"type": "model", "model": "gui:item/bar/saline_solution/12"}}, {"threshold": 2100113, "model": {"type": "model", "model": "gui:item/bar/saline_solution/13"}}, {"threshold": 2100114, "model": {"type": "model", "model": "gui:item/bar/saline_solution/14"}}, {"threshold": 2100200, "model": {"type": "model", "model": "gui:item/bar/sulphuric_acid/0"}}, {"threshold": 2100201, "model": {"type": "model", "model": "gui:item/bar/sulphuric_acid/1"}}, {"threshold": 2100202, "model": {"type": "model", "model": "gui:item/bar/sulphuric_acid/2"}}, {"threshold": 2100203, "model": {"type": "model", "model": "gui:item/bar/sulphuric_acid/3"}}, {"threshold": 2100204, "model": {"type": "model", "model": "gui:item/bar/sulphuric_acid/4"}}, {"threshold": 2100205, "model": {"type": "model", "model": "gui:item/bar/sulphuric_acid/5"}}, {"threshold": 2100206, "model": {"type": "model", "model": "gui:item/bar/sulphuric_acid/6"}}, {"threshold": 2100207, "model": {"type": "model", "model": "gui:item/bar/sulphuric_acid/7"}}, {"threshold": 2100208, "model": {"type": "model", "model": "gui:item/bar/sulphuric_acid/8"}}, {"threshold": 2100209, "model": {"type": "model", "model": "gui:item/bar/sulphuric_acid/9"}}, {"threshold": 2100210, "model": {"type": "model", "model": "gui:item/bar/sulphuric_acid/10"}}, {"threshold": 2100211, "model": {"type": "model", "model": "gui:item/bar/sulphuric_acid/11"}}, {"threshold": 2100212, "model": {"type": "model", "model": "gui:item/bar/sulphuric_acid/12"}}, {"threshold": 2100213, "model": {"type": "model", "model": "gui:item/bar/sulphuric_acid/13"}}, {"threshold": 2100214, "model": {"type": "model", "model": "gui:item/bar/sulphuric_acid/14"}}, {"threshold": 2100300, "model": {"type": "model", "model": "gui:item/bar/life_time/0"}}, {"threshold": 2100301, "model": {"type": "model", "model": "gui:item/bar/life_time/1"}}, {"threshold": 2100302, "model": {"type": "model", "model": "gui:item/bar/life_time/2"}}, {"threshold": 2100303, "model": {"type": "model", "model": "gui:item/bar/life_time/3"}}, {"threshold": 2100304, "model": {"type": "model", "model": "gui:item/bar/life_time/4"}}, {"threshold": 2100305, "model": {"type": "model", "model": "gui:item/bar/life_time/5"}}, {"threshold": 2100306, "model": {"type": "model", "model": "gui:item/bar/life_time/6"}}, {"threshold": 2100307, "model": {"type": "model", "model": "gui:item/bar/life_time/7"}}, {"threshold": 2100308, "model": {"type": "model", "model": "gui:item/bar/life_time/8"}}, {"threshold": 2100309, "model": {"type": "model", "model": "gui:item/bar/life_time/9"}}, {"threshold": 2100310, "model": {"type": "model", "model": "gui:item/bar/life_time/10"}}, {"threshold": 2100311, "model": {"type": "model", "model": "gui:item/bar/life_time/11"}}, {"threshold": 2100312, "model": {"type": "model", "model": "gui:item/bar/life_time/12"}}, {"threshold": 2100313, "model": {"type": "model", "model": "gui:item/bar/life_time/13"}}, {"threshold": 2100314, "model": {"type": "model", "model": "gui:item/bar/life_time/14"}}, {"threshold": 2100315, "model": {"type": "model", "model": "gui:item/bar/life_time/15"}}, {"threshold": 2100400, "model": {"type": "model", "model": "gui:item/bar/eu/0"}}, {"threshold": 2100401, "model": {"type": "model", "model": "gui:item/bar/eu/1"}}, {"threshold": 2100402, "model": {"type": "model", "model": "gui:item/bar/eu/2"}}, {"threshold": 2100403, "model": {"type": "model", "model": "gui:item/bar/eu/3"}}, {"threshold": 2100404, "model": {"type": "model", "model": "gui:item/bar/eu/4"}}, {"threshold": 2100405, "model": {"type": "model", "model": "gui:item/bar/eu/5"}}, {"threshold": 2100406, "model": {"type": "model", "model": "gui:item/bar/eu/6"}}, {"threshold": 2100407, "model": {"type": "model", "model": "gui:item/bar/eu/7"}}, {"threshold": 2100408, "model": {"type": "model", "model": "gui:item/bar/eu/8"}}, {"threshold": 2100409, "model": {"type": "model", "model": "gui:item/bar/eu/9"}}, {"threshold": 2100410, "model": {"type": "model", "model": "gui:item/bar/eu/10"}}, {"threshold": 2100411, "model": {"type": "model", "model": "gui:item/bar/eu/11"}}, {"threshold": 2100412, "model": {"type": "model", "model": "gui:item/bar/eu/12"}}, {"threshold": 2100413, "model": {"type": "model", "model": "gui:item/bar/eu/13"}}, {"threshold": 2100414, "model": {"type": "model", "model": "gui:item/bar/eu/14"}}, {"threshold": 2100500, "model": {"type": "model", "model": "gui:item/bar/arrow/0"}}, {"threshold": 2100501, "model": {"type": "model", "model": "gui:item/bar/arrow/1"}}, {"threshold": 2100502, "model": {"type": "model", "model": "gui:item/bar/arrow/2"}}, {"threshold": 2100503, "model": {"type": "model", "model": "gui:item/bar/arrow/3"}}, {"threshold": 2100504, "model": {"type": "model", "model": "gui:item/bar/arrow/4"}}, {"threshold": 2100505, "model": {"type": "model", "model": "gui:item/bar/arrow/5"}}, {"threshold": 2100506, "model": {"type": "model", "model": "gui:item/bar/arrow/6"}}, {"threshold": 2100507, "model": {"type": "model", "model": "gui:item/bar/arrow/7"}}, {"threshold": 2100508, "model": {"type": "model", "model": "gui:item/bar/arrow/8"}}, {"threshold": 2100509, "model": {"type": "model", "model": "gui:item/bar/arrow/9"}}, {"threshold": 2100510, "model": {"type": "model", "model": "gui:item/bar/arrow/10"}}, {"threshold": 2100511, "model": {"type": "model", "model": "gui:item/bar/arrow/11"}}, {"threshold": 2100512, "model": {"type": "model", "model": "gui:item/bar/arrow/12"}}, {"threshold": 2100513, "model": {"type": "model", "model": "gui:item/bar/arrow/13"}}, {"threshold": 2100514, "model": {"type": "model", "model": "gui:item/bar/arrow/14"}}, {"threshold": 2100515, "model": {"type": "model", "model": "gui:item/bar/arrow/15"}}, {"threshold": 2100600, "model": {"type": "model", "model": "gui:item/bar/honey/0"}}, {"threshold": 2100601, "model": {"type": "model", "model": "gui:item/bar/honey/1"}}, {"threshold": 2100602, "model": {"type": "model", "model": "gui:item/bar/honey/2"}}, {"threshold": 2100603, "model": {"type": "model", "model": "gui:item/bar/honey/3"}}, {"threshold": 2100604, "model": {"type": "model", "model": "gui:item/bar/honey/4"}}, {"threshold": 2100605, "model": {"type": "model", "model": "gui:item/bar/honey/5"}}, {"threshold": 2100606, "model": {"type": "model", "model": "gui:item/bar/honey/6"}}, {"threshold": 2100607, "model": {"type": "model", "model": "gui:item/bar/honey/7"}}, {"threshold": 2100608, "model": {"type": "model", "model": "gui:item/bar/honey/8"}}, {"threshold": 2100609, "model": {"type": "model", "model": "gui:item/bar/honey/9"}}, {"threshold": 2100610, "model": {"type": "model", "model": "gui:item/bar/honey/10"}}, {"threshold": 2100611, "model": {"type": "model", "model": "gui:item/bar/honey/11"}}, {"threshold": 2100612, "model": {"type": "model", "model": "gui:item/bar/honey/12"}}, {"threshold": 2100613, "model": {"type": "model", "model": "gui:item/bar/honey/13"}}, {"threshold": 2100614, "model": {"type": "model", "model": "gui:item/bar/honey/14"}}, {"threshold": 2100700, "model": {"type": "model", "model": "gui:item/bar/fire/0"}}, {"threshold": 2100701, "model": {"type": "model", "model": "gui:item/bar/fire/1"}}, {"threshold": 2100702, "model": {"type": "model", "model": "gui:item/bar/fire/2"}}, {"threshold": 2100703, "model": {"type": "model", "model": "gui:item/bar/fire/3"}}, {"threshold": 2100704, "model": {"type": "model", "model": "gui:item/bar/fire/4"}}, {"threshold": 2100705, "model": {"type": "model", "model": "gui:item/bar/fire/5"}}, {"threshold": 2100706, "model": {"type": "model", "model": "gui:item/bar/fire/6"}}, {"threshold": 2100707, "model": {"type": "model", "model": "gui:item/bar/fire/7"}}, {"threshold": 2100708, "model": {"type": "model", "model": "gui:item/bar/fire/8"}}, {"threshold": 2100709, "model": {"type": "model", "model": "gui:item/bar/fire/9"}}, {"threshold": 2100710, "model": {"type": "model", "model": "gui:item/bar/fire/10"}}, {"threshold": 2100711, "model": {"type": "model", "model": "gui:item/bar/fire/11"}}, {"threshold": 2100712, "model": {"type": "model", "model": "gui:item/bar/fire/12"}}, {"threshold": 2100713, "model": {"type": "model", "model": "gui:item/bar/fire/13"}}, {"threshold": 2100800, "model": {"type": "model", "model": "gui:item/bar/steam/0"}}, {"threshold": 2100801, "model": {"type": "model", "model": "gui:item/bar/steam/1"}}, {"threshold": 2100802, "model": {"type": "model", "model": "gui:item/bar/steam/2"}}, {"threshold": 2100803, "model": {"type": "model", "model": "gui:item/bar/steam/3"}}, {"threshold": 2100804, "model": {"type": "model", "model": "gui:item/bar/steam/4"}}, {"threshold": 2100805, "model": {"type": "model", "model": "gui:item/bar/steam/5"}}, {"threshold": 2100806, "model": {"type": "model", "model": "gui:item/bar/steam/6"}}, {"threshold": 2100807, "model": {"type": "model", "model": "gui:item/bar/steam/7"}}, {"threshold": 2100808, "model": {"type": "model", "model": "gui:item/bar/steam/8"}}, {"threshold": 2100809, "model": {"type": "model", "model": "gui:item/bar/steam/9"}}, {"threshold": 2100810, "model": {"type": "model", "model": "gui:item/bar/steam/10"}}, {"threshold": 2100811, "model": {"type": "model", "model": "gui:item/bar/steam/11"}}, {"threshold": 2100812, "model": {"type": "model", "model": "gui:item/bar/steam/12"}}, {"threshold": 2100813, "model": {"type": "model", "model": "gui:item/bar/steam/13"}}, {"threshold": 2100814, "model": {"type": "model", "model": "gui:item/bar/steam/14"}}, {"threshold": 2100900, "model": {"type": "model", "model": "gui:item/bar/compressed_air/0"}}, {"threshold": 2100901, "model": {"type": "model", "model": "gui:item/bar/compressed_air/1"}}, {"threshold": 2100902, "model": {"type": "model", "model": "gui:item/bar/compressed_air/2"}}, {"threshold": 2100903, "model": {"type": "model", "model": "gui:item/bar/compressed_air/3"}}, {"threshold": 2100904, "model": {"type": "model", "model": "gui:item/bar/compressed_air/4"}}, {"threshold": 2100905, "model": {"type": "model", "model": "gui:item/bar/compressed_air/5"}}, {"threshold": 2100906, "model": {"type": "model", "model": "gui:item/bar/compressed_air/6"}}, {"threshold": 2100907, "model": {"type": "model", "model": "gui:item/bar/compressed_air/7"}}, {"threshold": 2100908, "model": {"type": "model", "model": "gui:item/bar/compressed_air/8"}}, {"threshold": 2100909, "model": {"type": "model", "model": "gui:item/bar/compressed_air/9"}}, {"threshold": 2100910, "model": {"type": "model", "model": "gui:item/bar/compressed_air/10"}}, {"threshold": 2100911, "model": {"type": "model", "model": "gui:item/bar/compressed_air/11"}}, {"threshold": 2100912, "model": {"type": "model", "model": "gui:item/bar/compressed_air/12"}}, {"threshold": 2100913, "model": {"type": "model", "model": "gui:item/bar/compressed_air/13"}}, {"threshold": 2100914, "model": {"type": "model", "model": "gui:item/bar/compressed_air/14"}}, {"threshold": 2101000, "model": {"type": "model", "model": "gui:item/bar/scanner/0"}}, {"threshold": 2101001, "model": {"type": "model", "model": "gui:item/bar/scanner/1"}}, {"threshold": 2101002, "model": {"type": "model", "model": "gui:item/bar/scanner/2"}}, {"threshold": 2101003, "model": {"type": "model", "model": "gui:item/bar/scanner/3"}}, {"threshold": 2101004, "model": {"type": "model", "model": "gui:item/bar/scanner/4"}}, {"threshold": 2101005, "model": {"type": "model", "model": "gui:item/bar/scanner/5"}}, {"threshold": 2101006, "model": {"type": "model", "model": "gui:item/bar/scanner/6"}}, {"threshold": 2101007, "model": {"type": "model", "model": "gui:item/bar/scanner/7"}}, {"threshold": 2101008, "model": {"type": "model", "model": "gui:item/bar/scanner/8"}}, {"threshold": 2101009, "model": {"type": "model", "model": "gui:item/bar/scanner/9"}}, {"threshold": 2101010, "model": {"type": "model", "model": "gui:item/bar/scanner/10"}}, {"threshold": 2101011, "model": {"type": "model", "model": "gui:item/bar/scanner/11"}}, {"threshold": 2101012, "model": {"type": "model", "model": "gui:item/bar/scanner/12"}}, {"threshold": 2101013, "model": {"type": "model", "model": "gui:item/bar/scanner/13"}}, {"threshold": 2101014, "model": {"type": "model", "model": "gui:item/bar/scanner/14"}}, {"threshold": 2101015, "model": {"type": "model", "model": "gui:item/bar/scanner/15"}}, {"threshold": 2101016, "model": {"type": "model", "model": "gui:item/bar/scanner/16"}}, {"threshold": 2101017, "model": {"type": "model", "model": "gui:item/bar/scanner/17"}}, {"threshold": 2101018, "model": {"type": "model", "model": "gui:item/bar/scanner/18"}}, {"threshold": 2101019, "model": {"type": "model", "model": "gui:item/bar/scanner/19"}}, {"threshold": 2101020, "model": {"type": "model", "model": "gui:item/bar/scanner/20"}}, {"threshold": 2101021, "model": {"type": "model", "model": "gui:item/bar/scanner/21"}}, {"threshold": 2101022, "model": {"type": "model", "model": "gui:item/bar/scanner/22"}}, {"threshold": 2101023, "model": {"type": "model", "model": "gui:item/bar/scanner/23"}}, {"threshold": 2101024, "model": {"type": "model", "model": "gui:item/bar/scanner/24"}}, {"threshold": 2101025, "model": {"type": "model", "model": "gui:item/bar/scanner/25"}}, {"threshold": 2101026, "model": {"type": "model", "model": "gui:item/bar/scanner/26"}}, {"threshold": 2101027, "model": {"type": "model", "model": "gui:item/bar/scanner/27"}}, {"threshold": 2101028, "model": {"type": "model", "model": "gui:item/bar/scanner/28"}}, {"threshold": 2101029, "model": {"type": "model", "model": "gui:item/bar/scanner/29"}}, {"threshold": 2101030, "model": {"type": "model", "model": "gui:item/bar/scanner/30"}}, {"threshold": 2101031, "model": {"type": "model", "model": "gui:item/bar/scanner/31"}}, {"threshold": 2101032, "model": {"type": "model", "model": "gui:item/bar/scanner/32"}}, {"threshold": 2101033, "model": {"type": "model", "model": "gui:item/bar/scanner/33"}}, {"threshold": 2101034, "model": {"type": "model", "model": "gui:item/bar/scanner/34"}}, {"threshold": 2101035, "model": {"type": "model", "model": "gui:item/bar/scanner/35"}}, {"threshold": 2101036, "model": {"type": "model", "model": "gui:item/bar/scanner/36"}}, {"threshold": 2101037, "model": {"type": "model", "model": "gui:item/bar/scanner/37"}}, {"threshold": 2101038, "model": {"type": "model", "model": "gui:item/bar/scanner/38"}}, {"threshold": 2101039, "model": {"type": "model", "model": "gui:item/bar/scanner/39"}}, {"threshold": 2101040, "model": {"type": "model", "model": "gui:item/bar/scanner/40"}}, {"threshold": 2101041, "model": {"type": "model", "model": "gui:item/bar/scanner/41"}}, {"threshold": 2101042, "model": {"type": "model", "model": "gui:item/bar/scanner/42"}}, {"threshold": 2101043, "model": {"type": "model", "model": "gui:item/bar/scanner/43"}}, {"threshold": 2101044, "model": {"type": "model", "model": "gui:item/bar/scanner/44"}}, {"threshold": 2101045, "model": {"type": "model", "model": "gui:item/bar/scanner/45"}}, {"threshold": 2101046, "model": {"type": "model", "model": "gui:item/bar/scanner/46"}}, {"threshold": 2101047, "model": {"type": "model", "model": "gui:item/bar/scanner/47"}}, {"threshold": 2101048, "model": {"type": "model", "model": "gui:item/bar/scanner/48"}}, {"threshold": 2101049, "model": {"type": "model", "model": "gui:item/bar/scanner/49"}}, {"threshold": 2101050, "model": {"type": "model", "model": "gui:item/bar/scanner/50"}}, {"threshold": 2101051, "model": {"type": "model", "model": "gui:item/bar/scanner/51"}}, {"threshold": 2101052, "model": {"type": "model", "model": "gui:item/bar/scanner/52"}}, {"threshold": 2101053, "model": {"type": "model", "model": "gui:item/bar/scanner/53"}}, {"threshold": 2101054, "model": {"type": "model", "model": "gui:item/bar/scanner/54"}}, {"threshold": 2101055, "model": {"type": "model", "model": "gui:item/bar/scanner/55"}}, {"threshold": 2101056, "model": {"type": "model", "model": "gui:item/bar/scanner/56"}}, {"threshold": 2101057, "model": {"type": "model", "model": "gui:item/bar/scanner/57"}}, {"threshold": 2101058, "model": {"type": "model", "model": "gui:item/bar/scanner/58"}}, {"threshold": 2101059, "model": {"type": "model", "model": "gui:item/bar/scanner/59"}}, {"threshold": 2101060, "model": {"type": "model", "model": "gui:item/bar/scanner/60"}}, {"threshold": 2101100, "model": {"type": "model", "model": "gui:item/bar/matter/0"}}, {"threshold": 2101101, "model": {"type": "model", "model": "gui:item/bar/matter/1"}}, {"threshold": 2101102, "model": {"type": "model", "model": "gui:item/bar/matter/2"}}, {"threshold": 2101103, "model": {"type": "model", "model": "gui:item/bar/matter/3"}}, {"threshold": 2101104, "model": {"type": "model", "model": "gui:item/bar/matter/4"}}, {"threshold": 2101105, "model": {"type": "model", "model": "gui:item/bar/matter/5"}}, {"threshold": 2101106, "model": {"type": "model", "model": "gui:item/bar/matter/6"}}, {"threshold": 2101107, "model": {"type": "model", "model": "gui:item/bar/matter/7"}}, {"threshold": 2101108, "model": {"type": "model", "model": "gui:item/bar/matter/8"}}, {"threshold": 2101109, "model": {"type": "model", "model": "gui:item/bar/matter/9"}}, {"threshold": 2101110, "model": {"type": "model", "model": "gui:item/bar/matter/10"}}, {"threshold": 2101111, "model": {"type": "model", "model": "gui:item/bar/matter/11"}}, {"threshold": 2101112, "model": {"type": "model", "model": "gui:item/bar/matter/12"}}, {"threshold": 2101113, "model": {"type": "model", "model": "gui:item/bar/matter/13"}}, {"threshold": 2101114, "model": {"type": "model", "model": "gui:item/bar/matter/14"}}, {"threshold": 2101200, "model": {"type": "model", "model": "gui:item/bar/distilled_water/0"}}, {"threshold": 2101201, "model": {"type": "model", "model": "gui:item/bar/distilled_water/1"}}, {"threshold": 2101202, "model": {"type": "model", "model": "gui:item/bar/distilled_water/2"}}, {"threshold": 2101203, "model": {"type": "model", "model": "gui:item/bar/distilled_water/3"}}, {"threshold": 2101204, "model": {"type": "model", "model": "gui:item/bar/distilled_water/4"}}, {"threshold": 2101205, "model": {"type": "model", "model": "gui:item/bar/distilled_water/5"}}, {"threshold": 2101206, "model": {"type": "model", "model": "gui:item/bar/distilled_water/6"}}, {"threshold": 2101207, "model": {"type": "model", "model": "gui:item/bar/distilled_water/7"}}, {"threshold": 2101208, "model": {"type": "model", "model": "gui:item/bar/distilled_water/8"}}, {"threshold": 2101209, "model": {"type": "model", "model": "gui:item/bar/distilled_water/9"}}, {"threshold": 2101210, "model": {"type": "model", "model": "gui:item/bar/distilled_water/10"}}, {"threshold": 2101211, "model": {"type": "model", "model": "gui:item/bar/distilled_water/11"}}, {"threshold": 2101212, "model": {"type": "model", "model": "gui:item/bar/distilled_water/12"}}, {"threshold": 2101213, "model": {"type": "model", "model": "gui:item/bar/distilled_water/13"}}, {"threshold": 2101214, "model": {"type": "model", "model": "gui:item/bar/distilled_water/14"}}, {"threshold": 2101300, "model": {"type": "model", "model": "gui:item/bar/creosote/0"}}, {"threshold": 2101301, "model": {"type": "model", "model": "gui:item/bar/creosote/1"}}, {"threshold": 2101302, "model": {"type": "model", "model": "gui:item/bar/creosote/2"}}, {"threshold": 2101303, "model": {"type": "model", "model": "gui:item/bar/creosote/3"}}, {"threshold": 2101304, "model": {"type": "model", "model": "gui:item/bar/creosote/4"}}, {"threshold": 2101305, "model": {"type": "model", "model": "gui:item/bar/creosote/5"}}, {"threshold": 2101306, "model": {"type": "model", "model": "gui:item/bar/creosote/6"}}, {"threshold": 2101307, "model": {"type": "model", "model": "gui:item/bar/creosote/7"}}, {"threshold": 2101308, "model": {"type": "model", "model": "gui:item/bar/creosote/8"}}, {"threshold": 2101309, "model": {"type": "model", "model": "gui:item/bar/creosote/9"}}, {"threshold": 2101310, "model": {"type": "model", "model": "gui:item/bar/creosote/10"}}, {"threshold": 2101311, "model": {"type": "model", "model": "gui:item/bar/creosote/11"}}, {"threshold": 2101312, "model": {"type": "model", "model": "gui:item/bar/creosote/12"}}, {"threshold": 2101313, "model": {"type": "model", "model": "gui:item/bar/creosote/13"}}, {"threshold": 2101314, "model": {"type": "model", "model": "gui:item/bar/creosote/14"}}, {"threshold": 2101400, "model": {"type": "model", "model": "gui:item/bar/coolant/0"}}, {"threshold": 2101401, "model": {"type": "model", "model": "gui:item/bar/coolant/1"}}, {"threshold": 2101402, "model": {"type": "model", "model": "gui:item/bar/coolant/2"}}, {"threshold": 2101403, "model": {"type": "model", "model": "gui:item/bar/coolant/3"}}, {"threshold": 2101404, "model": {"type": "model", "model": "gui:item/bar/coolant/4"}}, {"threshold": 2101405, "model": {"type": "model", "model": "gui:item/bar/coolant/5"}}, {"threshold": 2101406, "model": {"type": "model", "model": "gui:item/bar/coolant/6"}}, {"threshold": 2101407, "model": {"type": "model", "model": "gui:item/bar/coolant/7"}}, {"threshold": 2101408, "model": {"type": "model", "model": "gui:item/bar/coolant/8"}}, {"threshold": 2101409, "model": {"type": "model", "model": "gui:item/bar/coolant/9"}}, {"threshold": 2101410, "model": {"type": "model", "model": "gui:item/bar/coolant/10"}}, {"threshold": 2101411, "model": {"type": "model", "model": "gui:item/bar/coolant/11"}}, {"threshold": 2101412, "model": {"type": "model", "model": "gui:item/bar/coolant/12"}}, {"threshold": 2101413, "model": {"type": "model", "model": "gui:item/bar/coolant/13"}}, {"threshold": 2101414, "model": {"type": "model", "model": "gui:item/bar/coolant/14"}}, {"threshold": 2101500, "model": {"type": "model", "model": "gui:item/bar/quantum_energy/0"}}, {"threshold": 2101501, "model": {"type": "model", "model": "gui:item/bar/quantum_energy/1"}}, {"threshold": 2101502, "model": {"type": "model", "model": "gui:item/bar/quantum_energy/2"}}, {"threshold": 2101503, "model": {"type": "model", "model": "gui:item/bar/quantum_energy/3"}}, {"threshold": 2101504, "model": {"type": "model", "model": "gui:item/bar/quantum_energy/4"}}, {"threshold": 2101505, "model": {"type": "model", "model": "gui:item/bar/quantum_energy/5"}}, {"threshold": 2101506, "model": {"type": "model", "model": "gui:item/bar/quantum_energy/6"}}, {"threshold": 2101507, "model": {"type": "model", "model": "gui:item/bar/quantum_energy/7"}}, {"threshold": 2101508, "model": {"type": "model", "model": "gui:item/bar/quantum_energy/8"}}, {"threshold": 2101509, "model": {"type": "model", "model": "gui:item/bar/quantum_energy/9"}}, {"threshold": 2101510, "model": {"type": "model", "model": "gui:item/bar/quantum_energy/10"}}, {"threshold": 2101511, "model": {"type": "model", "model": "gui:item/bar/quantum_energy/11"}}, {"threshold": 2101512, "model": {"type": "model", "model": "gui:item/bar/quantum_energy/12"}}, {"threshold": 2101513, "model": {"type": "model", "model": "gui:item/bar/quantum_energy/13"}}, {"threshold": 2101514, "model": {"type": "model", "model": "gui:item/bar/quantum_energy/14"}}, {"threshold": 2101501, "model": {"type": "model", "model": "gui:item/bar/quantum_energy/1"}}, {"threshold": 2101502, "model": {"type": "model", "model": "gui:item/bar/quantum_energy/2"}}, {"threshold": 2101503, "model": {"type": "model", "model": "gui:item/bar/quantum_energy/3"}}, {"threshold": 2101504, "model": {"type": "model", "model": "gui:item/bar/quantum_energy/4"}}, {"threshold": 2101505, "model": {"type": "model", "model": "gui:item/bar/quantum_energy/5"}}, {"threshold": 2101506, "model": {"type": "model", "model": "gui:item/bar/quantum_energy/6"}}, {"threshold": 2101507, "model": {"type": "model", "model": "gui:item/bar/quantum_energy/7"}}, {"threshold": 2101508, "model": {"type": "model", "model": "gui:item/bar/quantum_energy/8"}}, {"threshold": 2101509, "model": {"type": "model", "model": "gui:item/bar/quantum_energy/9"}}, {"threshold": 2101510, "model": {"type": "model", "model": "gui:item/bar/quantum_energy/10"}}, {"threshold": 2101511, "model": {"type": "model", "model": "gui:item/bar/quantum_energy/11"}}, {"threshold": 2101512, "model": {"type": "model", "model": "gui:item/bar/quantum_energy/12"}}, {"threshold": 2101513, "model": {"type": "model", "model": "gui:item/bar/quantum_energy/13"}}, {"threshold": 2101514, "model": {"type": "model", "model": "gui:item/bar/quantum_energy/14"}}, {"threshold": 2101600, "model": {"type": "model", "model": "gui:item/bar/quantum_progress/0"}}, {"threshold": 2101601, "model": {"type": "model", "model": "gui:item/bar/quantum_progress/1"}}, {"threshold": 2101602, "model": {"type": "model", "model": "gui:item/bar/quantum_progress/2"}}, {"threshold": 2101603, "model": {"type": "model", "model": "gui:item/bar/quantum_progress/3"}}, {"threshold": 2101604, "model": {"type": "model", "model": "gui:item/bar/quantum_progress/4"}}, {"threshold": 2101605, "model": {"type": "model", "model": "gui:item/bar/quantum_progress/5"}}, {"threshold": 2101606, "model": {"type": "model", "model": "gui:item/bar/quantum_progress/6"}}, {"threshold": 2101607, "model": {"type": "model", "model": "gui:item/bar/quantum_progress/7"}}, {"threshold": 2101608, "model": {"type": "model", "model": "gui:item/bar/quantum_progress/8"}}, {"threshold": 2101609, "model": {"type": "model", "model": "gui:item/bar/quantum_progress/9"}}, {"threshold": 2101610, "model": {"type": "model", "model": "gui:item/bar/quantum_progress/10"}}, {"threshold": 2101611, "model": {"type": "model", "model": "gui:item/bar/quantum_progress/11"}}, {"threshold": 2101612, "model": {"type": "model", "model": "gui:item/bar/quantum_progress/12"}}, {"threshold": 2101613, "model": {"type": "model", "model": "gui:item/bar/quantum_progress/13"}}, {"threshold": 2101614, "model": {"type": "model", "model": "gui:item/bar/quantum_progress/14"}}, {"threshold": 2101601, "model": {"type": "model", "model": "gui:item/bar/quantum_progress/1"}}, {"threshold": 2101602, "model": {"type": "model", "model": "gui:item/bar/quantum_progress/2"}}, {"threshold": 2101603, "model": {"type": "model", "model": "gui:item/bar/quantum_progress/3"}}, {"threshold": 2101604, "model": {"type": "model", "model": "gui:item/bar/quantum_progress/4"}}, {"threshold": 2101605, "model": {"type": "model", "model": "gui:item/bar/quantum_progress/5"}}, {"threshold": 2101606, "model": {"type": "model", "model": "gui:item/bar/quantum_progress/6"}}, {"threshold": 2101607, "model": {"type": "model", "model": "gui:item/bar/quantum_progress/7"}}, {"threshold": 2101608, "model": {"type": "model", "model": "gui:item/bar/quantum_progress/8"}}, {"threshold": 2101609, "model": {"type": "model", "model": "gui:item/bar/quantum_progress/9"}}, {"threshold": 2101610, "model": {"type": "model", "model": "gui:item/bar/quantum_progress/10"}}, {"threshold": 2101611, "model": {"type": "model", "model": "gui:item/bar/quantum_progress/11"}}, {"threshold": 2101612, "model": {"type": "model", "model": "gui:item/bar/quantum_progress/12"}}, {"threshold": 2101613, "model": {"type": "model", "model": "gui:item/bar/quantum_progress/13"}}, {"threshold": 2101614, "model": {"type": "model", "model": "gui:item/bar/quantum_progress/14"}}, {"threshold": 2101615, "model": {"type": "model", "model": "gui:item/bar/quantum_progress/15"}}, {"threshold": 2101700, "model": {"type": "model", "model": "gui:item/bar/working_quantum_progress/0"}}, {"threshold": 2101701, "model": {"type": "model", "model": "gui:item/bar/working_quantum_progress/1"}}, {"threshold": 2101702, "model": {"type": "model", "model": "gui:item/bar/working_quantum_progress/2"}}, {"threshold": 2101703, "model": {"type": "model", "model": "gui:item/bar/working_quantum_progress/3"}}, {"threshold": 2101704, "model": {"type": "model", "model": "gui:item/bar/working_quantum_progress/4"}}, {"threshold": 2101705, "model": {"type": "model", "model": "gui:item/bar/working_quantum_progress/5"}}, {"threshold": 2101706, "model": {"type": "model", "model": "gui:item/bar/working_quantum_progress/6"}}, {"threshold": 2101707, "model": {"type": "model", "model": "gui:item/bar/working_quantum_progress/7"}}, {"threshold": 2101708, "model": {"type": "model", "model": "gui:item/bar/working_quantum_progress/8"}}, {"threshold": 2101709, "model": {"type": "model", "model": "gui:item/bar/working_quantum_progress/9"}}, {"threshold": 2101710, "model": {"type": "model", "model": "gui:item/bar/working_quantum_progress/10"}}, {"threshold": 2101711, "model": {"type": "model", "model": "gui:item/bar/working_quantum_progress/11"}}, {"threshold": 2101712, "model": {"type": "model", "model": "gui:item/bar/working_quantum_progress/12"}}, {"threshold": 2101713, "model": {"type": "model", "model": "gui:item/bar/working_quantum_progress/13"}}, {"threshold": 2101714, "model": {"type": "model", "model": "gui:item/bar/working_quantum_progress/14"}}, {"threshold": 2101701, "model": {"type": "model", "model": "gui:item/bar/working_quantum_progress/1"}}, {"threshold": 2101702, "model": {"type": "model", "model": "gui:item/bar/working_quantum_progress/2"}}, {"threshold": 2101703, "model": {"type": "model", "model": "gui:item/bar/working_quantum_progress/3"}}, {"threshold": 2101704, "model": {"type": "model", "model": "gui:item/bar/working_quantum_progress/4"}}, {"threshold": 2101705, "model": {"type": "model", "model": "gui:item/bar/working_quantum_progress/5"}}, {"threshold": 2101706, "model": {"type": "model", "model": "gui:item/bar/working_quantum_progress/6"}}, {"threshold": 2101707, "model": {"type": "model", "model": "gui:item/bar/working_quantum_progress/7"}}, {"threshold": 2101708, "model": {"type": "model", "model": "gui:item/bar/working_quantum_progress/8"}}, {"threshold": 2101709, "model": {"type": "model", "model": "gui:item/bar/working_quantum_progress/9"}}, {"threshold": 2101710, "model": {"type": "model", "model": "gui:item/bar/working_quantum_progress/10"}}, {"threshold": 2101711, "model": {"type": "model", "model": "gui:item/bar/working_quantum_progress/11"}}, {"threshold": 2101712, "model": {"type": "model", "model": "gui:item/bar/working_quantum_progress/12"}}, {"threshold": 2101713, "model": {"type": "model", "model": "gui:item/bar/working_quantum_progress/13"}}, {"threshold": 2101714, "model": {"type": "model", "model": "gui:item/bar/working_quantum_progress/14"}}, {"threshold": 2101715, "model": {"type": "model", "model": "gui:item/bar/working_quantum_progress/15"}}, {"threshold": 2101800, "model": {"type": "model", "model": "gui:item/bar/polyethylene/0"}}, {"threshold": 2101801, "model": {"type": "model", "model": "gui:item/bar/polyethylene/1"}}, {"threshold": 2101802, "model": {"type": "model", "model": "gui:item/bar/polyethylene/2"}}, {"threshold": 2101803, "model": {"type": "model", "model": "gui:item/bar/polyethylene/3"}}, {"threshold": 2101804, "model": {"type": "model", "model": "gui:item/bar/polyethylene/4"}}, {"threshold": 2101805, "model": {"type": "model", "model": "gui:item/bar/polyethylene/5"}}, {"threshold": 2101806, "model": {"type": "model", "model": "gui:item/bar/polyethylene/6"}}, {"threshold": 2101807, "model": {"type": "model", "model": "gui:item/bar/polyethylene/7"}}, {"threshold": 2101808, "model": {"type": "model", "model": "gui:item/bar/polyethylene/8"}}, {"threshold": 2101809, "model": {"type": "model", "model": "gui:item/bar/polyethylene/9"}}, {"threshold": 2101810, "model": {"type": "model", "model": "gui:item/bar/polyethylene/10"}}, {"threshold": 2101811, "model": {"type": "model", "model": "gui:item/bar/polyethylene/11"}}, {"threshold": 2101812, "model": {"type": "model", "model": "gui:item/bar/polyethylene/12"}}, {"threshold": 2101813, "model": {"type": "model", "model": "gui:item/bar/polyethylene/13"}}, {"threshold": 2101814, "model": {"type": "model", "model": "gui:item/bar/polyethylene/14"}}, {"threshold": 2101900, "model": {"type": "model", "model": "gui:item/bar/polyvinyl_chloride/0"}}, {"threshold": 2101901, "model": {"type": "model", "model": "gui:item/bar/polyvinyl_chloride/1"}}, {"threshold": 2101902, "model": {"type": "model", "model": "gui:item/bar/polyvinyl_chloride/2"}}, {"threshold": 2101903, "model": {"type": "model", "model": "gui:item/bar/polyvinyl_chloride/3"}}, {"threshold": 2101904, "model": {"type": "model", "model": "gui:item/bar/polyvinyl_chloride/4"}}, {"threshold": 2101905, "model": {"type": "model", "model": "gui:item/bar/polyvinyl_chloride/5"}}, {"threshold": 2101906, "model": {"type": "model", "model": "gui:item/bar/polyvinyl_chloride/6"}}, {"threshold": 2101907, "model": {"type": "model", "model": "gui:item/bar/polyvinyl_chloride/7"}}, {"threshold": 2101908, "model": {"type": "model", "model": "gui:item/bar/polyvinyl_chloride/8"}}, {"threshold": 2101909, "model": {"type": "model", "model": "gui:item/bar/polyvinyl_chloride/9"}}, {"threshold": 2101910, "model": {"type": "model", "model": "gui:item/bar/polyvinyl_chloride/10"}}, {"threshold": 2101911, "model": {"type": "model", "model": "gui:item/bar/polyvinyl_chloride/11"}}, {"threshold": 2101912, "model": {"type": "model", "model": "gui:item/bar/polyvinyl_chloride/12"}}, {"threshold": 2101913, "model": {"type": "model", "model": "gui:item/bar/polyvinyl_chloride/13"}}, {"threshold": 2101914, "model": {"type": "model", "model": "gui:item/bar/polyvinyl_chloride/14"}}, {"threshold": 2102000, "model": {"type": "model", "model": "gui:item/bar/coke_oven_gas/0"}}, {"threshold": 2102001, "model": {"type": "model", "model": "gui:item/bar/coke_oven_gas/1"}}, {"threshold": 2102002, "model": {"type": "model", "model": "gui:item/bar/coke_oven_gas/2"}}, {"threshold": 2102003, "model": {"type": "model", "model": "gui:item/bar/coke_oven_gas/3"}}, {"threshold": 2102004, "model": {"type": "model", "model": "gui:item/bar/coke_oven_gas/4"}}, {"threshold": 2102005, "model": {"type": "model", "model": "gui:item/bar/coke_oven_gas/5"}}, {"threshold": 2102006, "model": {"type": "model", "model": "gui:item/bar/coke_oven_gas/6"}}, {"threshold": 2102007, "model": {"type": "model", "model": "gui:item/bar/coke_oven_gas/7"}}, {"threshold": 2102008, "model": {"type": "model", "model": "gui:item/bar/coke_oven_gas/8"}}, {"threshold": 2102009, "model": {"type": "model", "model": "gui:item/bar/coke_oven_gas/9"}}, {"threshold": 2102010, "model": {"type": "model", "model": "gui:item/bar/coke_oven_gas/10"}}, {"threshold": 2102011, "model": {"type": "model", "model": "gui:item/bar/coke_oven_gas/11"}}, {"threshold": 2102012, "model": {"type": "model", "model": "gui:item/bar/coke_oven_gas/12"}}, {"threshold": 2102013, "model": {"type": "model", "model": "gui:item/bar/coke_oven_gas/13"}}, {"threshold": 2102014, "model": {"type": "model", "model": "gui:item/bar/coke_oven_gas/14"}}, {"threshold": 2102050, "model": {"type": "model", "model": "gui:item/bar/coke_oven_gas/0"}}, {"threshold": 2102051, "model": {"type": "model", "model": "gui:item/bar/coke_oven_gas/1"}}, {"threshold": 2102052, "model": {"type": "model", "model": "gui:item/bar/coke_oven_gas/2"}}, {"threshold": 2102053, "model": {"type": "model", "model": "gui:item/bar/coke_oven_gas/3"}}, {"threshold": 2102054, "model": {"type": "model", "model": "gui:item/bar/coke_oven_gas/4"}}, {"threshold": 2102055, "model": {"type": "model", "model": "gui:item/bar/coke_oven_gas/5"}}, {"threshold": 2102056, "model": {"type": "model", "model": "gui:item/bar/coke_oven_gas/6"}}, {"threshold": 2102057, "model": {"type": "model", "model": "gui:item/bar/coke_oven_gas/7"}}, {"threshold": 2102058, "model": {"type": "model", "model": "gui:item/bar/coke_oven_gas/8"}}, {"threshold": 2102059, "model": {"type": "model", "model": "gui:item/bar/coke_oven_gas/9"}}, {"threshold": 2102060, "model": {"type": "model", "model": "gui:item/bar/coke_oven_gas/10"}}, {"threshold": 2102061, "model": {"type": "model", "model": "gui:item/bar/coke_oven_gas/11"}}, {"threshold": 2102062, "model": {"type": "model", "model": "gui:item/bar/coke_oven_gas/12"}}, {"threshold": 2102063, "model": {"type": "model", "model": "gui:item/bar/coke_oven_gas/13"}}, {"threshold": 2102064, "model": {"type": "model", "model": "gui:item/bar/coke_oven_gas/14"}}, {"threshold": 2102100, "model": {"type": "model", "model": "gui:item/bar/benzol/0"}}, {"threshold": 2102101, "model": {"type": "model", "model": "gui:item/bar/benzol/1"}}, {"threshold": 2102102, "model": {"type": "model", "model": "gui:item/bar/benzol/2"}}, {"threshold": 2102103, "model": {"type": "model", "model": "gui:item/bar/benzol/3"}}, {"threshold": 2102104, "model": {"type": "model", "model": "gui:item/bar/benzol/4"}}, {"threshold": 2102105, "model": {"type": "model", "model": "gui:item/bar/benzol/5"}}, {"threshold": 2102106, "model": {"type": "model", "model": "gui:item/bar/benzol/6"}}, {"threshold": 2102107, "model": {"type": "model", "model": "gui:item/bar/benzol/7"}}, {"threshold": 2102108, "model": {"type": "model", "model": "gui:item/bar/benzol/8"}}, {"threshold": 2102109, "model": {"type": "model", "model": "gui:item/bar/benzol/9"}}, {"threshold": 2102110, "model": {"type": "model", "model": "gui:item/bar/benzol/10"}}, {"threshold": 2102111, "model": {"type": "model", "model": "gui:item/bar/benzol/11"}}, {"threshold": 2102112, "model": {"type": "model", "model": "gui:item/bar/benzol/12"}}, {"threshold": 2102113, "model": {"type": "model", "model": "gui:item/bar/benzol/13"}}, {"threshold": 2102114, "model": {"type": "model", "model": "gui:item/bar/benzol/14"}}, {"threshold": 2102200, "model": {"type": "model", "model": "gui:item/bar/biomass/0"}}, {"threshold": 2102201, "model": {"type": "model", "model": "gui:item/bar/biomass/1"}}, {"threshold": 2102202, "model": {"type": "model", "model": "gui:item/bar/biomass/2"}}, {"threshold": 2102203, "model": {"type": "model", "model": "gui:item/bar/biomass/3"}}, {"threshold": 2102204, "model": {"type": "model", "model": "gui:item/bar/biomass/4"}}, {"threshold": 2102205, "model": {"type": "model", "model": "gui:item/bar/biomass/5"}}, {"threshold": 2102206, "model": {"type": "model", "model": "gui:item/bar/biomass/6"}}, {"threshold": 2102207, "model": {"type": "model", "model": "gui:item/bar/biomass/7"}}, {"threshold": 2102208, "model": {"type": "model", "model": "gui:item/bar/biomass/8"}}, {"threshold": 2102209, "model": {"type": "model", "model": "gui:item/bar/biomass/9"}}, {"threshold": 2102210, "model": {"type": "model", "model": "gui:item/bar/biomass/10"}}, {"threshold": 2102211, "model": {"type": "model", "model": "gui:item/bar/biomass/11"}}, {"threshold": 2102212, "model": {"type": "model", "model": "gui:item/bar/biomass/12"}}, {"threshold": 2102213, "model": {"type": "model", "model": "gui:item/bar/biomass/13"}}, {"threshold": 2102214, "model": {"type": "model", "model": "gui:item/bar/biomass/14"}}, {"threshold": 2102300, "model": {"type": "model", "model": "gui:item/bar/ethanol/0"}}, {"threshold": 2102301, "model": {"type": "model", "model": "gui:item/bar/ethanol/1"}}, {"threshold": 2102302, "model": {"type": "model", "model": "gui:item/bar/ethanol/2"}}, {"threshold": 2102303, "model": {"type": "model", "model": "gui:item/bar/ethanol/3"}}, {"threshold": 2102304, "model": {"type": "model", "model": "gui:item/bar/ethanol/4"}}, {"threshold": 2102305, "model": {"type": "model", "model": "gui:item/bar/ethanol/5"}}, {"threshold": 2102306, "model": {"type": "model", "model": "gui:item/bar/ethanol/6"}}, {"threshold": 2102307, "model": {"type": "model", "model": "gui:item/bar/ethanol/7"}}, {"threshold": 2102308, "model": {"type": "model", "model": "gui:item/bar/ethanol/8"}}, {"threshold": 2102309, "model": {"type": "model", "model": "gui:item/bar/ethanol/9"}}, {"threshold": 2102310, "model": {"type": "model", "model": "gui:item/bar/ethanol/10"}}, {"threshold": 2102311, "model": {"type": "model", "model": "gui:item/bar/ethanol/11"}}, {"threshold": 2102312, "model": {"type": "model", "model": "gui:item/bar/ethanol/12"}}, {"threshold": 2102313, "model": {"type": "model", "model": "gui:item/bar/ethanol/13"}}, {"threshold": 2102314, "model": {"type": "model", "model": "gui:item/bar/ethanol/14"}}, {"threshold": 2102400, "model": {"type": "model", "model": "gui:item/bar/ethylene/0"}}, {"threshold": 2102401, "model": {"type": "model", "model": "gui:item/bar/ethylene/1"}}, {"threshold": 2102402, "model": {"type": "model", "model": "gui:item/bar/ethylene/2"}}, {"threshold": 2102403, "model": {"type": "model", "model": "gui:item/bar/ethylene/3"}}, {"threshold": 2102404, "model": {"type": "model", "model": "gui:item/bar/ethylene/4"}}, {"threshold": 2102405, "model": {"type": "model", "model": "gui:item/bar/ethylene/5"}}, {"threshold": 2102406, "model": {"type": "model", "model": "gui:item/bar/ethylene/6"}}, {"threshold": 2102407, "model": {"type": "model", "model": "gui:item/bar/ethylene/7"}}, {"threshold": 2102408, "model": {"type": "model", "model": "gui:item/bar/ethylene/8"}}, {"threshold": 2102409, "model": {"type": "model", "model": "gui:item/bar/ethylene/9"}}, {"threshold": 2102410, "model": {"type": "model", "model": "gui:item/bar/ethylene/10"}}, {"threshold": 2102411, "model": {"type": "model", "model": "gui:item/bar/ethylene/11"}}, {"threshold": 2102412, "model": {"type": "model", "model": "gui:item/bar/ethylene/12"}}, {"threshold": 2102413, "model": {"type": "model", "model": "gui:item/bar/ethylene/13"}}, {"threshold": 2102414, "model": {"type": "model", "model": "gui:item/bar/ethylene/14"}}, {"threshold": 2102500, "model": {"type": "model", "model": "gui:item/bar/vinyl_chloride/0"}}, {"threshold": 2102501, "model": {"type": "model", "model": "gui:item/bar/vinyl_chloride/1"}}, {"threshold": 2102502, "model": {"type": "model", "model": "gui:item/bar/vinyl_chloride/2"}}, {"threshold": 2102503, "model": {"type": "model", "model": "gui:item/bar/vinyl_chloride/3"}}, {"threshold": 2102504, "model": {"type": "model", "model": "gui:item/bar/vinyl_chloride/4"}}, {"threshold": 2102505, "model": {"type": "model", "model": "gui:item/bar/vinyl_chloride/5"}}, {"threshold": 2102506, "model": {"type": "model", "model": "gui:item/bar/vinyl_chloride/6"}}, {"threshold": 2102507, "model": {"type": "model", "model": "gui:item/bar/vinyl_chloride/7"}}, {"threshold": 2102508, "model": {"type": "model", "model": "gui:item/bar/vinyl_chloride/8"}}, {"threshold": 2102509, "model": {"type": "model", "model": "gui:item/bar/vinyl_chloride/9"}}, {"threshold": 2102510, "model": {"type": "model", "model": "gui:item/bar/vinyl_chloride/10"}}, {"threshold": 2102511, "model": {"type": "model", "model": "gui:item/bar/vinyl_chloride/11"}}, {"threshold": 2102512, "model": {"type": "model", "model": "gui:item/bar/vinyl_chloride/12"}}, {"threshold": 2102513, "model": {"type": "model", "model": "gui:item/bar/vinyl_chloride/13"}}, {"threshold": 2102514, "model": {"type": "model", "model": "gui:item/bar/vinyl_chloride/14"}}, {"threshold": 2102600, "model": {"type": "model", "model": "gui:item/bar/solder/0"}}, {"threshold": 2102601, "model": {"type": "model", "model": "gui:item/bar/solder/1"}}, {"threshold": 2102602, "model": {"type": "model", "model": "gui:item/bar/solder/2"}}, {"threshold": 2102603, "model": {"type": "model", "model": "gui:item/bar/solder/3"}}, {"threshold": 2102604, "model": {"type": "model", "model": "gui:item/bar/solder/4"}}, {"threshold": 2102605, "model": {"type": "model", "model": "gui:item/bar/solder/5"}}, {"threshold": 2102606, "model": {"type": "model", "model": "gui:item/bar/solder/6"}}, {"threshold": 2102607, "model": {"type": "model", "model": "gui:item/bar/solder/7"}}, {"threshold": 2102608, "model": {"type": "model", "model": "gui:item/bar/solder/8"}}, {"threshold": 2102609, "model": {"type": "model", "model": "gui:item/bar/solder/9"}}, {"threshold": 2102610, "model": {"type": "model", "model": "gui:item/bar/solder/10"}}, {"threshold": 2102611, "model": {"type": "model", "model": "gui:item/bar/solder/11"}}, {"threshold": 2102612, "model": {"type": "model", "model": "gui:item/bar/solder/12"}}, {"threshold": 2102613, "model": {"type": "model", "model": "gui:item/bar/solder/13"}}, {"threshold": 2102614, "model": {"type": "model", "model": "gui:item/bar/solder/14"}}, {"threshold": 2102700, "model": {"type": "model", "model": "gui:item/bar/helium/0"}}, {"threshold": 2102701, "model": {"type": "model", "model": "gui:item/bar/helium/1"}}, {"threshold": 2102702, "model": {"type": "model", "model": "gui:item/bar/helium/2"}}, {"threshold": 2102703, "model": {"type": "model", "model": "gui:item/bar/helium/3"}}, {"threshold": 2102704, "model": {"type": "model", "model": "gui:item/bar/helium/4"}}, {"threshold": 2102705, "model": {"type": "model", "model": "gui:item/bar/helium/5"}}, {"threshold": 2102706, "model": {"type": "model", "model": "gui:item/bar/helium/6"}}, {"threshold": 2102707, "model": {"type": "model", "model": "gui:item/bar/helium/7"}}, {"threshold": 2102708, "model": {"type": "model", "model": "gui:item/bar/helium/8"}}, {"threshold": 2102709, "model": {"type": "model", "model": "gui:item/bar/helium/9"}}, {"threshold": 2102710, "model": {"type": "model", "model": "gui:item/bar/helium/10"}}, {"threshold": 2102711, "model": {"type": "model", "model": "gui:item/bar/helium/11"}}, {"threshold": 2102712, "model": {"type": "model", "model": "gui:item/bar/helium/12"}}, {"threshold": 2102713, "model": {"type": "model", "model": "gui:item/bar/helium/13"}}, {"threshold": 2102714, "model": {"type": "model", "model": "gui:item/bar/helium/14"}}, {"threshold": 2102800, "model": {"type": "model", "model": "gui:item/bar/liquid_helium/0"}}, {"threshold": 2102801, "model": {"type": "model", "model": "gui:item/bar/liquid_helium/1"}}, {"threshold": 2102802, "model": {"type": "model", "model": "gui:item/bar/liquid_helium/2"}}, {"threshold": 2102803, "model": {"type": "model", "model": "gui:item/bar/liquid_helium/3"}}, {"threshold": 2102804, "model": {"type": "model", "model": "gui:item/bar/liquid_helium/4"}}, {"threshold": 2102805, "model": {"type": "model", "model": "gui:item/bar/liquid_helium/5"}}, {"threshold": 2102806, "model": {"type": "model", "model": "gui:item/bar/liquid_helium/6"}}, {"threshold": 2102807, "model": {"type": "model", "model": "gui:item/bar/liquid_helium/7"}}, {"threshold": 2102808, "model": {"type": "model", "model": "gui:item/bar/liquid_helium/8"}}, {"threshold": 2102809, "model": {"type": "model", "model": "gui:item/bar/liquid_helium/9"}}, {"threshold": 2102810, "model": {"type": "model", "model": "gui:item/bar/liquid_helium/10"}}, {"threshold": 2102811, "model": {"type": "model", "model": "gui:item/bar/liquid_helium/11"}}, {"threshold": 2102812, "model": {"type": "model", "model": "gui:item/bar/liquid_helium/12"}}, {"threshold": 2102813, "model": {"type": "model", "model": "gui:item/bar/liquid_helium/13"}}, {"threshold": 2102814, "model": {"type": "model", "model": "gui:item/bar/liquid_helium/14"}}, {"threshold": 2102900, "model": {"type": "model", "model": "gui:item/bar/hydrogen/0"}}, {"threshold": 2102901, "model": {"type": "model", "model": "gui:item/bar/hydrogen/1"}}, {"threshold": 2102902, "model": {"type": "model", "model": "gui:item/bar/hydrogen/2"}}, {"threshold": 2102903, "model": {"type": "model", "model": "gui:item/bar/hydrogen/3"}}, {"threshold": 2102904, "model": {"type": "model", "model": "gui:item/bar/hydrogen/4"}}, {"threshold": 2102905, "model": {"type": "model", "model": "gui:item/bar/hydrogen/5"}}, {"threshold": 2102906, "model": {"type": "model", "model": "gui:item/bar/hydrogen/6"}}, {"threshold": 2102907, "model": {"type": "model", "model": "gui:item/bar/hydrogen/7"}}, {"threshold": 2102908, "model": {"type": "model", "model": "gui:item/bar/hydrogen/8"}}, {"threshold": 2102909, "model": {"type": "model", "model": "gui:item/bar/hydrogen/9"}}, {"threshold": 2102910, "model": {"type": "model", "model": "gui:item/bar/hydrogen/10"}}, {"threshold": 2102911, "model": {"type": "model", "model": "gui:item/bar/hydrogen/11"}}, {"threshold": 2102912, "model": {"type": "model", "model": "gui:item/bar/hydrogen/12"}}, {"threshold": 2102913, "model": {"type": "model", "model": "gui:item/bar/hydrogen/13"}}, {"threshold": 2102914, "model": {"type": "model", "model": "gui:item/bar/hydrogen/14"}}, {"threshold": 2103000, "model": {"type": "model", "model": "gui:item/bar/oxygen/0"}}, {"threshold": 2103001, "model": {"type": "model", "model": "gui:item/bar/oxygen/1"}}, {"threshold": 2103002, "model": {"type": "model", "model": "gui:item/bar/oxygen/2"}}, {"threshold": 2103003, "model": {"type": "model", "model": "gui:item/bar/oxygen/3"}}, {"threshold": 2103004, "model": {"type": "model", "model": "gui:item/bar/oxygen/4"}}, {"threshold": 2103005, "model": {"type": "model", "model": "gui:item/bar/oxygen/5"}}, {"threshold": 2103006, "model": {"type": "model", "model": "gui:item/bar/oxygen/6"}}, {"threshold": 2103007, "model": {"type": "model", "model": "gui:item/bar/oxygen/7"}}, {"threshold": 2103008, "model": {"type": "model", "model": "gui:item/bar/oxygen/8"}}, {"threshold": 2103009, "model": {"type": "model", "model": "gui:item/bar/oxygen/9"}}, {"threshold": 2103010, "model": {"type": "model", "model": "gui:item/bar/oxygen/10"}}, {"threshold": 2103011, "model": {"type": "model", "model": "gui:item/bar/oxygen/11"}}, {"threshold": 2103012, "model": {"type": "model", "model": "gui:item/bar/oxygen/12"}}, {"threshold": 2103013, "model": {"type": "model", "model": "gui:item/bar/oxygen/13"}}, {"threshold": 2103014, "model": {"type": "model", "model": "gui:item/bar/oxygen/14"}}, {"threshold": 2103100, "model": {"type": "model", "model": "gui:item/bar/chlorine/0"}}, {"threshold": 2103101, "model": {"type": "model", "model": "gui:item/bar/chlorine/1"}}, {"threshold": 2103102, "model": {"type": "model", "model": "gui:item/bar/chlorine/2"}}, {"threshold": 2103103, "model": {"type": "model", "model": "gui:item/bar/chlorine/3"}}, {"threshold": 2103104, "model": {"type": "model", "model": "gui:item/bar/chlorine/4"}}, {"threshold": 2103105, "model": {"type": "model", "model": "gui:item/bar/chlorine/5"}}, {"threshold": 2103106, "model": {"type": "model", "model": "gui:item/bar/chlorine/6"}}, {"threshold": 2103107, "model": {"type": "model", "model": "gui:item/bar/chlorine/7"}}, {"threshold": 2103108, "model": {"type": "model", "model": "gui:item/bar/chlorine/8"}}, {"threshold": 2103109, "model": {"type": "model", "model": "gui:item/bar/chlorine/9"}}, {"threshold": 2103110, "model": {"type": "model", "model": "gui:item/bar/chlorine/10"}}, {"threshold": 2103111, "model": {"type": "model", "model": "gui:item/bar/chlorine/11"}}, {"threshold": 2103112, "model": {"type": "model", "model": "gui:item/bar/chlorine/12"}}, {"threshold": 2103113, "model": {"type": "model", "model": "gui:item/bar/chlorine/13"}}, {"threshold": 2103114, "model": {"type": "model", "model": "gui:item/bar/chlorine/14"}}, {"threshold": 2103200, "model": {"type": "model", "model": "gui:item/bar/phenol/0"}}, {"threshold": 2103201, "model": {"type": "model", "model": "gui:item/bar/phenol/1"}}, {"threshold": 2103202, "model": {"type": "model", "model": "gui:item/bar/phenol/2"}}, {"threshold": 2103203, "model": {"type": "model", "model": "gui:item/bar/phenol/3"}}, {"threshold": 2103204, "model": {"type": "model", "model": "gui:item/bar/phenol/4"}}, {"threshold": 2103205, "model": {"type": "model", "model": "gui:item/bar/phenol/5"}}, {"threshold": 2103206, "model": {"type": "model", "model": "gui:item/bar/phenol/6"}}, {"threshold": 2103207, "model": {"type": "model", "model": "gui:item/bar/phenol/7"}}, {"threshold": 2103208, "model": {"type": "model", "model": "gui:item/bar/phenol/8"}}, {"threshold": 2103209, "model": {"type": "model", "model": "gui:item/bar/phenol/9"}}, {"threshold": 2103210, "model": {"type": "model", "model": "gui:item/bar/phenol/10"}}, {"threshold": 2103211, "model": {"type": "model", "model": "gui:item/bar/phenol/11"}}, {"threshold": 2103212, "model": {"type": "model", "model": "gui:item/bar/phenol/12"}}, {"threshold": 2103213, "model": {"type": "model", "model": "gui:item/bar/phenol/13"}}, {"threshold": 2103214, "model": {"type": "model", "model": "gui:item/bar/phenol/14"}}, {"threshold": 2103300, "model": {"type": "model", "model": "gui:item/bar/fermented_biomass/0"}}, {"threshold": 2103301, "model": {"type": "model", "model": "gui:item/bar/fermented_biomass/1"}}, {"threshold": 2103302, "model": {"type": "model", "model": "gui:item/bar/fermented_biomass/2"}}, {"threshold": 2103303, "model": {"type": "model", "model": "gui:item/bar/fermented_biomass/3"}}, {"threshold": 2103304, "model": {"type": "model", "model": "gui:item/bar/fermented_biomass/4"}}, {"threshold": 2103305, "model": {"type": "model", "model": "gui:item/bar/fermented_biomass/5"}}, {"threshold": 2103306, "model": {"type": "model", "model": "gui:item/bar/fermented_biomass/6"}}, {"threshold": 2103307, "model": {"type": "model", "model": "gui:item/bar/fermented_biomass/7"}}, {"threshold": 2103308, "model": {"type": "model", "model": "gui:item/bar/fermented_biomass/8"}}, {"threshold": 2103309, "model": {"type": "model", "model": "gui:item/bar/fermented_biomass/9"}}, {"threshold": 2103310, "model": {"type": "model", "model": "gui:item/bar/fermented_biomass/10"}}, {"threshold": 2103311, "model": {"type": "model", "model": "gui:item/bar/fermented_biomass/11"}}, {"threshold": 2103312, "model": {"type": "model", "model": "gui:item/bar/fermented_biomass/12"}}, {"threshold": 2103313, "model": {"type": "model", "model": "gui:item/bar/fermented_biomass/13"}}, {"threshold": 2103314, "model": {"type": "model", "model": "gui:item/bar/fermented_biomass/14"}}, {"threshold": 2103400, "model": {"type": "model", "model": "gui:item/bar/phosphoric_acid/0"}}, {"threshold": 2103401, "model": {"type": "model", "model": "gui:item/bar/phosphoric_acid/1"}}, {"threshold": 2103402, "model": {"type": "model", "model": "gui:item/bar/phosphoric_acid/2"}}, {"threshold": 2103403, "model": {"type": "model", "model": "gui:item/bar/phosphoric_acid/3"}}, {"threshold": 2103404, "model": {"type": "model", "model": "gui:item/bar/phosphoric_acid/4"}}, {"threshold": 2103405, "model": {"type": "model", "model": "gui:item/bar/phosphoric_acid/5"}}, {"threshold": 2103406, "model": {"type": "model", "model": "gui:item/bar/phosphoric_acid/6"}}, {"threshold": 2103407, "model": {"type": "model", "model": "gui:item/bar/phosphoric_acid/7"}}, {"threshold": 2103408, "model": {"type": "model", "model": "gui:item/bar/phosphoric_acid/8"}}, {"threshold": 2103409, "model": {"type": "model", "model": "gui:item/bar/phosphoric_acid/9"}}, {"threshold": 2103410, "model": {"type": "model", "model": "gui:item/bar/phosphoric_acid/10"}}, {"threshold": 2103411, "model": {"type": "model", "model": "gui:item/bar/phosphoric_acid/11"}}, {"threshold": 2103412, "model": {"type": "model", "model": "gui:item/bar/phosphoric_acid/12"}}, {"threshold": 2103413, "model": {"type": "model", "model": "gui:item/bar/phosphoric_acid/13"}}, {"threshold": 2103414, "model": {"type": "model", "model": "gui:item/bar/phosphoric_acid/14"}}, {"threshold": 2103500, "model": {"type": "model", "model": "gui:item/bar/methane/0"}}, {"threshold": 2103501, "model": {"type": "model", "model": "gui:item/bar/methane/1"}}, {"threshold": 2103502, "model": {"type": "model", "model": "gui:item/bar/methane/2"}}, {"threshold": 2103503, "model": {"type": "model", "model": "gui:item/bar/methane/3"}}, {"threshold": 2103504, "model": {"type": "model", "model": "gui:item/bar/methane/4"}}, {"threshold": 2103505, "model": {"type": "model", "model": "gui:item/bar/methane/5"}}, {"threshold": 2103506, "model": {"type": "model", "model": "gui:item/bar/methane/6"}}, {"threshold": 2103507, "model": {"type": "model", "model": "gui:item/bar/methane/7"}}, {"threshold": 2103508, "model": {"type": "model", "model": "gui:item/bar/methane/8"}}, {"threshold": 2103509, "model": {"type": "model", "model": "gui:item/bar/methane/9"}}, {"threshold": 2103510, "model": {"type": "model", "model": "gui:item/bar/methane/10"}}, {"threshold": 2103511, "model": {"type": "model", "model": "gui:item/bar/methane/11"}}, {"threshold": 2103512, "model": {"type": "model", "model": "gui:item/bar/methane/12"}}, {"threshold": 2103513, "model": {"type": "model", "model": "gui:item/bar/methane/13"}}, {"threshold": 2103514, "model": {"type": "model", "model": "gui:item/bar/methane/14"}}, {"threshold": 2103600, "model": {"type": "model", "model": "gui:item/bar/methanol/0"}}, {"threshold": 2103601, "model": {"type": "model", "model": "gui:item/bar/methanol/1"}}, {"threshold": 2103602, "model": {"type": "model", "model": "gui:item/bar/methanol/2"}}, {"threshold": 2103603, "model": {"type": "model", "model": "gui:item/bar/methanol/3"}}, {"threshold": 2103604, "model": {"type": "model", "model": "gui:item/bar/methanol/4"}}, {"threshold": 2103605, "model": {"type": "model", "model": "gui:item/bar/methanol/5"}}, {"threshold": 2103606, "model": {"type": "model", "model": "gui:item/bar/methanol/6"}}, {"threshold": 2103607, "model": {"type": "model", "model": "gui:item/bar/methanol/7"}}, {"threshold": 2103608, "model": {"type": "model", "model": "gui:item/bar/methanol/8"}}, {"threshold": 2103609, "model": {"type": "model", "model": "gui:item/bar/methanol/9"}}, {"threshold": 2103610, "model": {"type": "model", "model": "gui:item/bar/methanol/10"}}, {"threshold": 2103611, "model": {"type": "model", "model": "gui:item/bar/methanol/11"}}, {"threshold": 2103612, "model": {"type": "model", "model": "gui:item/bar/methanol/12"}}, {"threshold": 2103613, "model": {"type": "model", "model": "gui:item/bar/methanol/13"}}, {"threshold": 2103614, "model": {"type": "model", "model": "gui:item/bar/methanol/14"}}, {"threshold": 2103700, "model": {"type": "model", "model": "gui:item/bar/seed_oil/0"}}, {"threshold": 2103701, "model": {"type": "model", "model": "gui:item/bar/seed_oil/1"}}, {"threshold": 2103702, "model": {"type": "model", "model": "gui:item/bar/seed_oil/2"}}, {"threshold": 2103703, "model": {"type": "model", "model": "gui:item/bar/seed_oil/3"}}, {"threshold": 2103704, "model": {"type": "model", "model": "gui:item/bar/seed_oil/4"}}, {"threshold": 2103705, "model": {"type": "model", "model": "gui:item/bar/seed_oil/5"}}, {"threshold": 2103706, "model": {"type": "model", "model": "gui:item/bar/seed_oil/6"}}, {"threshold": 2103707, "model": {"type": "model", "model": "gui:item/bar/seed_oil/7"}}, {"threshold": 2103708, "model": {"type": "model", "model": "gui:item/bar/seed_oil/8"}}, {"threshold": 2103709, "model": {"type": "model", "model": "gui:item/bar/seed_oil/9"}}, {"threshold": 2103710, "model": {"type": "model", "model": "gui:item/bar/seed_oil/10"}}, {"threshold": 2103711, "model": {"type": "model", "model": "gui:item/bar/seed_oil/11"}}, {"threshold": 2103712, "model": {"type": "model", "model": "gui:item/bar/seed_oil/12"}}, {"threshold": 2103713, "model": {"type": "model", "model": "gui:item/bar/seed_oil/13"}}, {"threshold": 2103714, "model": {"type": "model", "model": "gui:item/bar/seed_oil/14"}}, {"threshold": 2103800, "model": {"type": "model", "model": "gui:item/bar/biodiesel/0"}}, {"threshold": 2103801, "model": {"type": "model", "model": "gui:item/bar/biodiesel/1"}}, {"threshold": 2103802, "model": {"type": "model", "model": "gui:item/bar/biodiesel/2"}}, {"threshold": 2103803, "model": {"type": "model", "model": "gui:item/bar/biodiesel/3"}}, {"threshold": 2103804, "model": {"type": "model", "model": "gui:item/bar/biodiesel/4"}}, {"threshold": 2103805, "model": {"type": "model", "model": "gui:item/bar/biodiesel/5"}}, {"threshold": 2103806, "model": {"type": "model", "model": "gui:item/bar/biodiesel/6"}}, {"threshold": 2103807, "model": {"type": "model", "model": "gui:item/bar/biodiesel/7"}}, {"threshold": 2103808, "model": {"type": "model", "model": "gui:item/bar/biodiesel/8"}}, {"threshold": 2103809, "model": {"type": "model", "model": "gui:item/bar/biodiesel/9"}}, {"threshold": 2103810, "model": {"type": "model", "model": "gui:item/bar/biodiesel/10"}}, {"threshold": 2103811, "model": {"type": "model", "model": "gui:item/bar/biodiesel/11"}}, {"threshold": 2103812, "model": {"type": "model", "model": "gui:item/bar/biodiesel/12"}}, {"threshold": 2103813, "model": {"type": "model", "model": "gui:item/bar/biodiesel/13"}}, {"threshold": 2103814, "model": {"type": "model", "model": "gui:item/bar/biodiesel/14"}}, {"threshold": 2103900, "model": {"type": "model", "model": "gui:item/bar/glycerol/0"}}, {"threshold": 2103901, "model": {"type": "model", "model": "gui:item/bar/glycerol/1"}}, {"threshold": 2103902, "model": {"type": "model", "model": "gui:item/bar/glycerol/2"}}, {"threshold": 2103903, "model": {"type": "model", "model": "gui:item/bar/glycerol/3"}}, {"threshold": 2103904, "model": {"type": "model", "model": "gui:item/bar/glycerol/4"}}, {"threshold": 2103905, "model": {"type": "model", "model": "gui:item/bar/glycerol/5"}}, {"threshold": 2103906, "model": {"type": "model", "model": "gui:item/bar/glycerol/6"}}, {"threshold": 2103907, "model": {"type": "model", "model": "gui:item/bar/glycerol/7"}}, {"threshold": 2103908, "model": {"type": "model", "model": "gui:item/bar/glycerol/8"}}, {"threshold": 2103909, "model": {"type": "model", "model": "gui:item/bar/glycerol/9"}}, {"threshold": 2103910, "model": {"type": "model", "model": "gui:item/bar/glycerol/10"}}, {"threshold": 2103911, "model": {"type": "model", "model": "gui:item/bar/glycerol/11"}}, {"threshold": 2103912, "model": {"type": "model", "model": "gui:item/bar/glycerol/12"}}, {"threshold": 2103913, "model": {"type": "model", "model": "gui:item/bar/glycerol/13"}}, {"threshold": 2103914, "model": {"type": "model", "model": "gui:item/bar/glycerol/14"}}, {"threshold": 2104000, "model": {"type": "model", "model": "gui:item/bar/iron_iii_chloride/0"}}, {"threshold": 2104001, "model": {"type": "model", "model": "gui:item/bar/iron_iii_chloride/1"}}, {"threshold": 2104002, "model": {"type": "model", "model": "gui:item/bar/iron_iii_chloride/2"}}, {"threshold": 2104003, "model": {"type": "model", "model": "gui:item/bar/iron_iii_chloride/3"}}, {"threshold": 2104004, "model": {"type": "model", "model": "gui:item/bar/iron_iii_chloride/4"}}, {"threshold": 2104005, "model": {"type": "model", "model": "gui:item/bar/iron_iii_chloride/5"}}, {"threshold": 2104006, "model": {"type": "model", "model": "gui:item/bar/iron_iii_chloride/6"}}, {"threshold": 2104007, "model": {"type": "model", "model": "gui:item/bar/iron_iii_chloride/7"}}, {"threshold": 2104008, "model": {"type": "model", "model": "gui:item/bar/iron_iii_chloride/8"}}, {"threshold": 2104009, "model": {"type": "model", "model": "gui:item/bar/iron_iii_chloride/9"}}, {"threshold": 2104010, "model": {"type": "model", "model": "gui:item/bar/iron_iii_chloride/10"}}, {"threshold": 2104011, "model": {"type": "model", "model": "gui:item/bar/iron_iii_chloride/11"}}, {"threshold": 2104012, "model": {"type": "model", "model": "gui:item/bar/iron_iii_chloride/12"}}, {"threshold": 2104013, "model": {"type": "model", "model": "gui:item/bar/iron_iii_chloride/13"}}, {"threshold": 2104014, "model": {"type": "model", "model": "gui:item/bar/iron_iii_chloride/14"}}, {"threshold": 2104100, "model": {"type": "model", "model": "gui:item/bar/hydrochloric_acid/0"}}, {"threshold": 2104101, "model": {"type": "model", "model": "gui:item/bar/hydrochloric_acid/1"}}, {"threshold": 2104102, "model": {"type": "model", "model": "gui:item/bar/hydrochloric_acid/2"}}, {"threshold": 2104103, "model": {"type": "model", "model": "gui:item/bar/hydrochloric_acid/3"}}, {"threshold": 2104104, "model": {"type": "model", "model": "gui:item/bar/hydrochloric_acid/4"}}, {"threshold": 2104105, "model": {"type": "model", "model": "gui:item/bar/hydrochloric_acid/5"}}, {"threshold": 2104106, "model": {"type": "model", "model": "gui:item/bar/hydrochloric_acid/6"}}, {"threshold": 2104107, "model": {"type": "model", "model": "gui:item/bar/hydrochloric_acid/7"}}, {"threshold": 2104108, "model": {"type": "model", "model": "gui:item/bar/hydrochloric_acid/8"}}, {"threshold": 2104109, "model": {"type": "model", "model": "gui:item/bar/hydrochloric_acid/9"}}, {"threshold": 2104110, "model": {"type": "model", "model": "gui:item/bar/hydrochloric_acid/10"}}, {"threshold": 2104111, "model": {"type": "model", "model": "gui:item/bar/hydrochloric_acid/11"}}, {"threshold": 2104112, "model": {"type": "model", "model": "gui:item/bar/hydrochloric_acid/12"}}, {"threshold": 2104113, "model": {"type": "model", "model": "gui:item/bar/hydrochloric_acid/13"}}, {"threshold": 2104114, "model": {"type": "model", "model": "gui:item/bar/hydrochloric_acid/14"}}, {"threshold": 2104200, "model": {"type": "model", "model": "gui:item/bar/sodium_persulfate/0"}}, {"threshold": 2104201, "model": {"type": "model", "model": "gui:item/bar/sodium_persulfate/1"}}, {"threshold": 2104202, "model": {"type": "model", "model": "gui:item/bar/sodium_persulfate/2"}}, {"threshold": 2104203, "model": {"type": "model", "model": "gui:item/bar/sodium_persulfate/3"}}, {"threshold": 2104204, "model": {"type": "model", "model": "gui:item/bar/sodium_persulfate/4"}}, {"threshold": 2104205, "model": {"type": "model", "model": "gui:item/bar/sodium_persulfate/5"}}, {"threshold": 2104206, "model": {"type": "model", "model": "gui:item/bar/sodium_persulfate/6"}}, {"threshold": 2104207, "model": {"type": "model", "model": "gui:item/bar/sodium_persulfate/7"}}, {"threshold": 2104208, "model": {"type": "model", "model": "gui:item/bar/sodium_persulfate/8"}}, {"threshold": 2104209, "model": {"type": "model", "model": "gui:item/bar/sodium_persulfate/9"}}, {"threshold": 2104210, "model": {"type": "model", "model": "gui:item/bar/sodium_persulfate/10"}}, {"threshold": 2104211, "model": {"type": "model", "model": "gui:item/bar/sodium_persulfate/11"}}, {"threshold": 2104212, "model": {"type": "model", "model": "gui:item/bar/sodium_persulfate/12"}}, {"threshold": 2104213, "model": {"type": "model", "model": "gui:item/bar/sodium_persulfate/13"}}, {"threshold": 2104214, "model": {"type": "model", "model": "gui:item/bar/sodium_persulfate/14"}}, {"threshold": 2104300, "model": {"type": "model", "model": "gui:item/bar/acetic_acid/0"}}, {"threshold": 2104301, "model": {"type": "model", "model": "gui:item/bar/acetic_acid/1"}}, {"threshold": 2104302, "model": {"type": "model", "model": "gui:item/bar/acetic_acid/2"}}, {"threshold": 2104303, "model": {"type": "model", "model": "gui:item/bar/acetic_acid/3"}}, {"threshold": 2104304, "model": {"type": "model", "model": "gui:item/bar/acetic_acid/4"}}, {"threshold": 2104305, "model": {"type": "model", "model": "gui:item/bar/acetic_acid/5"}}, {"threshold": 2104306, "model": {"type": "model", "model": "gui:item/bar/acetic_acid/6"}}, {"threshold": 2104307, "model": {"type": "model", "model": "gui:item/bar/acetic_acid/7"}}, {"threshold": 2104308, "model": {"type": "model", "model": "gui:item/bar/acetic_acid/8"}}, {"threshold": 2104309, "model": {"type": "model", "model": "gui:item/bar/acetic_acid/9"}}, {"threshold": 2104310, "model": {"type": "model", "model": "gui:item/bar/acetic_acid/10"}}, {"threshold": 2104311, "model": {"type": "model", "model": "gui:item/bar/acetic_acid/11"}}, {"threshold": 2104312, "model": {"type": "model", "model": "gui:item/bar/acetic_acid/12"}}, {"threshold": 2104313, "model": {"type": "model", "model": "gui:item/bar/acetic_acid/13"}}, {"threshold": 2104314, "model": {"type": "model", "model": "gui:item/bar/acetic_acid/14"}}, {"threshold": 2104400, "model": {"type": "model", "model": "gui:item/bar/acetone/0"}}, {"threshold": 2104401, "model": {"type": "model", "model": "gui:item/bar/acetone/1"}}, {"threshold": 2104402, "model": {"type": "model", "model": "gui:item/bar/acetone/2"}}, {"threshold": 2104403, "model": {"type": "model", "model": "gui:item/bar/acetone/3"}}, {"threshold": 2104404, "model": {"type": "model", "model": "gui:item/bar/acetone/4"}}, {"threshold": 2104405, "model": {"type": "model", "model": "gui:item/bar/acetone/5"}}, {"threshold": 2104406, "model": {"type": "model", "model": "gui:item/bar/acetone/6"}}, {"threshold": 2104407, "model": {"type": "model", "model": "gui:item/bar/acetone/7"}}, {"threshold": 2104408, "model": {"type": "model", "model": "gui:item/bar/acetone/8"}}, {"threshold": 2104409, "model": {"type": "model", "model": "gui:item/bar/acetone/9"}}, {"threshold": 2104410, "model": {"type": "model", "model": "gui:item/bar/acetone/10"}}, {"threshold": 2104411, "model": {"type": "model", "model": "gui:item/bar/acetone/11"}}, {"threshold": 2104412, "model": {"type": "model", "model": "gui:item/bar/acetone/12"}}, {"threshold": 2104413, "model": {"type": "model", "model": "gui:item/bar/acetone/13"}}, {"threshold": 2104414, "model": {"type": "model", "model": "gui:item/bar/acetone/14"}}, {"threshold": 2104500, "model": {"type": "model", "model": "gui:item/bar/bisphenol_a/0"}}, {"threshold": 2104501, "model": {"type": "model", "model": "gui:item/bar/bisphenol_a/1"}}, {"threshold": 2104502, "model": {"type": "model", "model": "gui:item/bar/bisphenol_a/2"}}, {"threshold": 2104503, "model": {"type": "model", "model": "gui:item/bar/bisphenol_a/3"}}, {"threshold": 2104504, "model": {"type": "model", "model": "gui:item/bar/bisphenol_a/4"}}, {"threshold": 2104505, "model": {"type": "model", "model": "gui:item/bar/bisphenol_a/5"}}, {"threshold": 2104506, "model": {"type": "model", "model": "gui:item/bar/bisphenol_a/6"}}, {"threshold": 2104507, "model": {"type": "model", "model": "gui:item/bar/bisphenol_a/7"}}, {"threshold": 2104508, "model": {"type": "model", "model": "gui:item/bar/bisphenol_a/8"}}, {"threshold": 2104509, "model": {"type": "model", "model": "gui:item/bar/bisphenol_a/9"}}, {"threshold": 2104510, "model": {"type": "model", "model": "gui:item/bar/bisphenol_a/10"}}, {"threshold": 2104511, "model": {"type": "model", "model": "gui:item/bar/bisphenol_a/11"}}, {"threshold": 2104512, "model": {"type": "model", "model": "gui:item/bar/bisphenol_a/12"}}, {"threshold": 2104513, "model": {"type": "model", "model": "gui:item/bar/bisphenol_a/13"}}, {"threshold": 2104514, "model": {"type": "model", "model": "gui:item/bar/bisphenol_a/14"}}, {"threshold": 2104600, "model": {"type": "model", "model": "gui:item/bar/epoxy_resin/0"}}, {"threshold": 2104601, "model": {"type": "model", "model": "gui:item/bar/epoxy_resin/1"}}, {"threshold": 2104602, "model": {"type": "model", "model": "gui:item/bar/epoxy_resin/2"}}, {"threshold": 2104603, "model": {"type": "model", "model": "gui:item/bar/epoxy_resin/3"}}, {"threshold": 2104604, "model": {"type": "model", "model": "gui:item/bar/epoxy_resin/4"}}, {"threshold": 2104605, "model": {"type": "model", "model": "gui:item/bar/epoxy_resin/5"}}, {"threshold": 2104606, "model": {"type": "model", "model": "gui:item/bar/epoxy_resin/6"}}, {"threshold": 2104607, "model": {"type": "model", "model": "gui:item/bar/epoxy_resin/7"}}, {"threshold": 2104608, "model": {"type": "model", "model": "gui:item/bar/epoxy_resin/8"}}, {"threshold": 2104609, "model": {"type": "model", "model": "gui:item/bar/epoxy_resin/9"}}, {"threshold": 2104610, "model": {"type": "model", "model": "gui:item/bar/epoxy_resin/10"}}, {"threshold": 2104611, "model": {"type": "model", "model": "gui:item/bar/epoxy_resin/11"}}, {"threshold": 2104612, "model": {"type": "model", "model": "gui:item/bar/epoxy_resin/12"}}, {"threshold": 2104613, "model": {"type": "model", "model": "gui:item/bar/epoxy_resin/13"}}, {"threshold": 2104614, "model": {"type": "model", "model": "gui:item/bar/epoxy_resin/14"}}, {"threshold": 2104700, "model": {"type": "model", "model": "gui:item/bar/glowstone/0"}}, {"threshold": 2104701, "model": {"type": "model", "model": "gui:item/bar/glowstone/1"}}, {"threshold": 2104702, "model": {"type": "model", "model": "gui:item/bar/glowstone/2"}}, {"threshold": 2104703, "model": {"type": "model", "model": "gui:item/bar/glowstone/3"}}, {"threshold": 2104704, "model": {"type": "model", "model": "gui:item/bar/glowstone/4"}}, {"threshold": 2104705, "model": {"type": "model", "model": "gui:item/bar/glowstone/5"}}, {"threshold": 2104706, "model": {"type": "model", "model": "gui:item/bar/glowstone/6"}}, {"threshold": 2104707, "model": {"type": "model", "model": "gui:item/bar/glowstone/7"}}, {"threshold": 2104708, "model": {"type": "model", "model": "gui:item/bar/glowstone/8"}}, {"threshold": 2104709, "model": {"type": "model", "model": "gui:item/bar/glowstone/9"}}, {"threshold": 2104710, "model": {"type": "model", "model": "gui:item/bar/glowstone/10"}}, {"threshold": 2104711, "model": {"type": "model", "model": "gui:item/bar/glowstone/11"}}, {"threshold": 2104712, "model": {"type": "model", "model": "gui:item/bar/glowstone/12"}}, {"threshold": 2104713, "model": {"type": "model", "model": "gui:item/bar/glowstone/13"}}, {"threshold": 2104714, "model": {"type": "model", "model": "gui:item/bar/glowstone/14"}}]}}