{"model": {"type": "range_dispatch", "property": "custom_model_data", "fallback": {"type": "model", "model": "minecraft:block/suspicious_sand_0"}, "entries": [{"threshold": 1, "model": {"type": "model", "model": "pipes:block/diamond/item/111010"}}, {"threshold": 2, "model": {"type": "model", "model": "pipes:block/diamond/item/111011"}}, {"threshold": 3, "model": {"type": "model", "model": "pipes:block/diamond/item/111100"}}, {"threshold": 4, "model": {"type": "model", "model": "pipes:block/diamond/item/111101"}}, {"threshold": 5, "model": {"type": "model", "model": "pipes:block/diamond/item/111110"}}, {"threshold": 6, "model": {"type": "model", "model": "pipes:block/diamond/item/111111"}}, {"threshold": 7, "model": {"type": "model", "model": "pipes:block/diamond/item/inventory"}}, {"threshold": 8, "model": {"type": "model", "model": "pipes:block/netherite/item/000000"}}, {"threshold": 9, "model": {"type": "model", "model": "pipes:block/netherite/item/000001"}}, {"threshold": 10, "model": {"type": "model", "model": "pipes:block/netherite/item/000010"}}, {"threshold": 11, "model": {"type": "model", "model": "pipes:block/netherite/item/000011"}}, {"threshold": 12, "model": {"type": "model", "model": "pipes:block/netherite/item/000100"}}, {"threshold": 13, "model": {"type": "model", "model": "pipes:block/netherite/item/000101"}}, {"threshold": 14, "model": {"type": "model", "model": "pipes:block/netherite/item/000110"}}, {"threshold": 15, "model": {"type": "model", "model": "pipes:block/netherite/item/000111"}}, {"threshold": 16, "model": {"type": "model", "model": "pipes:block/netherite/item/001000"}}, {"threshold": 17, "model": {"type": "model", "model": "pipes:block/netherite/item/001001"}}, {"threshold": 18, "model": {"type": "model", "model": "pipes:block/netherite/item/001010"}}, {"threshold": 19, "model": {"type": "model", "model": "pipes:block/netherite/item/001011"}}, {"threshold": 20, "model": {"type": "model", "model": "pipes:block/netherite/item/001100"}}, {"threshold": 21, "model": {"type": "model", "model": "pipes:block/netherite/item/001101"}}, {"threshold": 22, "model": {"type": "model", "model": "pipes:block/netherite/item/001110"}}, {"threshold": 23, "model": {"type": "model", "model": "pipes:block/netherite/item/001111"}}, {"threshold": 24, "model": {"type": "model", "model": "pipes:block/netherite/item/010000"}}, {"threshold": 25, "model": {"type": "model", "model": "pipes:block/netherite/item/010001"}}]}}