{"model": {"type": "range_dispatch", "property": "custom_model_data", "fallback": {"type": "model", "model": "minecraft:block/warped_nylium"}, "entries": [{"threshold": 1, "model": {"type": "model", "model": "general:block/resource/ore/zinc"}}, {"threshold": 2, "model": {"type": "model", "model": "general:block/resource/ore/lead"}}, {"threshold": 3, "model": {"type": "model", "model": "general:block/resource/ore/nickel"}}, {"threshold": 4, "model": {"type": "model", "model": "general:block/resource/ore/aluminium"}}, {"threshold": 5, "model": {"type": "model", "model": "general:block/resource/ore/zirconium"}}, {"threshold": 6, "model": {"type": "model", "model": "general:block/resource/ore/niobium"}}, {"threshold": 7, "model": {"type": "model", "model": "quantum:block/infinite_block"}}, {"threshold": 8, "model": {"type": "model", "model": "quantum:block/furnace"}}, {"threshold": 9, "model": {"type": "model", "model": "quantum:block/furnace_on"}}, {"threshold": 10, "model": {"type": "model", "model": "quantum:block/pulverizer"}}, {"threshold": 11, "model": {"type": "model", "model": "quantum:block/pulverizer_on"}}, {"threshold": 12, "model": {"type": "model", "model": "quantum:block/metal_molder"}}, {"threshold": 13, "model": {"type": "model", "model": "quantum:block/metal_molder_on"}}, {"threshold": 14, "model": {"type": "model", "model": "quantum:block/compressor"}}, {"threshold": 15, "model": {"type": "model", "model": "quantum:block/compressor_on"}}, {"threshold": 16, "model": {"type": "model", "model": "quantum:block/sawmill"}}, {"threshold": 17, "model": {"type": "model", "model": "quantum:block/sawmill_on"}}, {"threshold": 18, "model": {"type": "model", "model": "pipes:block/tin/item/000000"}}, {"threshold": 19, "model": {"type": "model", "model": "pipes:block/tin/item/000001"}}, {"threshold": 20, "model": {"type": "model", "model": "pipes:block/tin/item/000010"}}, {"threshold": 21, "model": {"type": "model", "model": "pipes:block/tin/item/000011"}}, {"threshold": 22, "model": {"type": "model", "model": "pipes:block/tin/item/000100"}}, {"threshold": 23, "model": {"type": "model", "model": "pipes:block/tin/item/000101"}}, {"threshold": 24, "model": {"type": "model", "model": "pipes:block/tin/item/000110"}}, {"threshold": 25, "model": {"type": "model", "model": "pipes:block/tin/item/000111"}}]}}