{"model": {"type": "range_dispatch", "property": "custom_model_data", "fallback": {"type": "model", "model": "minecraft:block/oxidized_cut_copper_stairs"}, "entries": [{"threshold": 1, "model": {"type": "model", "model": "electricity:block/stabilizing_room/glass_connecting/011011"}}, {"threshold": 2, "model": {"type": "model", "model": "electricity:block/stabilizing_room/glass_connecting/011100"}}, {"threshold": 3, "model": {"type": "model", "model": "electricity:block/stabilizing_room/glass_connecting/011101"}}, {"threshold": 4, "model": {"type": "model", "model": "electricity:block/stabilizing_room/glass_connecting/011110"}}, {"threshold": 5, "model": {"type": "model", "model": "electricity:block/stabilizing_room/glass_connecting/011111"}}, {"threshold": 6, "model": {"type": "model", "model": "electricity:block/stabilizing_room/glass_connecting/100000"}}, {"threshold": 7, "model": {"type": "model", "model": "electricity:block/stabilizing_room/glass_connecting/100001"}}, {"threshold": 8, "model": {"type": "model", "model": "electricity:block/stabilizing_room/glass_connecting/100010"}}, {"threshold": 9, "model": {"type": "model", "model": "electricity:block/stabilizing_room/glass_connecting/100011"}}, {"threshold": 10, "model": {"type": "model", "model": "electricity:block/stabilizing_room/glass_connecting/100100"}}, {"threshold": 11, "model": {"type": "model", "model": "electricity:block/stabilizing_room/glass_connecting/100101"}}, {"threshold": 12, "model": {"type": "model", "model": "electricity:block/stabilizing_room/glass_connecting/100110"}}, {"threshold": 13, "model": {"type": "model", "model": "electricity:block/stabilizing_room/glass_connecting/100111"}}, {"threshold": 14, "model": {"type": "model", "model": "electricity:block/stabilizing_room/glass_connecting/101000"}}, {"threshold": 15, "model": {"type": "model", "model": "electricity:block/stabilizing_room/glass_connecting/101001"}}, {"threshold": 16, "model": {"type": "model", "model": "electricity:block/stabilizing_room/glass_connecting/101010"}}, {"threshold": 17, "model": {"type": "model", "model": "electricity:block/stabilizing_room/glass_connecting/101011"}}, {"threshold": 18, "model": {"type": "model", "model": "electricity:block/stabilizing_room/glass_connecting/101100"}}, {"threshold": 19, "model": {"type": "model", "model": "electricity:block/stabilizing_room/glass_connecting/101101"}}, {"threshold": 20, "model": {"type": "model", "model": "electricity:block/stabilizing_room/glass_connecting/101110"}}, {"threshold": 21, "model": {"type": "model", "model": "electricity:block/stabilizing_room/glass_connecting/101111"}}, {"threshold": 22, "model": {"type": "model", "model": "electricity:block/stabilizing_room/glass_connecting/110000"}}, {"threshold": 23, "model": {"type": "model", "model": "electricity:block/stabilizing_room/glass_connecting/110001"}}, {"threshold": 24, "model": {"type": "model", "model": "electricity:block/stabilizing_room/glass_connecting/110010"}}, {"threshold": 25, "model": {"type": "model", "model": "electricity:block/stabilizing_room/glass_connecting/110011"}}]}}