{"model": {"type": "range_dispatch", "property": "custom_model_data", "fallback": {"type": "model", "model": "minecraft:block/weathered_cut_copper_stairs"}, "entries": [{"threshold": 1, "model": {"type": "model", "model": "electricity:block/stabilizing_room/glass_connecting/000010"}}, {"threshold": 2, "model": {"type": "model", "model": "electricity:block/stabilizing_room/glass_connecting/000011"}}, {"threshold": 3, "model": {"type": "model", "model": "electricity:block/stabilizing_room/glass_connecting/000100"}}, {"threshold": 4, "model": {"type": "model", "model": "electricity:block/stabilizing_room/glass_connecting/000101"}}, {"threshold": 5, "model": {"type": "model", "model": "electricity:block/stabilizing_room/glass_connecting/000110"}}, {"threshold": 6, "model": {"type": "model", "model": "electricity:block/stabilizing_room/glass_connecting/000111"}}, {"threshold": 7, "model": {"type": "model", "model": "electricity:block/stabilizing_room/glass_connecting/001000"}}, {"threshold": 8, "model": {"type": "model", "model": "electricity:block/stabilizing_room/glass_connecting/001001"}}, {"threshold": 9, "model": {"type": "model", "model": "electricity:block/stabilizing_room/glass_connecting/001010"}}, {"threshold": 10, "model": {"type": "model", "model": "electricity:block/stabilizing_room/glass_connecting/001011"}}, {"threshold": 11, "model": {"type": "model", "model": "electricity:block/stabilizing_room/glass_connecting/001100"}}, {"threshold": 12, "model": {"type": "model", "model": "electricity:block/stabilizing_room/glass_connecting/001101"}}, {"threshold": 13, "model": {"type": "model", "model": "electricity:block/stabilizing_room/glass_connecting/001110"}}, {"threshold": 14, "model": {"type": "model", "model": "electricity:block/stabilizing_room/glass_connecting/001111"}}, {"threshold": 15, "model": {"type": "model", "model": "electricity:block/stabilizing_room/glass_connecting/010000"}}, {"threshold": 16, "model": {"type": "model", "model": "electricity:block/stabilizing_room/glass_connecting/010001"}}, {"threshold": 17, "model": {"type": "model", "model": "electricity:block/stabilizing_room/glass_connecting/010010"}}, {"threshold": 18, "model": {"type": "model", "model": "electricity:block/stabilizing_room/glass_connecting/010011"}}, {"threshold": 19, "model": {"type": "model", "model": "electricity:block/stabilizing_room/glass_connecting/010100"}}, {"threshold": 20, "model": {"type": "model", "model": "electricity:block/stabilizing_room/glass_connecting/010101"}}, {"threshold": 21, "model": {"type": "model", "model": "electricity:block/stabilizing_room/glass_connecting/010110"}}, {"threshold": 22, "model": {"type": "model", "model": "electricity:block/stabilizing_room/glass_connecting/010111"}}, {"threshold": 23, "model": {"type": "model", "model": "electricity:block/stabilizing_room/glass_connecting/011000"}}, {"threshold": 24, "model": {"type": "model", "model": "electricity:block/stabilizing_room/glass_connecting/011001"}}, {"threshold": 25, "model": {"type": "model", "model": "electricity:block/stabilizing_room/glass_connecting/011010"}}]}}