{"model": {"type": "range_dispatch", "property": "custom_model_data", "fallback": {"type": "model", "model": "minecraft:block/weathered_cut_copper"}, "entries": [{"threshold": 1, "model": {"type": "model", "model": "electricity:block/wire/electrum/100111"}}, {"threshold": 2, "model": {"type": "model", "model": "electricity:block/wire/electrum/101000"}}, {"threshold": 3, "model": {"type": "model", "model": "electricity:block/wire/electrum/101001"}}, {"threshold": 4, "model": {"type": "model", "model": "electricity:block/wire/electrum/101010"}}, {"threshold": 5, "model": {"type": "model", "model": "electricity:block/wire/electrum/101011"}}, {"threshold": 6, "model": {"type": "model", "model": "electricity:block/wire/electrum/101100"}}, {"threshold": 7, "model": {"type": "model", "model": "electricity:block/wire/electrum/101101"}}, {"threshold": 8, "model": {"type": "model", "model": "electricity:block/wire/electrum/101110"}}, {"threshold": 9, "model": {"type": "model", "model": "electricity:block/wire/electrum/101111"}}, {"threshold": 10, "model": {"type": "model", "model": "electricity:block/wire/electrum/110000"}}, {"threshold": 11, "model": {"type": "model", "model": "electricity:block/wire/electrum/110001"}}, {"threshold": 12, "model": {"type": "model", "model": "electricity:block/wire/electrum/110010"}}, {"threshold": 13, "model": {"type": "model", "model": "electricity:block/wire/electrum/110011"}}, {"threshold": 14, "model": {"type": "model", "model": "electricity:block/wire/electrum/110100"}}, {"threshold": 15, "model": {"type": "model", "model": "electricity:block/wire/electrum/110101"}}, {"threshold": 16, "model": {"type": "model", "model": "electricity:block/wire/electrum/110110"}}, {"threshold": 17, "model": {"type": "model", "model": "electricity:block/wire/electrum/110111"}}, {"threshold": 18, "model": {"type": "model", "model": "electricity:block/wire/electrum/111000"}}, {"threshold": 19, "model": {"type": "model", "model": "electricity:block/wire/electrum/111001"}}, {"threshold": 20, "model": {"type": "model", "model": "electricity:block/wire/electrum/111010"}}, {"threshold": 21, "model": {"type": "model", "model": "electricity:block/wire/electrum/111011"}}, {"threshold": 22, "model": {"type": "model", "model": "electricity:block/wire/electrum/111100"}}, {"threshold": 23, "model": {"type": "model", "model": "electricity:block/wire/electrum/111101"}}, {"threshold": 24, "model": {"type": "model", "model": "electricity:block/wire/electrum/111110"}}, {"threshold": 25, "model": {"type": "model", "model": "electricity:block/wire/electrum/111111"}}]}}