{"model": {"type": "range_dispatch", "property": "custom_model_data", "fallback": {"type": "model", "model": "minecraft:block/weathered_copper"}, "entries": [{"threshold": 1, "model": {"type": "model", "model": "electricity:block/wire/cupronickel/000100"}}, {"threshold": 2, "model": {"type": "model", "model": "electricity:block/wire/cupronickel/000101"}}, {"threshold": 3, "model": {"type": "model", "model": "electricity:block/wire/cupronickel/000110"}}, {"threshold": 4, "model": {"type": "model", "model": "electricity:block/wire/cupronickel/000111"}}, {"threshold": 5, "model": {"type": "model", "model": "electricity:block/wire/cupronickel/001000"}}, {"threshold": 6, "model": {"type": "model", "model": "electricity:block/wire/cupronickel/001001"}}, {"threshold": 7, "model": {"type": "model", "model": "electricity:block/wire/cupronickel/001010"}}, {"threshold": 8, "model": {"type": "model", "model": "electricity:block/wire/cupronickel/001011"}}, {"threshold": 9, "model": {"type": "model", "model": "electricity:block/wire/cupronickel/001100"}}, {"threshold": 10, "model": {"type": "model", "model": "electricity:block/wire/cupronickel/001101"}}, {"threshold": 11, "model": {"type": "model", "model": "electricity:block/wire/cupronickel/001110"}}, {"threshold": 12, "model": {"type": "model", "model": "electricity:block/wire/cupronickel/001111"}}, {"threshold": 13, "model": {"type": "model", "model": "electricity:block/wire/cupronickel/010000"}}, {"threshold": 14, "model": {"type": "model", "model": "electricity:block/wire/cupronickel/010001"}}, {"threshold": 15, "model": {"type": "model", "model": "electricity:block/wire/cupronickel/010010"}}, {"threshold": 16, "model": {"type": "model", "model": "electricity:block/wire/cupronickel/010011"}}, {"threshold": 17, "model": {"type": "model", "model": "electricity:block/wire/cupronickel/010100"}}, {"threshold": 18, "model": {"type": "model", "model": "electricity:block/wire/cupronickel/010101"}}, {"threshold": 19, "model": {"type": "model", "model": "electricity:block/wire/cupronickel/010110"}}, {"threshold": 20, "model": {"type": "model", "model": "electricity:block/wire/cupronickel/010111"}}, {"threshold": 21, "model": {"type": "model", "model": "electricity:block/wire/cupronickel/011000"}}, {"threshold": 22, "model": {"type": "model", "model": "electricity:block/wire/cupronickel/011001"}}, {"threshold": 23, "model": {"type": "model", "model": "electricity:block/wire/cupronickel/011010"}}, {"threshold": 24, "model": {"type": "model", "model": "electricity:block/wire/cupronickel/011011"}}, {"threshold": 25, "model": {"type": "model", "model": "electricity:block/wire/cupronickel/011100"}}]}}