{"model": {"type": "range_dispatch", "property": "custom_model_data", "fallback": {"type": "model", "model": "minecraft:block/weathered_cut_copper_stairs"}, "entries": [{"threshold": 1, "model": {"type": "model", "model": "electricity:block/wire/fiberglass/001001"}}, {"threshold": 2, "model": {"type": "model", "model": "electricity:block/wire/fiberglass/001010"}}, {"threshold": 3, "model": {"type": "model", "model": "electricity:block/wire/fiberglass/001011"}}, {"threshold": 4, "model": {"type": "model", "model": "electricity:block/wire/fiberglass/001100"}}, {"threshold": 5, "model": {"type": "model", "model": "electricity:block/wire/fiberglass/001101"}}, {"threshold": 6, "model": {"type": "model", "model": "electricity:block/wire/fiberglass/001110"}}, {"threshold": 7, "model": {"type": "model", "model": "electricity:block/wire/fiberglass/001111"}}, {"threshold": 8, "model": {"type": "model", "model": "electricity:block/wire/fiberglass/010000"}}, {"threshold": 9, "model": {"type": "model", "model": "electricity:block/wire/fiberglass/010001"}}, {"threshold": 10, "model": {"type": "model", "model": "electricity:block/wire/fiberglass/010010"}}, {"threshold": 11, "model": {"type": "model", "model": "electricity:block/wire/fiberglass/010011"}}, {"threshold": 12, "model": {"type": "model", "model": "electricity:block/wire/fiberglass/010100"}}, {"threshold": 13, "model": {"type": "model", "model": "electricity:block/wire/fiberglass/010101"}}, {"threshold": 14, "model": {"type": "model", "model": "electricity:block/wire/fiberglass/010110"}}, {"threshold": 15, "model": {"type": "model", "model": "electricity:block/wire/fiberglass/010111"}}, {"threshold": 16, "model": {"type": "model", "model": "electricity:block/wire/fiberglass/011000"}}, {"threshold": 17, "model": {"type": "model", "model": "electricity:block/wire/fiberglass/011001"}}, {"threshold": 18, "model": {"type": "model", "model": "electricity:block/wire/fiberglass/011010"}}, {"threshold": 19, "model": {"type": "model", "model": "electricity:block/wire/fiberglass/011011"}}, {"threshold": 20, "model": {"type": "model", "model": "electricity:block/wire/fiberglass/011100"}}, {"threshold": 21, "model": {"type": "model", "model": "electricity:block/wire/fiberglass/011101"}}, {"threshold": 22, "model": {"type": "model", "model": "electricity:block/wire/fiberglass/011110"}}, {"threshold": 23, "model": {"type": "model", "model": "electricity:block/wire/fiberglass/011111"}}, {"threshold": 24, "model": {"type": "model", "model": "electricity:block/wire/fiberglass/100000"}}, {"threshold": 25, "model": {"type": "model", "model": "electricity:block/wire/fiberglass/100001"}}]}}