{"model": {"type": "range_dispatch", "property": "custom_model_data", "fallback": {"type": "model", "model": "minecraft:item/wooden_sword"}, "entries": [{"threshold": 900000, "model": {"type": "model", "model": "july1:item/2024/knife/butterfly"}}, {"threshold": 900001, "model": {"type": "model", "model": "july1:item/2024/knife/karambit"}}, {"threshold": 1000100, "model": {"type": "model", "model": "customization:item/sword/sculk"}}, {"threshold": 1000101, "model": {"type": "model", "model": "customization:item/sword/amethyst"}}, {"threshold": 1000102, "model": {"type": "model", "model": "customization:item/sword/mossy"}}]}}