{
    "parent": "item/generated",
    "textures": {
        "layer0": "item/crossbow_standby"
    },
    "display": {
        "thirdperson_righthand": {
            "rotation": [ -90, 0, -60 ],
            "translation": [ 2, 0.1, -3 ],
            "scale": [ 0.9, 0.9, 0.9 ]
        },
        "thirdperson_lefthand": {
            "rotation": [ -90, 0, 30 ],
            "translation": [ 2, 0.1, -3 ],
            "scale": [ 0.9, 0.9, 0.9 ]
        },
        "firstperson_righthand": {
            "rotation": [ -90, 0, -55 ],
            "translation": [ 1.13, 3.2, 1.13],
            "scale": [ 0.68, 0.68, 0.68 ]
        },
        "firstperson_lefthand": {
            "rotation": [ -90, 0, 35 ],
            "translation": [ 1.13, 3.2, 1.13],
            "scale": [ 0.68, 0.68, 0.68 ]
        }
    },
    "overrides": [
        {
            "predicate": {
                "pulling": 1
            },
            "model": "item/crossbow_pulling_0"
        },
        {
            "predicate": {
                "pulling": 1,
                "pull": 0.58
            },
            "model": "item/crossbow_pulling_1"
        },
        {
            "predicate": {
                "pulling": 1,
                "pull": 1.0
            },
            "model": "item/crossbow_pulling_2"
        },
        {
            "predicate": {
                "charged": 1
            },
            "model": "item/crossbow_arrow"
        },
        {
            "predicate": {
                "charged": 1,
                "firework": 1
            },
            "model": "item/crossbow_firework"
        },
        {
            "predicate": {
                "custom_model_data": 1
            },
            "model": "guns/new_glock18"
        },
        {
            "predicate": {
                "custom_model_data": 1,
                "charged": 1
            },
            "model": "guns/new_glock18_crossbow"
        },
        {
            "predicate": {
                "custom_model_data": 2
            },
            "model": "guns/ak47"
        },
        {
            "predicate": {
                "custom_model_data": 2,
                "charged": 1
            },
            "model": "guns/ak47_crossbow"
        },
        {
            "predicate": {
                "custom_model_data": 3
            },
            "model": "guns/new_mac10"
        },
        {
            "predicate": {
                "custom_model_data": 3,
                "charged": 1
            },
            "model": "guns/new_mac10_crossbow"
        },
        {
            "predicate": {
                "custom_model_data": 4
            },
            "model": "guns/new_xm1014"
        },
        {
            "predicate": {
                "custom_model_data": 4,
                "charged": 1
            },
            "model": "guns/new_xm1014_crossbow"
        },
        {
            "predicate": {
                "custom_model_data": 5
            },
            "model": "guns/usps"
        },
        {
            "predicate": {
                "custom_model_data": 5,
                "charged": 1
            },
            "model": "guns/usps_crossbow"
        },
        {
            "predicate": {
                "custom_model_data": 6
            },
            "model": "guns/deagle"
        },
        {
            "predicate": {
                "custom_model_data": 6,
                "charged": 1
            },
            "model": "guns/deagle_crossbow"
        },
        {
            "predicate": {
                "custom_model_data": 7
            },
            "model": "guns/new_m4a1s"
        },
        {
            "predicate": {
                "custom_model_data": 7,
                "charged": 1
            },
            "model": "guns/new_m4a1s_crossbow"
        },
        {
            "predicate": {
                "custom_model_data": 8
            },
            "model": "guns/famas"
        },
        {
            "predicate": {
                "custom_model_data": 8,
                "charged": 1
            },
            "model": "guns/famas_crossbow"
        },
        {
            "predicate": {
                "custom_model_data": 9
            },
            "model": "guns/tec9"
        },
        {
            "predicate": {
                "custom_model_data": 9,
                "charged": 1
            },
            "model": "guns/tec9_crossbow"
        },
        {
            "predicate": {
                "custom_model_data": 10
            },
            "model": "guns/new_nova"
        },
        {
            "predicate": {
                "custom_model_data": 10,
                "charged": 1
            },
            "model": "guns/new_nova_crossbow"
        },
        {
            "predicate": {
                "custom_model_data": 11
            },
            "model": "guns/negev"
        },
        {
            "predicate": {
                "custom_model_data": 11,
                "charged": 1
            },
            "model": "guns/negev_crossbow"
        },
        {
            "predicate": {
                "custom_model_data": 12
            },
            "model": "guns/magnum"
        },
        {
            "predicate": {
                "custom_model_data": 12,
                "charged": 1
            },
            "model": "guns/magnum_crossbow"
        },
        {
            "predicate": {
                "custom_model_data": 13
            },
            "model": "guns/mp7"
        },
        {
            "predicate": {
                "custom_model_data": 13,
                "charged": 1
            },
            "model": "guns/mp7_crossbow"
        }
    ]
}
