{
  "parent": "minecraft:item/generated",
  "textures": {
    "layer0": "minecraft:item/iron_ingot"
  },
  "overrides": [
    {
      "predicate": {
        "custom_model_data": 1
      },
      "model": "other/skybox/desert"
    },
    {
      "predicate": {
        "custom_model_data": 2
      },
      "model": "other/skybox/dusk"
    },
    {
      "predicate": {
        "custom_model_data": 3
      },
      "model": "other/skybox/green"
    },
    {
      "predicate": {
        "custom_model_data": 4
      },
      "model": "other/skybox/city"
    },
    {
      "predicate": {
        "custom_model_data": 5
      },
      "model": "other/skybox/office"
    },
    {
      "predicate": {
        "custom_model_data": 6
      },
      "model": "other/skybox/morning"
    },
    {
      "predicate": {
        "custom_model_data": 7
      },
      "model": "other/skybox/des"
    }
  ]
}