{
  "parent": "minecraft:item/generated",
  "textures": {
    "layer0": "minecraft:block/light_gray_stained_glass"
  },
  "display": {
    "thirdperson_righthand": {
      "translation": [0, -2, 1],
      "scale": [0, 0, 0]
    },
    "thirdperson_lefthand": {
      "translation": [0, -2, 1],
      "scale": [0, 0, 0]
    },
    "firstperson_righthand": {
      "translation": [30, 0, 30]
    },
    "firstperson_lefthand": {
      "translation": [30, 0, 30]
    }
  },
  "overrides": [
    {
      "predicate": {
        "custom_model_data": 1
      },
      "model": "other/slot_empty"
    },
    {
      "predicate": {
        "custom_model_data": 2
      },
      "model": "other/slot_blend"
    },
    {
      "predicate": {
        "custom_model_data": 3
      },
      "model": "other/fake_medpack"
    }
  ]
}