{
	"credit": "Made with Blockbench",
	"texture_size": [4, 4],
	"textures": {
		"0": "guns/new_glock18",
		"particle": "guns/new_glock18"
	},
	"elements": [
		{
			"from": [8.00056, 12.07632, 3.42795],
			"to": [8.00056, 14.52032, 5.87195],
			"rotation": {"angle": 0, "axis": "y", "origin": [7.9975, 15.23416, 4.37498]},
			"faces": {
				"north": {"uv": [0, 0, 0, 8], "texture": "#0"},
				"east": {"uv": [16, 6, 14.5, 7.5], "texture": "#0"},
				"south": {"uv": [0, 0, 0, 8], "texture": "#0"},
				"west": {"uv": [14.5, 6, 16, 7.5], "texture": "#0"},
				"up": {"uv": [0, 0, 0, 8], "texture": "#0"},
				"down": {"uv": [0, 0, 0, 8], "texture": "#0"}
			}
		},
		{
			"from": [7.38956, 16.96432, 0.61735],
			"to": [8.61155, 18.18632, 0.61735],
			"rotation": {"angle": 0, "axis": "y", "origin": [7.9975, 15.23416, 4.37498]},
			"faces": {
				"north": {"uv": [8, 0, 8.75, 1], "texture": "#0"},
				"east": {"uv": [0, 0, 0, 4], "texture": "#0"},
				"south": {"uv": [7.25, 0, 8, 1], "texture": "#0"},
				"west": {"uv": [0, 0, 0, 4], "texture": "#0"},
				"up": {"uv": [0, 0, 4, 0], "texture": "#0"},
				"down": {"uv": [0, 0, 4, 0], "texture": "#0"}
			}
		},
		{
			"from": [7.38956, 16.96432, 8.07155],
			"to": [8.61155, 18.18632, 8.07155],
			"rotation": {"angle": 0, "axis": "y", "origin": [7.9975, 15.23416, 4.37498]},
			"faces": {
				"north": {"uv": [10.5, 0, 12.25, 1.5], "texture": "#0"},
				"east": {"uv": [0, 0, 0, 4], "texture": "#0"},
				"south": {"uv": [8.75, 0, 10.5, 1.5], "texture": "#0"},
				"west": {"uv": [0, 0, 0, 4], "texture": "#0"},
				"up": {"uv": [0, 0, 4, 0], "texture": "#0"},
				"down": {"uv": [0, 0, 4, 0], "texture": "#0"}
			}
		},
		{
			"from": [7.29179, 13.06946, 7.06544],
			"to": [8.69709, 14.29146, 8.53184],
			"rotation": {"angle": -22.5, "axis": "x", "origin": [7.9975, 15.23416, 4.37498]},
			"faces": {
				"north": {"uv": [0, 0, 8, 8], "rotation": 180, "texture": "#0"},
				"east": {"uv": [8.75, 14.75, 7.75, 16], "rotation": 90, "texture": "#0"},
				"south": {"uv": [6.75, 14.75, 7.75, 16], "texture": "#0"},
				"west": {"uv": [7.75, 14.75, 8.75, 16], "rotation": 270, "texture": "#0"},
				"up": {"uv": [5.75, 14, 6.5, 14.75], "texture": "#0"},
				"down": {"uv": [5.75, 14.75, 6.75, 16], "rotation": 180, "texture": "#0"}
			}
		},
		{
			"from": [7.20626, 14.52032, 5.13875],
			"to": [8.79486, 15.74232, 8.07155],
			"rotation": {"angle": 0, "axis": "y", "origin": [7.9975, 15.23416, 4.37498]},
			"faces": {
				"north": {"uv": [8.75, 15, 9.75, 16], "rotation": 180, "texture": "#0"},
				"east": {"uv": [9.75, 14.25, 10.75, 16], "rotation": 90, "texture": "#0"},
				"south": {"uv": [8.75, 15, 9.75, 16], "texture": "#0"},
				"west": {"uv": [9.75, 12.5, 10.75, 14.25], "rotation": 270, "texture": "#0"},
				"up": {"uv": [8.75, 15, 9.75, 16], "texture": "#0"},
				"down": {"uv": [8.75, 15, 9.75, 16], "rotation": 180, "texture": "#0"}
			}
		},
		{
			"from": [7.26736, 15.74232, 0.00635],
			"to": [8.73376, 16.96432, 8.68255],
			"rotation": {"angle": 0, "axis": "y", "origin": [7.9975, 15.23416, 4.37498]},
			"faces": {
				"north": {"uv": [2, 2, 3, 3], "texture": "#0"},
				"east": {"uv": [0, 0, 7, 1], "texture": "#0"},
				"south": {"uv": [2, 3, 3, 4], "texture": "#0"},
				"west": {"uv": [0, 1, 7, 2], "texture": "#0"},
				"up": {"uv": [1, 9, 0, 2], "texture": "#0"},
				"down": {"uv": [2, 2, 1, 9], "texture": "#0"}
			}
		},
		{
			"from": [7.38956, 14.52032, 0.00635],
			"to": [8.61155, 15.74232, 6.36075],
			"rotation": {"angle": 0, "axis": "y", "origin": [7.9975, 15.23416, 4.37498]},
			"faces": {
				"north": {"uv": [12.75, 10, 13.75, 11], "rotation": 180, "texture": "#0"},
				"east": {"uv": [11.75, 11, 12.75, 16], "rotation": 90, "texture": "#0"},
				"south": {"uv": [0, 0, 8, 8], "texture": "#0"},
				"west": {"uv": [12.75, 11, 13.75, 16], "rotation": 270, "texture": "#0"},
				"up": {"uv": [13.75, 7.5, 16, 16], "texture": "#0"},
				"down": {"uv": [10.75, 11, 11.75, 16], "rotation": 180, "texture": "#0"}
			}
		},
		{
			"from": [7.26735, 9.64786, 4.62144],
			"to": [8.73375, 14.53586, 7.06544],
			"rotation": {"angle": -22.5, "axis": "x", "origin": [7.9975, 15.23416, 4.37498]},
			"faces": {
				"north": {"uv": [2, 13, 2.75, 16], "texture": "#0"},
				"east": {"uv": [2.75, 13, 4.5, 16], "texture": "#0"},
				"south": {"uv": [1, 13, 2, 16], "texture": "#0"},
				"west": {"uv": [4.5, 13, 2.75, 16], "texture": "#0"},
				"up": {"uv": [2, 12.25, 2.75, 13], "texture": "#0"},
				"down": {"uv": [4.5, 13, 5.5, 14.75], "texture": "#0"}
			}
		}
	],
	"display": {
		"thirdperson_righthand": {
			"rotation": [7, -15, 3],
			"translation": [0, -5.25, 2.5],
			"scale": [0.8, 0.8, 0.8]
		},
		"thirdperson_lefthand": {
			"rotation": [7, -15, 3],
			"translation": [0, -5.25, 2.5],
			"scale": [0.8, 0.8, 0.8]
		},
	    "firstperson_righthand": {
	      "rotation": [3.1, -12.5, 3.1],
	      "translation": [6.75, -4, 3.7]
	    },
		"firstperson_lefthand": {
			"rotation": [3, -2.5, 2.5],
			"translation": [-3, -4, 2.5]
		},
		"ground": {
			"rotation": [0, 0, 90],
			"translation": [4.75, -2, 3.5],
			"scale": [0.8, 0.8, 0.8]
		},
		"gui": {
			"rotation": [-35, 135, 5],
			"translation": [3.75, -9, 0],
			"scale": [1.32, 1.32, 1.32]
		},
		"head": {
			"translation": [0, 0, -0.25]
		},
		"fixed": {
			"rotation": [0, 90, 0],
			"translation": [4.25, -5.75, -0.25]
		}
	}
}