{
	"credit": "Made with Blockbench",
	"textures": {
		"0": "guns/new_m4a1s",
		"particle": "guns/new_m4a1s"
	},
	"elements": [
		{
			"from": [7, 12.5, 7],
			"to": [9, 15.5, 15],
			"rotation": {"angle": 0, "axis": "y", "origin": [0, 4, 1]},
			"faces": {
				"north": {"uv": [4, 4, 5, 5.5], "texture": "#0"},
				"east": {"uv": [0, 4, 4, 5.5], "texture": "#0"},
				"south": {"uv": [9, 4, 10, 5.5], "texture": "#0"},
				"west": {"uv": [5, 4, 9, 5.5], "texture": "#0"},
				"up": {"uv": [5, 4, 4, 0], "texture": "#0"},
				"down": {"uv": [6, 0, 5, 4], "texture": "#0"}
			}
		},
		{
			"from": [8, 15.5, 7],
			"to": [8, 17.5, 15],
			"rotation": {"angle": 0, "axis": "y", "origin": [0, 7, 1]},
			"faces": {
				"east": {"uv": [4, 5.5, 0, 6.5], "texture": "#0"},
				"west": {"uv": [0, 5.5, 4, 6.5], "texture": "#0"}
			}
		},
		{
			"from": [8, 14.75, -2.5],
			"to": [8, 17.75, 0.5],
			"rotation": {"angle": 0, "axis": "y", "origin": [0, 6.25, -8]},
			"faces": {
				"east": {"uv": [9.5, 9.5, 8, 11], "texture": "#0"},
				"west": {"uv": [8, 9.5, 9.5, 11], "texture": "#0"}
			}
		},
		{
			"from": [7, 13.25, 17],
			"to": [9, 15.25, 22.5],
			"rotation": {"angle": 0, "axis": "y", "origin": [0, 4, 0]},
			"faces": {
				"north": {"uv": [8.75, 2.75, 9.75, 3.75], "texture": "#0"},
				"east": {"uv": [6, 2.75, 8.75, 3.75], "texture": "#0"},
				"south": {"uv": [12.5, 2.75, 13.5, 3.75], "texture": "#0"},
				"west": {"uv": [9.75, 2.75, 12.5, 3.75], "texture": "#0"},
				"up": {"uv": [9.75, 2.75, 8.75, 0], "texture": "#0"},
				"down": {"uv": [10.75, 0, 9.75, 2.75], "texture": "#0"}
			}
		},
		{
			"from": [7, 11.75, 21],
			"to": [9, 13.25, 22.5],
			"rotation": {"angle": 0, "axis": "y", "origin": [0, 4.25, 1.5]},
			"faces": {
				"north": {"uv": [11.5, 0.75, 12.5, 1.5], "texture": "#0"},
				"east": {"uv": [10.75, 0.75, 11.5, 1.5], "texture": "#0"},
				"south": {"uv": [13.25, 0.75, 14.25, 1.5], "texture": "#0"},
				"west": {"uv": [12.5, 0.75, 13.25, 1.5], "texture": "#0"},
				"down": {"uv": [13.5, 0, 12.5, 0.75], "texture": "#0"}
			}
		},
		{
			"from": [7.25, 12.75, 17.25],
			"to": [8.75, 14, 21.25],
			"rotation": {"angle": 22.5, "axis": "x", "origin": [8, 12.5, 19], "rescale": true},
			"faces": {
				"east": {"uv": [6, 7.75, 4, 8.5], "texture": "#0"},
				"west": {"uv": [4, 7.75, 6, 8.5], "texture": "#0"},
				"down": {"uv": [4, 7, 6, 7.75], "rotation": 90, "texture": "#0"}
			}
		},
		{
			"from": [7.25, 13.5, 15],
			"to": [8.75, 15, 17],
			"rotation": {"angle": 0, "axis": "y", "origin": [0, 4, 1]},
			"faces": {
				"east": {"uv": [10, 6.75, 11, 7.5], "texture": "#0"},
				"west": {"uv": [11.75, 6.75, 12.75, 7.5], "texture": "#0"},
				"up": {"uv": [11.75, 6.75, 11, 5.75], "texture": "#0"},
				"down": {"uv": [12.5, 5.75, 11.75, 6.75], "texture": "#0"}
			}
		},
		{
			"from": [7.25, 13.5, 6.5],
			"to": [8.75, 15, 7],
			"rotation": {"angle": 0, "axis": "y", "origin": [0, 4, -10]},
			"faces": {
				"east": {"uv": [6, 0.25, 6.25, 1], "texture": "#0"},
				"west": {"uv": [7, 0.25, 7.25, 1], "texture": "#0"},
				"up": {"uv": [7, 0.25, 6.25, 0], "texture": "#0"},
				"down": {"uv": [7.75, 0, 7, 0.25], "texture": "#0"}
			}
		},
		{
			"from": [6.96, 13.23175, 0.26],
			"to": [9.04, 15.31175, 6.5],
			"rotation": {"angle": 0, "axis": "z", "origin": [8, 14.27175, 3.28]},
			"faces": {
				"north": {"uv": [8, 8.5, 9, 9.5], "texture": "#0"},
				"east": {"uv": [5, 8.5, 8, 9.5], "texture": "#0"},
				"south": {"uv": [12, 8.5, 13, 9.5], "texture": "#0"},
				"west": {"uv": [9, 8.5, 12, 9.5], "texture": "#0"},
				"up": {"uv": [9, 8.5, 8, 5.5], "texture": "#0"},
				"down": {"uv": [10, 5.5, 9, 8.5], "texture": "#0"}
			}
		},
		{
			"from": [7.5, 13.75, -3],
			"to": [8.5, 14.75, 1],
			"rotation": {"angle": 0, "axis": "y", "origin": [8, 14.25, -2]},
			"faces": {
				"east": {"uv": [9.25, 15.5, 11.25, 16], "texture": "#0"},
				"west": {"uv": [11.75, 15.5, 13.75, 16], "texture": "#0"},
				"up": {"uv": [11.75, 15.5, 11.25, 13.5], "texture": "#0"},
				"down": {"uv": [12.25, 13.5, 11.75, 15.5], "texture": "#0"}
			}
		},
		{
			"from": [7.25, 13.5, -8],
			"to": [8.75, 15, -3],
			"rotation": {"angle": 0, "axis": "y", "origin": [8.25, 14, -4]},
			"faces": {
				"north": {"uv": [2.25, 12.5, 3.25, 13.5], "texture": "#0"},
				"east": {"uv": [0, 10.25, 2.5, 11], "texture": "#0"},
				"south": {"uv": [5.75, 10.25, 6.5, 11], "texture": "#0"},
				"west": {"uv": [3.25, 10.25, 5.75, 11], "texture": "#0"},
				"up": {"uv": [3.25, 10.25, 2.5, 7.75], "texture": "#0"},
				"down": {"uv": [4, 7.75, 3.25, 10.25], "texture": "#0"}
			}
		},
		{
			"from": [7, 12, 7],
			"to": [9, 12.5, 10.5],
			"rotation": {"angle": 0, "axis": "y", "origin": [0, 3.5, 1]},
			"faces": {
				"north": {"uv": [11.25, 11.25, 12.25, 11.5], "texture": "#0"},
				"east": {"uv": [9.5, 11.25, 11.25, 11.5], "texture": "#0"},
				"south": {"uv": [14, 11.25, 15, 11.5], "texture": "#0"},
				"west": {"uv": [12.25, 11.25, 14, 11.5], "texture": "#0"},
				"down": {"uv": [13.25, 9.5, 12.25, 11.25], "texture": "#0"}
			}
		},
		{
			"from": [8, 10, 7],
			"to": [8, 12.5, 13],
			"rotation": {"angle": 0, "axis": "y", "origin": [0, 4, 1]},
			"faces": {
				"east": {"uv": [3, 6.5, 0, 7.75], "texture": "#0"},
				"west": {"uv": [0, 6.5, 3, 7.75], "texture": "#0"}
			}
		},
		{
			"from": [7.25, 8.225, 12.625],
			"to": [8.75, 13.225, 15.125],
			"rotation": {"angle": -22.5, "axis": "x", "origin": [8, 11, 14]},
			"faces": {
				"north": {"uv": [1.25, 1.25, 2, 3.75], "texture": "#0"},
				"east": {"uv": [0, 1.25, 1.25, 3.75], "texture": "#0"},
				"south": {"uv": [3.25, 1.25, 4, 3.75], "texture": "#0"},
				"west": {"uv": [2, 1.25, 3.25, 3.75], "texture": "#0"},
				"down": {"uv": [2.75, 0, 2, 1.25], "texture": "#0"}
			}
		},
		{
			"from": [7.25, 6.15, 6.6],
			"to": [8.75, 12.65, 9.6],
			"rotation": {"angle": 22.5, "axis": "x", "origin": [8.25, 10.4, 8.6]},
			"faces": {
				"north": {"uv": [6.5, 11, 7.25, 14.25], "texture": "#0"},
				"east": {"uv": [5, 11, 6.5, 14.25], "texture": "#0"},
				"south": {"uv": [8.75, 11, 9.5, 14.25], "texture": "#0"},
				"west": {"uv": [7.25, 11, 8.75, 14.25], "texture": "#0"},
				"down": {"uv": [8, 9.5, 7.25, 11], "texture": "#0"}
			}
		}
	],
	"display": {
		"thirdperson_righthand": {
			"rotation": [8.5, -1, -1],
			"translation": [-0.25, -2.5, -3.75],
			"scale": [0.8, 0.8, 0.8]
		},
		"thirdperson_lefthand": {
			"rotation": [8.5, -1, -1],
			"translation": [-0.25, -2.75, -3.75],
			"scale": [0.8, 0.8, 0.8]
		},
		"firstperson_righthand": {
			"rotation": [2.5, -0.5, 2],
			"translation": [-0.5, -1.5, -5]
		},
		"firstperson_lefthand": {
			"rotation": [2.5, -0.5, 2],
			"translation": [-0.5, -1.5, -5]
		},
		"ground": {
			"rotation": [0, 0, 90],
			"translation": [3.75, -1.5, -1],
			"scale": [0.8, 0.8, 0.8]
		},
		"gui": {
			"rotation": [-35, 145, 5],
			"translation": [-0.5, -3, 0],
			"scale": [0.73, 0.73, 0.73]
		},
		"head": {
			"rotation": [90, 20, 90],
			"translation": [2.25, -2, 7.5]
		},
		"fixed": {
			"rotation": [0, 90, 0],
			"translation": [0, -4.5, -1]
		}
	}
}