{
  "step_default":                { "sounds": [ "step_default" ] },
  "step_snow":                   { "sounds": [ "step_snow" ] },
  "step_wood":                   { "sounds": [ "step_wood" ] },
                                 
  "reload":                      { "sounds": [ "ak47-2" ] },
  "glock_reload":                { "sounds": [ "glock18-2" ] },
  "xm_reload":                   { "sounds": [ "xm-2" ] },
                                 
  "grenade_hit":                 { "sounds": [ "grenade_hit" ] },
  "grenade_explode":             { "sounds": [ "explode-he" ] },
  "flashbang_explode":           { "sounds": [ "explode-flashbang" ] },
  "fire_grenade_ambient":        { "sounds": [ "fire_grenade_ambient" ] },
  "fire_grenade_fade":           { "sounds": [ "fire_grenade_fade" ] },
                                 
  "knife_hit":                   { "sounds": [ "knife_hit" ] },
                                 
  "glock_shoot":                 { "sounds": [ "glock18-1" ] },
  "ak47_shoot":                  { "sounds": [ "ak47-1" ] },
  "mac_shoot":                   { "sounds": [ "mac10" ] },
  "xm_shoot":                    { "sounds": [ "xm-1" ] },
  "awp_shoot":                   { "sounds": [ "awp-1" ] },
  "usps":                        { "sounds": [ "usps" ] },
  "tec9":                        { "sounds": [ "tec9" ] },
  "deagle":                      { "sounds": [ "deagle" ] },
  "m4a4":                        { "sounds": [ "m4a1s" ] },
  "famas":                       { "sounds": [ "famas" ] },
  "nova":                        { "sounds": [ "nova" ] },
  "scar20":                      { "sounds": [ "ssg08" ] },
  "negev":                       { "sounds": [ "negev" ] },
  "magnum":                      { "sounds": [ "magnum" ] },
  "mp7":                         { "sounds": [ "mp7" ] },

  "glock18_reload":              { "sounds": [ "reload/glock18_fullreload" ] },
  "usps_reload":                 { "sounds": [ "reload/usps_fullreload" ] },
  "tec9_reload":                 { "sounds": [ "reload/tec9_fullreload" ] },
  "deagle_reload":               { "sounds": [ "reload/deagle_fullreload" ] },
  "revolver_reload":             { "sounds": [ "reload/revolver_fullreload" ] },
  "mac10_reload":                { "sounds": [ "reload/mac10_fullreload" ] },
  "mp7_reload":                  { "sounds": [ "reload/mp7_fullreload" ] },
  "famas_reload":                { "sounds": [ "reload/famas_fullreload" ] },
  "m4a1s_reload":                { "sounds": [ "reload/m4a1s_fullreload" ] },
  "ak47_reload":                 { "sounds": [ "reload/ak47_fullreload" ] },
  "xm1014_reload":               { "sounds": [ "reload/xm1014_fullreload" ] },
  "nova_reload":                 { "sounds": [ "reload/nova_fullreload" ] },
  "awp_reload":                  { "sounds": [ "reload/awp_fullreload" ] },
  "ssg08_reload":                { "sounds": [ "reload/ssg08_fullreload" ] },
  "minigun_reload":              { "sounds": [ "reload/minigun_fullreload" ] },

  "nova_shootreload":            { "sounds": [ "reload/nova_shootreload" ] },
  "awp_shootreload":             { "sounds": [ "reload/awp_shootreload" ] },
  "ssg08_shootreload":           { "sounds": [ "reload/ssg08_shootreload" ] }
}
