{
  "step_default":                { "sounds": [ "step_default" ] },
  "step_default_stereo":         { "sounds": [ { "name": "step_default_stereo", "volume": 0.8 } ] },
  "step_snow":                   { "sounds": [ "step_snow" ] },
  "step_snow_stereo":            { "sounds": [ { "name": "step_snow_stereo", "volume": 0.8 } ] },
  "step_wood":                   { "sounds": [ "step_wood" ] },
  "step_wood_stereo":            { "sounds": [ { "name": "step_wood_stereo", "volume": 0.8 } ] },
                                 
  "reload":                      { "sounds": [ "ak47-2" ] },
  "reload_stereo":               { "sounds": [ "ak47-2_stereo" ] },
  "glock_reload":                { "sounds": [ "glock18-2" ] },
  "glock_reload_stereo":         { "sounds": [ "glock18-2_stereo" ] },
  "xm_reload":                   { "sounds": [ "xm-2" ] },
  "xm_reload_stereo":            { "sounds": [ "xm-2_stereo" ] },
  "ssg08_reload":                { "sounds": [ "ssg08-reload" ] },
  "ssg08_reload_stereo":         { "sounds": [ { "name": "ssg08-reload-stereo", "volume": 0.8 } ] },
                                 
  "grenade_hit":                 { "sounds": [ "grenade_hit" ] },
  "grenade_hit_stereo":          { "sounds": [ { "name": "grenade_hit_stereo", "volume": 0.8 } ] },
  "grenade_explode":             { "sounds": [ "explode-he" ] },
  "grenade_explode_stereo":      { "sounds": [ { "name": "explode-he_stereo", "volume": 0.8 } ] },
  "flashbang_explode":           { "sounds": [ "explode-flashbang" ] },
  "flashbang_explode_stereo":    { "sounds": [ "explode-flashbang_stereo" ] },
  "fire_grenade_ambient":        { "sounds": [ "fire_grenade_ambient" ] },
  "fire_grenade_ambient_stereo": { "sounds": [ { "name": "fire_grenade_ambient_stereo", "volume": 0.8 } ] },
  "fire_grenade_fade":           { "sounds": [ "fire_grenade_fade" ] },
  "fire_grenade_fade_stereo":    { "sounds": [ { "name": "fire_grenade_fade_stereo", "volume": 0.8 } ] },
                                 
  "knife_hit":                   { "sounds": [ "knife_hit" ] },
  "knife_hit_stereo":            { "sounds": [ { "name": "knife_hit_stereo", "volume": 0.8 } ] },
                                 
  "glock_shoot":                 { "sounds": [ "glock18-1" ] },
  "glock_shoot_stereo":          { "sounds": [ { "name": "glock18-1_stereo", "volume": 0.75 } ] },
  "ak47_shoot":                  { "sounds": [ "ak47-1" ] },
  "ak47_shoot_stereo":           { "sounds": [ { "name": "ak47-1_stereo", "volume": 0.5 } ] },
  "mac_shoot":                   { "sounds": [ "mac10" ] },
  "mac_shoot_stereo":            { "sounds": [ "mac10-stereo" ] },
  "xm_shoot":                    { "sounds": [ "xm-1" ] },
  "xm_shoot_stereo":             { "sounds": [ { "name": "xm-1_stereo", "volume": 0.5 } ] },
  "awp_shoot":                   { "sounds": [ "awp-1" ] },
  "awp_shoot_stereo":            { "sounds": [ { "name": "awp-1_stereo", "volume": 0.75 } ] },
  "usps":                        { "sounds": [ "usps" ] },
  "usps_stereo":                 { "sounds": [ { "name": "usps_stereo", "volume": 0.8 } ] },
  "tec9":                        { "sounds": [ "tec9" ] },
  "tec9_stereo":                 { "sounds": [ { "name": "tec9_stereo", "volume": 0.8 } ] },
  "deagle":                      { "sounds": [ "deagle" ] },
  "deagle_stereo":               { "sounds": [ { "name": "deagle_stereo", "volume": 0.8 } ] },
  "m4a4":                        { "sounds": [ "m4a1s" ] },
  "m4a4_stereo":                 { "sounds": [ { "name": "m4a1s-stereo", "volume": 0.8 } ] },
  "famas":                       { "sounds": [ "famas" ] },
  "famas_stereo":                { "sounds": [ { "name": "famas_stereo", "volume": 0.8 } ] },
  "nova":                        { "sounds": [ "nova" ] },
  "nova_stereo":                 { "sounds": [ { "name": "nova_stereo", "volume": 0.8 } ] },
  "scar20":                      { "sounds": [ "ssg08-2" ] },
  "scar20_stereo":               { "sounds": [ { "name": "ssg08-2-stereo", "volume": 0.8 } ] },
  "negev":                       { "sounds": [ "negev" ] },
  "negev_stereo":                { "sounds": [ { "name": "negev_stereo", "volume": 0.8 } ] },
  "magnum":                      { "sounds": [ "magnum" ] },
  "magnum_stereo":               { "sounds": [ { "name": "magnum_stereo", "volume": 0.8 } ] },
  "mp7":                         { "sounds": [ "mp7" ] },
  "mp7_stereo":                  { "sounds": [ { "name": "mp7-stereo", "volume": 0.8 } ] }
}
