{
	"credit": "Made with Blockbench",
	"ambientocclusion": false,
	"textures": {
		"0": "ui/button_2",
		"particle": "ui/button_2"
	},
	"elements": [
		{
			"from": [0, -16, 0],
			"to": [32, 16, 0],
			"shade": false,
			"faces": {
				"south": {"uv": [0, 0, 16, 16], "texture": "#0"}
			}
		}
	],
	"gui_light": "front",
	"display": {
		"thirdperson_righthand": {
			"scale": [0, 0, 0]
		},
		"thirdperson_lefthand": {
			"scale": [0, 0, 0]
		},
		"firstperson_righthand": {
			"translation": [-19.92, 20.1, 0]
		},
		"firstperson_lefthand": {
			"translation": [2, 20.1, 0]
		},
		"gui": {
			"rotation": [0, 180, 0]
		}
	}
}