{
    "targets": [
        "swap",
        "swapa",
        "swapb"
    ],
    "passes": [
        {
            "name": "blit",
            "intarget": "minecraft:main",
            "outtarget": "swap"
        },
        {
            "name": "bright_extraction",
            "intarget": "swap",
            "outtarget": "swapa"
        },
        {
            "name": "custom_blur_h",
            "intarget": "swapa",
            "outtarget": "swapb"
        },
        {
            "name": "custom_blur_v",
            "intarget": "swapb",
            "outtarget": "swapa"
        },
        {
            "name": "apply_bloom",
            "intarget": "swap",
            "outtarget": "minecraft:main",
            "auxtargets": [ { "name": "BloomSampler", "id": "swapa" } ]
        }
    ]
}
