{
  "model": {
    "type": "minecraft:range_dispatch",
    "property": "minecraft:custom_model_data",
    "entries": [
      { "threshold": 1, "model": { "type": "minecraft:model", "model": "portal/portal_blue" } },
      { "threshold": 2, "model": { "type": "minecraft:model", "model": "portal/portal_orange" } },
      { "threshold": 3, "model": { "type": "minecraft:model", "model": "portal/portal_blue_open" } },
      { "threshold": 4, "model": { "type": "minecraft:model", "model": "portal/portal_orange_open" } },
      { "threshold": 5, "model": { "type": "minecraft:model", "model": "portal/portal_blue_2" } },
      { "threshold": 6, "model": { "type": "minecraft:model", "model": "portal/portal_orange_2" } },
      { "threshold": 7, "model": { "type": "minecraft:model", "model": "portal/portal_blue_open_2" } },
      { "threshold": 8, "model": { "type": "minecraft:model", "model": "portal/portal_orange_open_2" } }
    ],
    "fallback": { "type": "minecraft:model", "model": "minecraft:item/black_stained_glass_pane" }
  }
}