{
  "model": {
    "type": "minecraft:range_dispatch",
    "property": "minecraft:custom_model_data",
    "entries": [
      { "threshold": 1, "model": {
          "type": "minecraft:select",
          "property": "minecraft:charge_type",
          "cases": [
            { "when": "arrow", "model": { "type": "minecraft:model", "model": "portal_gun/portal_gun_blue_1" } },
            { "when": "rocket", "model": { "type": "minecraft:model", "model": "portal_gun/portal_gun_blue_1" } }
          ],
          "fallback": { "type": "minecraft:model", "model": "portal_gun/portal_gun_blue_0" }
      } },
      { "threshold": 2, "model": {
          "type": "minecraft:select",
          "property": "minecraft:charge_type",
          "cases": [
            { "when": "arrow", "model": { "type": "minecraft:model", "model": "portal_gun/portal_gun_orange_1" } },
            { "when": "rocket", "model": { "type": "minecraft:model", "model": "portal_gun/portal_gun_orange_1" } }
          ],
          "fallback": { "type": "minecraft:model", "model": "portal_gun/portal_gun_orange_0" }
      } },
      { "threshold": 3, "model": {
          "type": "minecraft:select",
          "property": "minecraft:charge_type",
          "cases": [
            { "when": "arrow", "model": { "type": "minecraft:model", "model": "portal_gun/gravity_gun_1" } },
            { "when": "rocket", "model": { "type": "minecraft:model", "model": "portal_gun/gravity_gun_1" } }
          ],
          "fallback": { "type": "minecraft:model", "model": "portal_gun/gravity_gun_0" }
      } }
    ],
    "fallback": {
      "type": "minecraft:condition",
      "property": "minecraft:using_item",
      "on_false": {
        "type": "minecraft:select",
        "property": "minecraft:charge_type",
        "cases": [
          { "when": "arrow", "model": { "type": "minecraft:model", "model": "minecraft:item/crossbow_arrow" } },
          { "when": "rocket", "model": { "type": "minecraft:model", "model": "minecraft:item/crossbow_firework" } }
        ],
        "fallback": { "type": "minecraft:model", "model": "minecraft:item/crossbow" }
      },
      "on_true": {
        "type": "minecraft:range_dispatch",
        "property": "minecraft:crossbow/pull",
        "entries": [
          { "threshold": 0.58, "model": { "type": "minecraft:model", "model": "minecraft:item/crossbow_pulling_1" } },
          { "threshold": 1.0, "model": { "type": "minecraft:model", "model": "minecraft:item/crossbow_pulling_2" } }
        ],
        "fallback": { "type": "minecraft:model", "model": "minecraft:item/crossbow_pulling_0" }
      }
    }
  }
}