{
  "model": {
    "type": "minecraft:range_dispatch",
    "property": "minecraft:custom_model_data",
    "entries": [
      { "threshold": 1, "model": { "type": "minecraft:model", "model": "other/launch_off" } },
      { "threshold": 2, "model": { "type": "minecraft:model", "model": "other/launch_on" } },
      { "threshold": 3, "model": { "type": "minecraft:model", "model": "other/bigfan" } },
      { "threshold": 4, "model": { "type": "minecraft:model", "model": "other/bigfanoff" } }
    ],
    "fallback": { "type": "minecraft:model", "model": "minecraft:item/lapis_lazuli" }
  }
}