{
	"credit": "Made with Blockbench",
	"texture_size": [64, 48],
	"textures": {
		"particle": "guns/famas"
	},
	"elements": [
		{
			"from": [7.5, 9.75, -3.25],
			"to": [8.5, 10.75, 1.25],
			"rotation": {"angle": 0, "axis": "x", "origin": [9, 9.75, 6.75]},
			"faces": {
				"north": {"uv": [2.25, 8.33333, 2.75, 9], "texture": "#particle"},
				"east": {"uv": [2.25, 8.33333, 0, 9], "texture": "#particle"},
				"south": {"uv": [0, 0, 0, 0], "texture": "#particle"},
				"west": {"uv": [0, 8.33333, 2.25, 9], "texture": "#particle"},
				"up": {"uv": [0, 9, 2.25, 9.66666], "rotation": 90, "texture": "#particle"},
				"down": {"uv": [0, 9, 2.25, 8.66666], "rotation": 270, "texture": "#particle"}
			}
		},
		{
			"from": [8, 10.75, 6.25],
			"to": [8, 12.25, 7.75],
			"rotation": {"angle": 0, "axis": "x", "origin": [9.5, 7.5, 19.25]},
			"faces": {
				"north": {"uv": [0, 0, 0, 2], "texture": "#particle"},
				"east": {"uv": [7.25, 1, 6.5, 2], "texture": "#particle"},
				"south": {"uv": [0, 0, 0, 2], "texture": "#particle"},
				"west": {"uv": [6.5, 1, 7.25, 2], "texture": "#particle"},
				"up": {"uv": [0, 0, 0, 6], "texture": "#particle"},
				"down": {"uv": [0, 0, 0, 6], "texture": "#particle"}
			}
		},
		{
			"from": [8, 4.75, 4.7],
			"to": [8, 8.75, 10.2],
			"rotation": {"angle": 0, "axis": "x", "origin": [9.5, 1.5, 17.7]},
			"faces": {
				"north": {"uv": [0, 0, 0, 2], "texture": "#particle"},
				"east": {"uv": [4.5, 9.66666, 1.75, 12.33333], "texture": "#particle"},
				"south": {"uv": [0, 0, 0, 2], "texture": "#particle"},
				"west": {"uv": [1.75, 9.66666, 4.5, 12.33333], "texture": "#particle"},
				"up": {"uv": [0, 0, 0, 6], "texture": "#particle"},
				"down": {"uv": [0, 0, 0, 6], "texture": "#particle"}
			}
		},
		{
			"from": [7.25, 4.75, 8.25],
			"to": [8.75, 8.75, 10.25],
			"rotation": {"angle": -22.5, "axis": "x", "origin": [7.25, 8.75, 8.25]},
			"faces": {
				"north": {"uv": [1, 9.66666, 1.75, 12.33333], "texture": "#particle"},
				"east": {"uv": [1, 9.66666, 0, 12.33333], "texture": "#particle"},
				"south": {"uv": [0.75, 9.66666, 1, 12.33333], "texture": "#particle"},
				"west": {"uv": [0, 9.66666, 1, 12.33333], "texture": "#particle"},
				"up": {"uv": [0, 0, 0, 0], "texture": "#particle"},
				"down": {"uv": [0, 12, 1, 12.33333], "rotation": 270, "texture": "#particle"}
			}
		},
		{
			"from": [7.25, 2.25, 14.25],
			"to": [8.75, 7.75, 16.75],
			"rotation": {"angle": 22.5, "axis": "x", "origin": [7.25, 7.75, 16.75]},
			"faces": {
				"north": {"uv": [8.75, 5.33333, 9.5, 9], "texture": "#particle"},
				"east": {"uv": [8.75, 5.33333, 7.5, 9], "texture": "#particle"},
				"south": {"uv": [8.75, 5.33333, 9.5, 9], "texture": "#particle"},
				"west": {"uv": [7.5, 5.33333, 8.75, 9], "texture": "#particle"},
				"up": {"uv": [0, 0, 0, 0], "texture": "#particle"},
				"down": {"uv": [7.5, 8.66666, 8.75, 9], "rotation": 270, "texture": "#particle"}
			}
		},
		{
			"from": [7, 7.75, 12.25],
			"to": [9, 10.75, 17.75],
			"rotation": {"angle": 0, "axis": "x", "origin": [8.5, 10.25, 9.25]},
			"faces": {
				"north": {"uv": [7.5, 0, 7.75, 2], "texture": "#particle"},
				"east": {"uv": [10.25, 2, 7.5, 4], "texture": "#particle"},
				"west": {"uv": [7.5, 0, 10.25, 2], "texture": "#particle"},
				"up": {"uv": [7.5, 5.33333, 10.25, 4], "rotation": 90, "texture": "#particle"},
				"down": {"uv": [7.5, 1.66667, 10.25, 2], "rotation": 270, "texture": "#particle"}
			}
		},
		{
			"from": [7, 8.75, 1.25],
			"to": [9, 10.75, 12.25],
			"rotation": {"angle": 0, "axis": "x", "origin": [8.25, 12.25, 2]},
			"faces": {
				"north": {"uv": [5.5, 1.66667, 6.5, 3], "texture": "#particle"},
				"east": {"uv": [5.5, 1.66667, 0, 3], "texture": "#particle"},
				"west": {"uv": [0, 1.66667, 5.5, 3], "texture": "#particle"},
				"up": {"uv": [0, 5.66667, 5.5, 7], "rotation": 90, "texture": "#particle"},
				"down": {"uv": [0, 4.33333, 5.5, 5.66667], "rotation": 270, "texture": "#particle"}
			}
		},
		{
			"from": [7, 10.75, 1.25],
			"to": [9, 13.25, 12.25],
			"rotation": {"angle": 0, "axis": "x", "origin": [8.25, 14.25, 2]},
			"faces": {
				"north": {"uv": [5.5, 0, 6.5, 1.66667], "texture": "#particle"},
				"east": {"uv": [5.5, 0, 0, 1.66667], "texture": "#particle"},
				"south": {"uv": [6.5, 0, 5.5, 1.66667], "texture": "#particle"},
				"west": {"uv": [0, 0, 5.5, 1.66667], "texture": "#particle"},
				"up": {"uv": [0, 3, 5.5, 4.33333], "rotation": 90, "texture": "#particle"}
			}
		},
		{
			"from": [6.75, 6.75, 17.75],
			"to": [9.25, 11.25, 21.75],
			"rotation": {"angle": 0, "axis": "x", "origin": [8.25, 6.75, 17.75]},
			"faces": {
				"north": {"uv": [13.5, 0, 14.75, 3], "texture": "#particle"},
				"east": {"uv": [12.25, 0, 10.25, 3], "texture": "#particle"},
				"south": {"uv": [12.25, 0, 13.5, 3], "texture": "#particle"},
				"west": {"uv": [10.25, 0, 12.25, 3], "texture": "#particle"},
				"up": {"uv": [10.25, 3, 12.25, 4.66667], "rotation": 90, "texture": "#particle"},
				"down": {"uv": [10.25, 2.66667, 12.25, 3], "rotation": 270, "texture": "#particle"}
			}
		},
		{
			"from": [9, 10.75, 2.75],
			"to": [7, 12.25, 10.75],
			"rotation": {"angle": 0, "axis": "x", "origin": [10.25, 14.25, 3.5]},
			"faces": {
				"north": {"uv": [6.5, 0, 7.5, 1], "texture": "#particle"},
				"south": {"uv": [6.5, 0, 7.5, 1], "texture": "#particle"},
				"up": {"uv": [0, 7, 4, 8.33333], "rotation": 90, "texture": "#particle"}
			}
		}
	],
	"gui_light": "front",
	"display": {
		"thirdperson_righthand": {
			"rotation": [8, -12, 0],
			"scale": [0.8, 0.8, 0.8]
		},
		"thirdperson_lefthand": {
			"rotation": [8, -12, 0],
			"scale": [0.8, 0.8, 0.8]
		},
		"firstperson_righthand": {
			"rotation": [-2, -14, 0],
			"translation": [6.75, 0, 0],
			"scale": [0, 0, 0]
		},
		"firstperson_lefthand": {
			"rotation": [-2, -14, 0],
			"translation": [6.75, 0, 0],
			"scale": [0, 0, 0]
		},
		"ground": {
			"rotation": [0, 0, 90],
			"translation": [0, -3, 0]
		},
		"gui": {
			"rotation": [20, 145, 0],
			"translation": [-1, -1.75, 0],
			"scale": [0, 0, 0]
		}
	},
	"groups": [
		{
			"name": "famas",
			"origin": [10.25, 17.25, 8.5],
			"color": 0,
			"children": [0, 1, 2, 3, 4, 5, 6, 7, 8, 9]
		}
	]
}