{
	"credit": "Made by Miwo4ka",
	"texture_size": [64, 64],
	"textures": {
		"0": "custom:item/thunder",
		"particle": "custom:item/thunder"
	},
	"elements": [
		{
			"from": [4, -2, 0],
			"to": [10, 0, 2],
			"rotation": {"angle": 45, "axis": "z", "origin": [2, -2, 0]},
			"faces": {
				"north": {"uv": [0, 6.5, 2, 7], "texture": "#0"},
				"east": {"uv": [1.5, 6.5, 2, 7], "texture": "#0"},
				"south": {"uv": [1.5, 6.5, 0, 7], "texture": "#0"},
				"west": {"uv": [1.5, 6.5, 2, 7], "texture": "#0"},
				"up": {"uv": [1.5, 7.5, 0, 7], "texture": "#0"},
				"down": {"uv": [1.5, 7, 0, 7.5], "texture": "#0"}
			}
		},
		{
			"from": [1, 4, 0],
			"to": [12, 7, 2],
			"rotation": {"angle": 0, "axis": "y", "origin": [5, 4, 0]},
			"faces": {
				"north": {"uv": [0, 3.75, 2.75, 4.5], "texture": "#0"},
				"east": {"uv": [2.75, 3.75, 3.25, 4.5], "texture": "#0"},
				"south": {"uv": [2.75, 3.75, 0, 4.5], "texture": "#0"},
				"west": {"uv": [2.75, 3.75, 3.25, 4.5], "texture": "#0"},
				"up": {"uv": [2.75, 5, 0, 4.5], "texture": "#0"},
				"down": {"uv": [2.75, 4.5, 0, 5], "texture": "#0"}
			}
		},
		{
			"from": [5, 8, 0],
			"to": [15, 10, 2],
			"rotation": {"angle": 0, "axis": "x", "origin": [8, 8, 0]},
			"faces": {
				"north": {"uv": [8.75, 0, 11.25, 0.5], "texture": "#0"},
				"east": {"uv": [11.25, 0, 11.75, 0.5], "texture": "#0"},
				"south": {"uv": [11.25, 0, 8.75, 0.5], "texture": "#0"},
				"west": {"uv": [11.25, 0, 11.75, 0.5], "texture": "#0"},
				"up": {"uv": [11.25, 0.5, 8.75, 0], "texture": "#0"},
				"down": {"uv": [11.25, 0, 8.75, 0.5], "texture": "#0"}
			}
		},
		{
			"from": [4, 7.75, -0.25],
			"to": [15.5, 10.25, 2.25],
			"rotation": {"angle": 0, "axis": "x", "origin": [8, 7.75, -0.25]},
			"faces": {
				"north": {"uv": [8.75, 0.5, 11.25, 1], "texture": "#0"},
				"east": {"uv": [11.75, 0.5, 11.25, 1], "texture": "#0"},
				"south": {"uv": [11.25, 0.5, 8.75, 1], "texture": "#0"},
				"west": {"uv": [11.75, 0.5, 11.25, 1], "texture": "#0"},
				"up": {"uv": [11.25, 0.5, 8.75, 1], "texture": "#0"},
				"down": {"uv": [11.25, 0.5, 8.75, 1], "texture": "#0"}
			}
		},
		{
			"from": [15.4, 10.25, 2.25],
			"to": [3.9, 7.75, -0.25],
			"rotation": {"angle": 0, "axis": "x", "origin": [19.4, 10.25, 2.25]},
			"faces": {
				"north": {"uv": [8.75, 0.5, 11.25, 1], "texture": "#0"},
				"east": {"uv": [11.75, 0.5, 11.25, 1], "texture": "#0"},
				"south": {"uv": [11.25, 0.5, 8.75, 1], "texture": "#0"},
				"west": {"uv": [11.75, 0.5, 11.25, 1], "texture": "#0"},
				"up": {"uv": [11.25, 0.5, 8.75, 1], "texture": "#0"},
				"down": {"uv": [11.25, 0.5, 8.75, 1], "texture": "#0"}
			}
		},
		{
			"from": [-5, 0, 1],
			"to": [30, 15, 1],
			"rotation": {"angle": 0, "axis": "y", "origin": [1, 0, 0]},
			"faces": {
				"north": {"uv": [0, 0, 8.75, 3.75], "texture": "#0"},
				"east": {"uv": [0, 0, 0, 3.75], "texture": "#0"},
				"south": {"uv": [8.75, 0, 0, 3.75], "texture": "#0"},
				"west": {"uv": [0, 0, 0, 3.75], "texture": "#0"},
				"up": {"uv": [8.75, 0, 0, 0], "texture": "#0"},
				"down": {"uv": [8.75, 0, 0, 0], "texture": "#0"}
			}
		},
		{
			"from": [-6, 4, 0],
			"to": [1, 8, 2],
			"rotation": {"angle": 0, "axis": "y", "origin": [-1, 5, 0]},
			"faces": {
				"north": {"uv": [8.75, 1, 10.5, 2], "texture": "#0"},
				"east": {"uv": [10.5, 1, 11, 2], "texture": "#0"},
				"south": {"uv": [10.5, 1, 8.75, 2], "texture": "#0"},
				"west": {"uv": [10.5, 1, 11, 2], "texture": "#0"},
				"up": {"uv": [10.5, 2.5, 8.75, 2], "texture": "#0"},
				"down": {"uv": [10.5, 2, 8.75, 2.5], "texture": "#0"}
			}
		},
		{
			"from": [12, 5, 0],
			"to": [24, 7, 2],
			"rotation": {"angle": 0, "axis": "y", "origin": [12, 5, 0]},
			"faces": {
				"north": {"uv": [0, 6, 3, 6.5], "texture": "#0"},
				"east": {"uv": [3, 5.5, 3.5, 6], "texture": "#0"},
				"south": {"uv": [3, 6, 0, 6.5], "texture": "#0"},
				"west": {"uv": [3, 5.5, 3.5, 6], "texture": "#0"},
				"up": {"uv": [3, 6, 0, 5.5], "texture": "#0"},
				"down": {"uv": [3, 5.5, 0, 6], "texture": "#0"}
			}
		}
	],
	"gui_light": "front",
	"display": {
		"thirdperson_righthand": {
			"rotation": [0, 94, 0],
			"translation": [5.75, 4, -2],
			"scale": [0.8, 0.8, 0.9]
		},
		"firstperson_righthand": {
			"rotation": [9.42, 81.69, -7.01],
			"translation": [15.75, 4.5, 0.25]
		},
		"firstperson_lefthand": {
			"rotation": [4, 180, -27],
			"translation": [-7.5, 0, -16.5]
		},
		"gui": {
			"rotation": [0, 0, 39],
			"translation": [-1.25, 5.5, 0],
			"scale": [1.5, 1.5, 1]
		}
	},
	"groups": [
		{
			"name": "group",
			"origin": [5, 4, 0],
			"color": 0,
			"children": [0, 1, 2, 3, 4, 5, 6, 7]
		}
	]
}