{
	"credit": "Made with Blockbench",
	"texture_size": [96, 64],
	"textures": {
		"particle": "guns/minigun"
	},
	"elements": [
		{
			"from": [5.5, 7.75, -14.5],
			"to": [10.5, 12.75, 3.5],
			"rotation": {"angle": 0, "axis": "x", "origin": [7, 7.75, -4.5]},
			"faces": {
				"north": {"uv": [6, 0.25, 7.66667, 2.75], "rotation": 90, "texture": "#particle"},
				"east": {"uv": [0, 2.75, 6, 5.25], "texture": "#particle"},
				"south": {"uv": [13.75, 0.25, 14.25, 0.91667], "texture": "#particle"},
				"west": {"uv": [6, 2.75, 0, 5.25], "texture": "#particle"},
				"up": {"uv": [6, 0.25, 0, 2.75], "rotation": 90, "texture": "#particle"},
				"down": {"uv": [6, 0.25, 0, 2.75], "rotation": 270, "texture": "#particle"}
			}
		},
		{
			"from": [5.75, -1.25, 2],
			"to": [14.25, 7.25, 18],
			"rotation": {"angle": 0, "axis": "x", "origin": [7.25, -1.25, 12]},
			"faces": {
				"north": {"uv": [11.5, 8.75, 14.33333, 13], "texture": "#particle"},
				"east": {"uv": [9, 4.5, 14.33333, 8.75], "texture": "#particle"},
				"south": {"uv": [11.5, 8.75, 14.33333, 13], "texture": "#particle"},
				"west": {"uv": [14.33333, 0.25, 9, 4.5], "texture": "#particle"},
				"up": {"uv": [14.33333, 0.25, 9, 4.5], "rotation": 90, "texture": "#particle"},
				"down": {"uv": [14.33333, 0.25, 9, 4.5], "rotation": 270, "texture": "#particle"}
			}
		},
		{
			"from": [4.75, 7.75, 3.5],
			"to": [11.25, 13.75, 8.5],
			"rotation": {"angle": 0, "axis": "x", "origin": [6.25, 7.75, 13.5]},
			"faces": {
				"north": {"uv": [1.66667, 5.25, 3.83333, 8.25], "texture": "#particle"},
				"east": {"uv": [0, 5.25, 1.66667, 8.25], "texture": "#particle"},
				"south": {"uv": [1.66667, 5.25, 3.83333, 8.25], "texture": "#particle"},
				"west": {"uv": [1.66667, 5.25, 0, 8.5], "texture": "#particle"},
				"up": {"uv": [0, 8.25, 1.66667, 11.5], "rotation": 270, "texture": "#particle"},
				"down": {"uv": [1.66667, 8.25, 3.33333, 11.5], "rotation": 90, "texture": "#particle"}
			}
		},
		{
			"from": [4.75, 4.25, 6.5],
			"to": [11.25, 7.75, 6.5],
			"rotation": {"angle": 22.5, "axis": "z", "origin": [4.75, 7.75, 6.5]},
			"faces": {
				"north": {"uv": [6.83333, 7, 9, 8.75], "texture": "#particle"},
				"east": {"uv": [5.5, 6.25, 0, 6.91667], "texture": "#particle"},
				"south": {"uv": [6.83333, 7, 9.16667, 8.75], "texture": "#particle"},
				"west": {"uv": [0, 6.25, 5.5, 6.91667], "texture": "#particle"},
				"up": {"uv": [0, 6.91667, 5.5, 7.58333], "rotation": 90, "texture": "#particle"},
				"down": {"uv": [0, 6.58333, 5.5, 6.91667], "rotation": 270, "texture": "#particle"}
			}
		},
		{
			"from": [10, 13.75, 4.5],
			"to": [11, 16.25, 6],
			"rotation": {"angle": 0, "axis": "x", "origin": [10, 13.75, 4.5]},
			"faces": {
				"north": {"uv": [3.83333, 6, 4.16667, 7.25], "texture": "#particle"},
				"east": {"uv": [6.33333, 6, 5.83333, 7.25], "texture": "#particle"},
				"south": {"uv": [5.5, 6, 5.83333, 7.25], "texture": "#particle"},
				"west": {"uv": [5.5, 6, 5.66667, 7.25], "texture": "#particle"}
			}
		},
		{
			"from": [5, 16.25, 4.5],
			"to": [11, 17.75, 6],
			"rotation": {"angle": 0, "axis": "x", "origin": [5, 16.25, 4.5]},
			"faces": {
				"north": {"uv": [3.83333, 5.25, 5.83333, 6], "texture": "#particle"},
				"east": {"uv": [6.33333, 5.25, 5.83333, 6], "texture": "#particle"},
				"south": {"uv": [3.83333, 5.25, 5.83333, 6], "texture": "#particle"},
				"west": {"uv": [5.83333, 5.25, 6.33333, 6], "texture": "#particle"},
				"up": {"uv": [3.83333, 7.25, 5.83333, 8], "rotation": 180, "texture": "#particle"},
				"down": {"uv": [3.83333, 5.75, 5.83333, 6], "rotation": 180, "texture": "#particle"}
			}
		},
		{
			"from": [5, 13.75, 4.5],
			"to": [6, 16.25, 6],
			"rotation": {"angle": 0, "axis": "x", "origin": [5, 13.75, 4.5]},
			"faces": {
				"north": {"uv": [5.5, 6, 5.83333, 7.25], "texture": "#particle"},
				"east": {"uv": [5.66667, 6, 5.5, 7.25], "texture": "#particle"},
				"south": {"uv": [3.83333, 6, 4.16667, 7.25], "texture": "#particle"},
				"west": {"uv": [5.83333, 6, 6.33333, 7.25], "texture": "#particle"}
			}
		},
		{
			"from": [7.25, 13.75, 21.5],
			"to": [8.75, 19.75, 23],
			"rotation": {"angle": -45, "axis": "x", "origin": [7.25, 13.75, 21.5]},
			"faces": {
				"north": {"uv": [3.83333, 8.25, 4.33333, 11.25], "texture": "#particle"},
				"east": {"uv": [3.83333, 8.25, 3.33333, 11.25], "texture": "#particle"},
				"south": {"uv": [3.66667, 8.25, 3.83333, 11.25], "texture": "#particle"},
				"west": {"uv": [3.33333, 8.25, 3.83333, 11.25], "texture": "#particle"},
				"up": {"uv": [3.33333, 8.25, 3.83333, 8.5], "rotation": 90, "texture": "#particle"},
				"down": {"uv": [3.33333, 11, 3.83333, 11.25], "rotation": 270, "texture": "#particle"}
			}
		},
		{
			"from": [8, 11.75, 5.5],
			"to": [8, 18.75, 23.5],
			"rotation": {"angle": 0, "axis": "x", "origin": [8, 11.75, 5.5]},
			"faces": {
				"north": {"uv": [5.5, 6.91667, 6, 7.58333], "texture": "#particle"},
				"east": {"uv": [5.5, 8.75, 11.5, 12.25], "texture": "#particle"},
				"south": {"uv": [13.75, 0.25, 14.25, 0.91667], "texture": "#particle"},
				"west": {"uv": [11.5, 8.75, 5.5, 12.25], "texture": "#particle"},
				"up": {"uv": [0, 6.91667, 5.5, 7.58333], "rotation": 90, "texture": "#particle"},
				"down": {"uv": [0, 6.58333, 5.5, 6.91667], "rotation": 270, "texture": "#particle"}
			}
		},
		{
			"from": [8, 3.75, 17.5],
			"to": [8, 11.75, 20.5],
			"rotation": {"angle": 0, "axis": "x", "origin": [8, 3.75, 10.5]},
			"faces": {
				"north": {"uv": [5.5, 6.91667, 6, 7.58333], "texture": "#particle"},
				"east": {"uv": [15.33333, 0.25, 14.33333, 4.25], "texture": "#particle"},
				"south": {"uv": [13.75, 0.25, 14.25, 0.91667], "texture": "#particle"},
				"west": {"uv": [14.33333, 0.25, 15.33333, 4.25], "texture": "#particle"},
				"up": {"uv": [0, 6.91667, 5.5, 7.58333], "rotation": 90, "texture": "#particle"},
				"down": {"uv": [0, 6.58333, 5.5, 6.91667], "rotation": 270, "texture": "#particle"}
			}
		},
		{
			"from": [10, -2.75, -2],
			"to": [10, 4.25, 18],
			"rotation": {"angle": 0, "axis": "x", "origin": [10, -2.75, -2]},
			"faces": {
				"north": {"uv": [5.5, 6.91667, 6, 7.58333], "texture": "#particle"},
				"east": {"uv": [4.83333, 12.25, 11.5, 15.75], "texture": "#particle"},
				"south": {"uv": [13.75, 0.25, 14.25, 0.91667], "texture": "#particle"},
				"west": {"uv": [11.5, 12.25, 4.83333, 15.75], "texture": "#particle"},
				"up": {"uv": [0, 6.91667, 5.5, 7.58333], "rotation": 90, "texture": "#particle"},
				"down": {"uv": [0, 6.58333, 5.5, 6.91667], "rotation": 270, "texture": "#particle"}
			}
		},
		{
			"from": [6.25, 8.5, 8.5],
			"to": [9.75, 12, 17.5],
			"rotation": {"angle": 0, "axis": "x", "origin": [7.75, 8.5, 17.5]},
			"faces": {
				"north": {"uv": [6.5, 0.25, 7.5, 1.91667], "texture": "#particle"},
				"east": {"uv": [0, 11.5, 3, 13.25], "texture": "#particle"},
				"south": {"uv": [3, 11.5, 4.16667, 13.25], "texture": "#particle"},
				"west": {"uv": [3, 11.5, 0, 13.25], "texture": "#particle"},
				"up": {"uv": [3, 11.5, 0, 13.25], "rotation": 90, "texture": "#particle"},
				"down": {"uv": [3, 11.5, 0, 13.25], "rotation": 270, "texture": "#particle"}
			}
		},
		{
			"from": [9.75, 7.25, 11.5],
			"to": [12.75, 10.25, 17.5],
			"rotation": {"angle": 0, "axis": "x", "origin": [11.25, 7.25, 20.5]},
			"faces": {
				"north": {"uv": [8, 2.75, 9, 4.25], "texture": "#particle"},
				"east": {"uv": [6, 2.75, 8, 4.25], "texture": "#particle"},
				"south": {"uv": [7.66667, 0.25, 8.66667, 1.75], "texture": "#particle"},
				"west": {"uv": [8, 2.75, 6, 4.25], "texture": "#particle"},
				"up": {"uv": [8, 2.75, 6, 4.25], "rotation": 90, "texture": "#particle"},
				"down": {"uv": [8, 2.75, 6, 4.25], "rotation": 270, "texture": "#particle"}
			}
		},
		{
			"from": [8.75, 1.75, 0],
			"to": [11.25, 4.25, 2],
			"rotation": {"angle": 0, "axis": "x", "origin": [10.25, 1.75, 9]},
			"faces": {
				"north": {"uv": [4.16667, 6, 5, 7.25], "texture": "#particle"},
				"east": {"uv": [5.5, 6, 4.83333, 7.25], "texture": "#particle"},
				"west": {"uv": [4.83333, 6, 5.5, 7.25], "texture": "#particle"},
				"up": {"uv": [4.83333, 6, 5.5, 7.25], "rotation": 90, "texture": "#particle"},
				"down": {"uv": [4.83333, 6, 5.5, 7.25], "rotation": 270, "texture": "#particle"}
			}
		}
	],
	"gui_light": "front",
	"display": {
		"thirdperson_righthand": {
			"rotation": [8, -12, 0],
			"scale": [0.7, 0.7, 0.7]
		},
		"thirdperson_lefthand": {
			"rotation": [8, -12, 0],
			"scale": [0.7, 0.7, 0.7]
		},
		"firstperson_righthand": {
			"rotation": [-2, -4, 0],
			"translation": [-3.2, 0, 1.3]
		},
		"firstperson_lefthand": {
			"rotation": [-2, -4, 0],
			"translation": [-3.2, 0, 1.3]
		},
		"ground": {
			"rotation": [0, 0, 90],
			"translation": [0, -3, 0]
		},
		"gui": {
			"rotation": [20, 145, 0],
			"translation": [2, -0.5, 0],
			"scale": [0, 0, 0]
		}
	},
	"groups": [
		{
			"name": "minigun",
			"origin": [10.25, 5.25, 9],
			"color": 0,
			"children": [0, 1, 2, 3, 4, 5, 6, 7, 8, 9, 10, 11, 12, 13]
		}
	]
}