{
  "parent": "minecraft:item/generated",
  "textures": {
    "layer0": "minecraft:item/sugar"
  },
  "overrides": [
    { "predicate": { "custom_model_data": 1 },   "model": "other/he_grenade/he_grenade" },
    { "predicate": { "custom_model_data": 2 },   "model": "other/smoke_grenade/smoke_grenade" },
    { "predicate": { "custom_model_data": 3 },   "model": "other/flash_grenade/flash_grenade" },
    { "predicate": { "custom_model_data": 4 },   "model": "other/fire_grenade/fire_grenade" },
    { "predicate": { "custom_model_data": 5 },   "model": "other/gas_grenade/gas_grenade" },
    { "predicate": { "custom_model_data": 101 }, "model": "other/he_grenade/he_grenade_icon" },
    { "predicate": { "custom_model_data": 102 }, "model": "other/smoke_grenade/smoke_grenade_icon" },
    { "predicate": { "custom_model_data": 103 }, "model": "other/flash_grenade/flash_grenade_icon" },
    { "predicate": { "custom_model_data": 104 }, "model": "other/fire_grenade/fire_grenade_icon" },
    { "predicate": { "custom_model_data": 105 }, "model": "other/gas_grenade/gas_grenade_icon" }
  ]
}
