{
    "targets": {
        "swap": {},
        "swapa": {},
        "swapb": {}
    },
    "passes": [
        {
            "program": "minecraft:post/blit",
            "inputs": [ { "sampler_name": "In", "target": "minecraft:main" } ],
            "output": "swap"
        },
        {
            "program": "minecraft:post/bright_extraction",
            "inputs": [ { "sampler_name": "Diffuse", "target": "swap" } ],
            "output": "swapa"
        },
        {
            "program": "minecraft:post/custom_blur",
            "inputs": [ { "sampler_name": "In", "target": "swapa", "bilinear": true } ],
            "uniforms": [ { "name": "BlurDir", "values": [ 1.0, 0.0 ] } ],
            "output": "swapb"
        },
        {
            "program": "minecraft:post/custom_blur",
            "inputs": [ { "sampler_name": "In", "target": "swapb", "bilinear": true } ],
            "uniforms": [ { "name": "BlurDir", "values": [ 0.0, 1.0 ] } ],
            "output": "swapa"
        },
        {
            "program": "minecraft:post/apply_bloom",
            "inputs": [ { "sampler_name": "Diffuse", "target": "swap" },
                        { "sampler_name": "Bloom", "target": "swapa", "bilinear": true } ],
            "output": "minecraft:main"
        }
    ]
}
