{
    "parent": "item/generated",
    "textures": {
        "layer0": "item/potion_overlay",
        "layer1": "item/potion"
    },
    "overrides": [
        {
            "predicate": {
                "custom_model_data": 1
            },
            "model": "objmc/energy_core"
        },
        {
            "predicate": {
                "custom_model_data": 2
            },
            "model": "objmc/persona1"
        },
        {
            "predicate": {
                "custom_model_data": 3
            },
            "model": "objmc/persona2"
        },
        {
            "predicate": {
                "custom_model_data": 4
            },
            "model": "objmc/persona3"
        },
        {
            "predicate": {
                "custom_model_data": 5
            },
            "model": "objmc/persona4"
        },
        {
            "predicate": {
                "custom_model_data": 6
            },
            "model": "objmc/persona6"
        },
        {
            "predicate": {
                "custom_model_data": 7
            },
            "model": "objmc/persona7"
        }
    ]
}
