{
  "parent": "minecraft:item/generated",
  "textures": {
    "layer0": "minecraft:item/leather_horse_armor"
  },
  "overrides": [
    {
      "predicate": {
        "custom_model_data": 1
      },
      "model": "guns/awp"
    },
    {
      "predicate": {
        "custom_model_data": 2
      },
      "model": "guns/awp_hide"
    },
    {
      "predicate": {
        "custom_model_data": 3
      },
      "model": "guns/ssg08"
    },
    {
      "predicate": {
        "custom_model_data": 4
      },
      "model": "guns/ssg08_hide"
    }
  ]
}
