{
	"credit": "Made with Blockbench",
	"texture_size": [32, 32],
	"textures": {
		"particle": "guns/mac10"
	},
	"elements": [
		{
			"from": [8, 6.75, 7],
			"to": [8, 8.25, 9],
			"rotation": {"angle": 0, "axis": "x", "origin": [9.5, 6.75, 16]},
			"faces": {
				"north": {"uv": [0, 0, 0, 2], "texture": "#missing"},
				"east": {"uv": [11, 7, 9, 8.5], "texture": "#particle"},
				"south": {"uv": [0, 0, 0, 2], "texture": "#missing"},
				"west": {"uv": [9, 7, 11, 8.5], "texture": "#particle"},
				"up": {"uv": [0, 0, 0, 6], "texture": "#missing"},
				"down": {"uv": [0, 0, 0, 6], "texture": "#missing"}
			}
		},
		{
			"from": [7.25, -0.75, 9],
			"to": [8.75, 3.75, 11],
			"rotation": {"angle": 0, "axis": "x", "origin": [7.25, 4.75, 9]},
			"faces": {
				"north": {"uv": [14.5, 4.5, 16, 9], "texture": "#particle"},
				"east": {"uv": [14.5, 4.5, 12.5, 9], "texture": "#particle"},
				"south": {"uv": [14, 4.5, 14.5, 9], "texture": "#particle"},
				"west": {"uv": [12.5, 4.5, 14.5, 9], "texture": "#particle"},
				"down": {"uv": [9, 11, 11, 11.5], "rotation": 270, "texture": "#particle"}
			}
		},
		{
			"from": [7.25, 3.75, 9],
			"to": [8.75, 8.25, 11.5],
			"rotation": {"angle": 0, "axis": "x", "origin": [7, 8.75, 9]},
			"faces": {
				"north": {"uv": [13.5, 0, 15, 4.5], "texture": "#particle"},
				"east": {"uv": [13.5, 0, 11, 4.5], "texture": "#particle"},
				"south": {"uv": [11, 4.5, 12.5, 9], "texture": "#particle"},
				"west": {"uv": [11, 0, 13.5, 4.5], "texture": "#particle"},
				"down": {"uv": [11, 4, 13.5, 4.5], "rotation": 270, "texture": "#particle"}
			}
		},
		{
			"from": [7, 8.25, 4.5],
			"to": [9, 11.25, 13.5],
			"rotation": {"angle": 0, "axis": "x", "origin": [8.25, 8.25, 14.5]},
			"faces": {
				"north": {"uv": [9, 0, 11, 3], "texture": "#particle"},
				"east": {"uv": [9, 3, 0, 6], "texture": "#particle"},
				"south": {"uv": [9, 0, 11, 3], "texture": "#particle"},
				"west": {"uv": [0, 0, 9, 3], "texture": "#particle"},
				"up": {"uv": [0, 6, 9, 8], "rotation": 90, "texture": "#particle"},
				"down": {"uv": [0, 2.5, 9, 3], "rotation": 270, "texture": "#particle"}
			}
		},
		{
			"from": [7, 11.75, 11],
			"to": [9, 12.25, 11],
			"rotation": {"angle": 0, "axis": "x", "origin": [8.5, 12.25, 21.5]},
			"faces": {
				"north": {"uv": [11, 8.5, 9, 9], "texture": "#particle"},
				"east": {"uv": [10, 6, 0, 9.5], "texture": "#particle"},
				"south": {"uv": [9, 8.5, 11, 9], "texture": "#particle"},
				"west": {"uv": [0, 0, 10, 3.5], "texture": "#particle"},
				"up": {"uv": [13, 14, 16, 16], "rotation": 90, "texture": "#particle"},
				"down": {"uv": [16, 14, 13, 16], "rotation": 90, "texture": "#particle"}
			}
		},
		{
			"from": [7.25, 11.25, 4.5],
			"to": [7.25, 12.25, 6],
			"rotation": {"angle": 0, "axis": "x", "origin": [8.5, 11.25, 14.5]},
			"faces": {
				"north": {"uv": [6.5, 0, 7.5, 1.66667], "texture": "#particle"},
				"east": {"uv": [12.5, 9, 11, 10], "texture": "#particle"},
				"south": {"uv": [6.5, 1.66667, 7.5, 3.33333], "texture": "#particle"},
				"west": {"uv": [11, 9, 12.5, 10], "texture": "#particle"},
				"up": {"uv": [6.25, 7.66667, 12.75, 9], "rotation": 90, "texture": "#particle"},
				"down": {"uv": [0, 4.66667, 6.5, 6], "rotation": 270, "texture": "#particle"}
			}
		},
		{
			"from": [7, 7.75, 10.5],
			"to": [7, 12.75, 15.5],
			"rotation": {"angle": 0, "axis": "x", "origin": [8.5, 7.75, 23.5]},
			"faces": {
				"north": {"uv": [6.5, 0, 7.5, 1.66667], "texture": "#particle"},
				"east": {"uv": [5, 10, 0, 15], "texture": "#particle"},
				"south": {"uv": [6.5, 1.66667, 7.5, 3.33333], "texture": "#particle"},
				"west": {"uv": [0, 10, 5, 15], "texture": "#particle"},
				"up": {"uv": [6.25, 7.66667, 12.75, 9], "rotation": 90, "texture": "#particle"},
				"down": {"uv": [0, 4.66667, 6.5, 6], "rotation": 270, "texture": "#particle"}
			}
		},
		{
			"from": [9, 7.75, 10.5],
			"to": [9, 12.75, 15.5],
			"rotation": {"angle": 0, "axis": "x", "origin": [10.5, 7.75, 23.5]},
			"faces": {
				"north": {"uv": [6.5, 0, 7.5, 1.66667], "texture": "#particle"},
				"east": {"uv": [5, 10, 0, 15], "texture": "#particle"},
				"south": {"uv": [6.5, 1.66667, 7.5, 3.33333], "texture": "#particle"},
				"west": {"uv": [0, 10, 5, 15], "texture": "#particle"},
				"up": {"uv": [6.25, 7.66667, 12.75, 9], "rotation": 90, "texture": "#particle"},
				"down": {"uv": [0, 4.66667, 6.5, 6], "rotation": 270, "texture": "#particle"}
			}
		},
		{
			"from": [8.75, 11.25, 4.5],
			"to": [8.75, 12.25, 6],
			"rotation": {"angle": 0, "axis": "x", "origin": [10.5, 11.25, 14.5]},
			"faces": {
				"north": {"uv": [6.5, 0, 7.5, 1.66667], "texture": "#particle"},
				"east": {"uv": [12.5, 9, 11, 10], "texture": "#particle"},
				"south": {"uv": [6.5, 1.66667, 7.5, 3.33333], "texture": "#particle"},
				"west": {"uv": [11, 9, 12.5, 10], "texture": "#particle"},
				"up": {"uv": [6.25, 7.66667, 12.75, 9], "rotation": 90, "texture": "#particle"},
				"down": {"uv": [0, 4.66667, 6.5, 6], "rotation": 270, "texture": "#particle"}
			}
		},
		{
			"from": [8, 11.25, 7],
			"to": [8, 12.25, 8],
			"rotation": {"angle": 0, "axis": "x", "origin": [9.5, 11.25, 17]},
			"faces": {
				"north": {"uv": [6.5, 0, 7.5, 1.66667], "texture": "#particle"},
				"east": {"uv": [10, 6, 9, 7], "texture": "#particle"},
				"south": {"uv": [6.5, 1.66667, 7.5, 3.33333], "texture": "#particle"},
				"west": {"uv": [9, 6, 10, 7], "texture": "#particle"},
				"up": {"uv": [6.25, 7.66667, 12.75, 9], "rotation": 90, "texture": "#particle"},
				"down": {"uv": [0, 4.66667, 6.5, 6], "rotation": 270, "texture": "#particle"}
			}
		},
		{
			"from": [7.5, 9.25, 2.5],
			"to": [8.5, 10.25, 4.5],
			"rotation": {"angle": 0, "axis": "x", "origin": [8.25, 7.75, 6.5]},
			"faces": {
				"north": {"uv": [9, 3, 11, 5], "texture": "#particle"},
				"east": {"uv": [11, 10, 9, 12], "texture": "#particle"},
				"west": {"uv": [9, 10, 11, 12], "texture": "#particle"},
				"up": {"uv": [9, 10, 11, 12], "rotation": 90, "texture": "#particle"},
				"down": {"uv": [9, 10, 11, 12], "rotation": 270, "texture": "#particle"}
			}
		},
		{
			"from": [7, 3.25, 4.5],
			"to": [9, 8.25, 4.5],
			"rotation": {"angle": 0, "axis": "y", "origin": [0, -4.75, -3.25]},
			"faces": {
				"north": {"uv": [14, 9, 16, 14.5], "texture": "#particle"},
				"south": {"uv": [14, 9, 16, 14.5], "texture": "#particle"}
			}
		}
	],
	"gui_light": "front",
	"display": {
		"thirdperson_righthand": {
			"rotation": [8, -12, 0],
			"scale": [0.8, 0.8, 0.8]
		},
		"thirdperson_lefthand": {
			"rotation": [8, -12, 0],
			"scale": [0.8, 0.8, 0.8]
		},
		"firstperson_righthand": {
			"rotation": [2, -14, 0],
			"translation": [6.75, 10.1, -1]
		},
		"firstperson_lefthand": {
			"rotation": [2, -14, 0],
			"translation": [6.75, 10.1, -1]
		},
		"ground": {
			"rotation": [0, 0, 90],
			"translation": [0, -3, 0]
		},
		"gui": {
			"rotation": [20, 145, 0],
			"translation": [-0.25, 1.25, 0],
			"scale": [1.15, 1.15, 1.15]
		}
	},
	"groups": [
		{
			"name": "mac10",
			"origin": [0, 0, 0],
			"color": 0,
			"children": [0, 1, 2, 3, 4, 5, 6, 7, 8, 9, 10, 11]
		}
	]
}