{
	"credit": "Made with Blockbench",
	"texture_size": [32, 32],
	"textures": {
		"0": "other/ball_receiver_on",
		"particle": "other/ball_receiver_on"
	},
	"elements": [
		{
			"from": [0, 0, 0],
			"to": [3, 3, 16],
			"rotation": {"angle": 0, "axis": "y", "origin": [8, 8, 8]},
			"faces": {
				"north": {"uv": [14.5, 0, 16, 1.5], "texture": "#0"},
				"east": {"uv": [6.5, 1.5, 14.5, 3], "texture": "#0"},
				"south": {"uv": [8, 0, 9.5, 1.5], "texture": "#0"},
				"west": {"uv": [8, 0, 16, 1.5], "texture": "#0"},
				"up": {"uv": [0, 0, 1.5, 8], "texture": "#0"}
			}
		},
		{
			"from": [13, 0, 0],
			"to": [16, 3, 16],
			"rotation": {"angle": 0, "axis": "y", "origin": [8, 8, 8]},
			"faces": {
				"north": {"uv": [8, 0, 9.5, 1.5], "texture": "#0"},
				"east": {"uv": [8, 0, 16, 1.5], "texture": "#0"},
				"south": {"uv": [14.5, 0, 16, 1.5], "texture": "#0"},
				"west": {"uv": [6.5, 1.5, 14.5, 3], "texture": "#0"},
				"up": {"uv": [6.5, 0, 8, 8], "texture": "#0"}
			}
		},
		{
			"from": [3, 0, 13],
			"to": [13, 3, 16],
			"rotation": {"angle": 0, "axis": "y", "origin": [8, 8, 8]},
			"faces": {
				"north": {"uv": [8, 1.5, 13, 3], "texture": "#0"},
				"south": {"uv": [9.5, 0, 14.5, 1.5], "texture": "#0"},
				"up": {"uv": [1.5, 6.5, 6.5, 8], "texture": "#0"}
			}
		},
		{
			"from": [3, 0, 0],
			"to": [13, 3, 3],
			"rotation": {"angle": 0, "axis": "y", "origin": [8, 8, 8]},
			"faces": {
				"north": {"uv": [9.5, 0, 14.5, 1.5], "texture": "#0"},
				"south": {"uv": [8, 1.5, 13, 3], "texture": "#0"},
				"up": {"uv": [1.5, 0, 6.5, 1.5], "texture": "#0"}
			}
		},
		{
			"from": [-2, 0, -2],
			"to": [5, 2, 0],
			"rotation": {"angle": 0, "axis": "y", "origin": [8, 8, 8]},
			"faces": {
				"north": {"uv": [3.5, 8, 7, 9], "texture": "#0"},
				"east": {"uv": [3.5, 9, 4.5, 10], "texture": "#0"},
				"west": {"uv": [7, 8, 6, 9], "texture": "#0"},
				"up": {"uv": [0, 10.5, 3.5, 11.5], "rotation": 180, "texture": "#0"}
			}
		},
		{
			"from": [-2, 0, 0],
			"to": [0, 2, 5],
			"rotation": {"angle": 0, "axis": "y", "origin": [8, 8, 8]},
			"faces": {
				"south": {"uv": [3.5, 9, 4.5, 10], "texture": "#0"},
				"west": {"uv": [6, 8, 3.5, 9], "texture": "#0"},
				"up": {"uv": [2.5, 8, 3.5, 10.5], "rotation": 180, "texture": "#0"}
			}
		},
		{
			"from": [-2, 0, 11],
			"to": [0, 2, 18],
			"rotation": {"angle": 0, "axis": "y", "origin": [8, 8, 8]},
			"faces": {
				"north": {"uv": [3.5, 9, 4.5, 10], "texture": "#0"},
				"south": {"uv": [7, 8, 6, 9], "texture": "#0"},
				"west": {"uv": [3.5, 8, 7, 9], "texture": "#0"},
				"up": {"uv": [0, 10.5, 3.5, 11.5], "rotation": 90, "texture": "#0"}
			}
		},
		{
			"from": [0, 0, 16],
			"to": [5, 2, 18],
			"rotation": {"angle": 0, "axis": "y", "origin": [8, 8, 8]},
			"faces": {
				"east": {"uv": [3.5, 9, 4.5, 10], "texture": "#0"},
				"south": {"uv": [6, 8, 3.5, 9], "texture": "#0"},
				"up": {"uv": [2.5, 8, 3.5, 10.5], "rotation": 90, "texture": "#0"}
			}
		},
		{
			"from": [11, 0, 16],
			"to": [18, 2, 18],
			"rotation": {"angle": 0, "axis": "y", "origin": [8, 8, 8]},
			"faces": {
				"east": {"uv": [7, 8, 6, 9], "texture": "#0"},
				"south": {"uv": [3.5, 8, 7, 9], "texture": "#0"},
				"west": {"uv": [3.5, 9, 4.5, 10], "texture": "#0"},
				"up": {"uv": [0, 10.5, 3.5, 11.5], "texture": "#0"}
			}
		},
		{
			"from": [16, 0, 11],
			"to": [18, 2, 16],
			"rotation": {"angle": 0, "axis": "y", "origin": [8, 8, 8]},
			"faces": {
				"north": {"uv": [3.5, 9, 4.5, 10], "texture": "#0"},
				"east": {"uv": [6, 8, 3.5, 9], "texture": "#0"},
				"up": {"uv": [2.5, 8, 3.5, 10.5], "texture": "#0"}
			}
		},
		{
			"from": [16, 0, -2],
			"to": [18, 2, 5],
			"rotation": {"angle": 0, "axis": "y", "origin": [8, 8, 8]},
			"faces": {
				"north": {"uv": [7, 8, 6, 9], "texture": "#0"},
				"east": {"uv": [3.5, 8, 7, 9], "texture": "#0"},
				"south": {"uv": [3.5, 9, 4.5, 10], "texture": "#0"},
				"up": {"uv": [0, 10.5, 3.5, 11.5], "rotation": 270, "texture": "#0"}
			}
		},
		{
			"from": [11, 0, -2],
			"to": [16, 2, 0],
			"rotation": {"angle": 0, "axis": "y", "origin": [8, 8, 8]},
			"faces": {
				"north": {"uv": [6, 8, 3.5, 9], "texture": "#0"},
				"west": {"uv": [3.5, 9, 4.5, 10], "texture": "#0"},
				"up": {"uv": [2.5, 8, 3.5, 10.5], "rotation": 270, "texture": "#0"}
			}
		},
		{
			"from": [-0.002, 0, 0],
			"to": [-0.002, 12, 2],
			"rotation": {"angle": 0, "axis": "y", "origin": [5, 8, 5]},
			"faces": {
				"east": {"uv": [9, 3, 10, 9], "texture": "#0"},
				"west": {"uv": [8, 3, 9, 9], "texture": "#0"}
			}
		},
		{
			"from": [0, 0, -0.002],
			"to": [2, 12, -0.002],
			"rotation": {"angle": 0, "axis": "y", "origin": [5, 8, 5]},
			"faces": {
				"north": {"uv": [9, 3, 8, 9], "texture": "#0"},
				"south": {"uv": [10, 3, 9, 9], "texture": "#0"}
			}
		},
		{
			"from": [0, 12.002, 0],
			"to": [4, 12.002, 4],
			"rotation": {"angle": 0, "axis": "y", "origin": [5, 8, 5]},
			"faces": {
				"up": {"uv": [10, 3, 12, 5], "texture": "#0"},
				"down": {"uv": [12, 3, 14, 5], "rotation": 270, "texture": "#0"}
			}
		},
		{
			"from": [0, 0, 16.002],
			"to": [2, 12, 16.002],
			"rotation": {"angle": 0, "axis": "y", "origin": [5, 8, 11]},
			"faces": {
				"north": {"uv": [9, 3, 10, 9], "texture": "#0"},
				"south": {"uv": [8, 3, 9, 9], "texture": "#0"}
			}
		},
		{
			"from": [-0.002, 0, 14],
			"to": [-0.002, 12, 16],
			"rotation": {"angle": 0, "axis": "y", "origin": [5, 8, 11]},
			"faces": {
				"east": {"uv": [10, 3, 9, 9], "texture": "#0"},
				"west": {"uv": [9, 3, 8, 9], "texture": "#0"}
			}
		},
		{
			"from": [0, 12.002, 12],
			"to": [4, 12.002, 16],
			"rotation": {"angle": 0, "axis": "y", "origin": [5, 8, 11]},
			"faces": {
				"up": {"uv": [10, 3, 12, 5], "rotation": 270, "texture": "#0"},
				"down": {"uv": [12, 3, 14, 5], "texture": "#0"}
			}
		},
		{
			"from": [16.002, 0, 14],
			"to": [16.002, 12, 16],
			"rotation": {"angle": 0, "axis": "y", "origin": [11, 8, 11]},
			"faces": {
				"east": {"uv": [8, 3, 9, 9], "texture": "#0"},
				"west": {"uv": [9, 3, 10, 9], "texture": "#0"}
			}
		},
		{
			"from": [14, 0, 16.002],
			"to": [16, 12, 16.002],
			"rotation": {"angle": 0, "axis": "y", "origin": [11, 8, 11]},
			"faces": {
				"north": {"uv": [10, 3, 9, 9], "texture": "#0"},
				"south": {"uv": [9, 3, 8, 9], "texture": "#0"}
			}
		},
		{
			"from": [12, 12.002, 12],
			"to": [16, 12.002, 16],
			"rotation": {"angle": 0, "axis": "y", "origin": [11, 8, 11]},
			"faces": {
				"up": {"uv": [10, 3, 12, 5], "rotation": 180, "texture": "#0"},
				"down": {"uv": [12, 3, 14, 5], "rotation": 90, "texture": "#0"}
			}
		},
		{
			"from": [14, 0, -0.002],
			"to": [16, 12, -0.002],
			"rotation": {"angle": 0, "axis": "y", "origin": [11, 8, 5]},
			"faces": {
				"north": {"uv": [8, 3, 9, 9], "texture": "#0"},
				"south": {"uv": [9, 3, 10, 9], "texture": "#0"}
			}
		},
		{
			"from": [16.002, 0, 0],
			"to": [16.002, 12, 2],
			"rotation": {"angle": 0, "axis": "y", "origin": [11, 8, 5]},
			"faces": {
				"east": {"uv": [9, 3, 8, 9], "texture": "#0"},
				"west": {"uv": [10, 3, 9, 9], "texture": "#0"}
			}
		},
		{
			"from": [12, 12.002, 0],
			"to": [16, 12.002, 4],
			"rotation": {"angle": 0, "axis": "y", "origin": [11, 8, 5]},
			"faces": {
				"up": {"uv": [10, 3, 12, 5], "rotation": 90, "texture": "#0"},
				"down": {"uv": [12, 3, 14, 5], "rotation": 180, "texture": "#0"}
			}
		}
	],
	"display": {
		"fixed": {
			"rotation": [-90, 0, 0],
			"translation": [0, 0, -16],
			"scale": [2, 2, 2]
		}
	}
}