{
	"credit": "Made with Blockbench",
	"texture_size": [32, 32],
	"textures": {
		"0": "other/ball_spawner",
		"particle": "other/ball_spawner"
	},
	"elements": [
		{
			"from": [3, 0.002, 3],
			"to": [13, 0.002, 13],
			"rotation": {"angle": 0, "axis": "y", "origin": [8, 8, 8]},
			"faces": {
				"up": {"uv": [1.5, 1.5, 6.5, 6.5], "texture": "#0"}
			}
		},
		{
			"from": [0, 0, 0],
			"to": [3, 3, 16],
			"rotation": {"angle": 0, "axis": "y", "origin": [8, 8, 8]},
			"faces": {
				"north": {"uv": [14.5, 0, 16, 1.5], "texture": "#0"},
				"east": {"uv": [6.5, 1.5, 14.5, 3], "texture": "#0"},
				"south": {"uv": [8, 0, 9.5, 1.5], "texture": "#0"},
				"west": {"uv": [8, 0, 16, 1.5], "texture": "#0"},
				"up": {"uv": [0, 0, 1.5, 8], "texture": "#0"}
			}
		},
		{
			"from": [13, 0, 0],
			"to": [16, 3, 16],
			"rotation": {"angle": 0, "axis": "y", "origin": [8, 8, 8]},
			"faces": {
				"north": {"uv": [8, 0, 9.5, 1.5], "texture": "#0"},
				"east": {"uv": [8, 0, 16, 1.5], "texture": "#0"},
				"south": {"uv": [14.5, 0, 16, 1.5], "texture": "#0"},
				"west": {"uv": [6.5, 1.5, 14.5, 3], "texture": "#0"},
				"up": {"uv": [6.5, 0, 8, 8], "texture": "#0"}
			}
		},
		{
			"from": [3, 0, 0],
			"to": [13, 3, 3],
			"rotation": {"angle": 0, "axis": "y", "origin": [8, 8, 8]},
			"faces": {
				"north": {"uv": [9.5, 0, 14.5, 1.5], "texture": "#0"},
				"south": {"uv": [8, 1.5, 13, 3], "texture": "#0"},
				"up": {"uv": [1.5, 0, 6.5, 1.5], "texture": "#0"}
			}
		},
		{
			"from": [3, 0, 13],
			"to": [13, 3, 16],
			"rotation": {"angle": 0, "axis": "y", "origin": [8, 8, 8]},
			"faces": {
				"north": {"uv": [8, 1.5, 13, 3], "texture": "#0"},
				"south": {"uv": [9.5, 0, 14.5, 1.5], "texture": "#0"},
				"up": {"uv": [1.5, 6.5, 6.5, 8], "texture": "#0"}
			}
		},
		{
			"from": [2, 0, -2],
			"to": [14, 2, 0],
			"rotation": {"angle": 0, "axis": "y", "origin": [8, 8, 8]},
			"faces": {
				"north": {"uv": [1, 8, 7, 9], "texture": "#0"},
				"east": {"uv": [1, 9, 2, 10], "texture": "#0"},
				"west": {"uv": [1, 9, 2, 10], "texture": "#0"},
				"up": {"uv": [0, 8, 1, 14], "rotation": 90, "texture": "#0"}
			}
		},
		{
			"from": [-2, 0, 2],
			"to": [0, 2, 14],
			"rotation": {"angle": 0, "axis": "y", "origin": [8, 8, 8]},
			"faces": {
				"north": {"uv": [1, 9, 2, 10], "texture": "#0"},
				"south": {"uv": [1, 9, 2, 10], "texture": "#0"},
				"west": {"uv": [1, 8, 7, 9], "texture": "#0"},
				"up": {"uv": [0, 8, 1, 14], "texture": "#0"}
			}
		},
		{
			"from": [2, 0, 16],
			"to": [14, 2, 18],
			"rotation": {"angle": 0, "axis": "y", "origin": [8, 8, 8]},
			"faces": {
				"east": {"uv": [1, 9, 2, 10], "texture": "#0"},
				"south": {"uv": [1, 8, 7, 9], "texture": "#0"},
				"west": {"uv": [1, 9, 2, 10], "texture": "#0"},
				"up": {"uv": [0, 8, 1, 14], "rotation": 270, "texture": "#0"}
			}
		},
		{
			"from": [16, 0, 2],
			"to": [18, 2, 14],
			"rotation": {"angle": 0, "axis": "y", "origin": [8, 8, 8]},
			"faces": {
				"north": {"uv": [1, 9, 2, 10], "texture": "#0"},
				"east": {"uv": [1, 8, 7, 9], "texture": "#0"},
				"south": {"uv": [1, 9, 2, 10], "texture": "#0"},
				"up": {"uv": [0, 8, 1, 14], "rotation": 180, "texture": "#0"}
			}
		},
		{
			"from": [3.002, 0, 6],
			"to": [3.002, 8, 10],
			"rotation": {"angle": 0, "axis": "y", "origin": [8, 8, 8]},
			"faces": {
				"east": {"uv": [10, 3, 12, 7], "texture": "#0"},
				"west": {"uv": [8, 3, 10, 7], "texture": "#0"}
			}
		},
		{
			"from": [6, 0, 3.002],
			"to": [10, 8, 3.002],
			"rotation": {"angle": 0, "axis": "y", "origin": [8, 8, 8]},
			"faces": {
				"north": {"uv": [8, 3, 10, 7], "texture": "#0"},
				"south": {"uv": [10, 3, 12, 7], "texture": "#0"}
			}
		},
		{
			"from": [12.998, 0, 6],
			"to": [12.998, 8, 10],
			"rotation": {"angle": 0, "axis": "y", "origin": [8, 8, 8]},
			"faces": {
				"east": {"uv": [8, 3, 10, 7], "texture": "#0"},
				"west": {"uv": [10, 3, 12, 7], "texture": "#0"}
			}
		},
		{
			"from": [6, 0, 12.998],
			"to": [10, 8, 12.998],
			"rotation": {"angle": 0, "axis": "y", "origin": [8, 8, 8]},
			"faces": {
				"north": {"uv": [10, 3, 12, 7], "texture": "#0"},
				"south": {"uv": [8, 3, 10, 7], "texture": "#0"}
			}
		},
		{
			"from": [-2, 2, 8],
			"to": [3, 8, 8],
			"rotation": {"angle": 0, "axis": "y", "origin": [8, 8, 8]},
			"faces": {
				"north": {"uv": [2, 9, 4.5, 12], "texture": "#0"},
				"south": {"uv": [4.5, 9, 2, 12], "texture": "#0"}
			}
		},
		{
			"from": [8, 2, 13],
			"to": [8, 8, 18],
			"rotation": {"angle": 0, "axis": "y", "origin": [8, 8, 8]},
			"faces": {
				"east": {"uv": [4.5, 9, 2, 12], "texture": "#0"},
				"west": {"uv": [2, 9, 4.5, 12], "texture": "#0"}
			}
		},
		{
			"from": [13, 2, 8],
			"to": [18, 8, 8],
			"rotation": {"angle": 0, "axis": "y", "origin": [8, 8, 8]},
			"faces": {
				"north": {"uv": [4.5, 9, 2, 12], "texture": "#0"},
				"south": {"uv": [2, 9, 4.5, 12], "texture": "#0"}
			}
		},
		{
			"from": [8, 2, -2],
			"to": [8, 8, 3],
			"rotation": {"angle": 0, "axis": "y", "origin": [8, 8, 8]},
			"faces": {
				"east": {"uv": [2, 9, 4.5, 12], "texture": "#0"},
				"west": {"uv": [4.5, 9, 2, 12], "texture": "#0"}
			}
		}
	],
	"display": {
		"fixed": {
			"rotation": [-90, 0, 0],
			"translation": [0, 0, -16],
			"scale": [2, 2, 2]
		}
	}
}