{
	"credit": "Made with Blockbench",
	"textures": {
		"0": "other/bigfanoff",
		"particle": "other/bigfanoff"
	},
	"elements": [
		{
			"from": [-16, -16, 15],
			"to": [32, 32, 16],
			"rotation": {"angle": 0, "axis": "y", "origin": [8, 8, 15.5]},
			"faces": {
				"north": {"uv": [0, 0, 16, 16], "texture": "#0"},
				"east": {"uv": [15.66667, 0, 16, 16], "texture": "#0"},
				"west": {"uv": [0, 0, 0.33333, 16], "texture": "#0"},
				"up": {"uv": [0, 0, 16, 0.33333], "texture": "#0"},
				"down": {"uv": [0, 15.66667, 16, 16], "texture": "#0"}
			}
		}
	],
	"display": {
		"fixed": {
			"translation": [0, 0, -16],
			"scale": [2, 2, 2]
		}
	}
}