{
	"credit": "Made with Blockbench",
	"textures": {
		"0": "other/launch_platform",
		"1": "other/launch_base",
		"particle": "other/launch_platform"
	},
	"elements": [
		{
			"from": [0, 0.1, -16],
			"to": [16, 0.1, 16],
			"rotation": {"angle": -45, "axis": "x", "origin": [8, 0.1, -16]},
			"faces": {
				"up": {"uv": [8, 0, 16, 16], "texture": "#0"},
				"down": {"uv": [8, 16, 16, 0], "texture": "#0"}
			}
		},
		{
			"from": [6, 0, -2],
			"to": [10, 13, 1],
			"rotation": {"angle": -45, "axis": "x", "origin": [8, 9, 1], "rescale": true},
			"faces": {
				"north": {"uv": [8, 0, 10, 7], "texture": "#1"},
				"east": {"uv": [8, 0, 10, 7], "texture": "#1"},
				"south": {"uv": [8, 0, 10, 7], "texture": "#1"},
				"west": {"uv": [8, 0, 10, 7], "texture": "#1"},
				"up": {"uv": [0, 0, 0, 0], "texture": "#1"},
				"down": {"uv": [0, 0, 0, 0], "texture": "#1"}
			}
		},
		{
			"from": [0, 0.1, -16],
			"to": [16, 0.1, 16],
			"faces": {
				"up": {"uv": [0, 0, 8, 16], "texture": "#1"}
			}
		}
	],
	"display": {
		"fixed": {
			"rotation": [-90, 0, 0],
			"translation": [0, 0, -16],
			"scale": [2, 2, 2]
		}
	}
}