{
	"credit": "Made with Blockbench",
	"texture_size": [48, 48],
	"textures": {
		"1": "other/robothead",
		"particle": "other/robothead"
	},
	"elements": [
		{
			"from": [5, 5, 5],
			"to": [11, 11, 11],
			"rotation": {"angle": 0, "axis": "y", "origin": [8, 8, 8]},
			"faces": {
				"north": {"uv": [13, 2, 15, 4], "texture": "#1"},
				"east": {"uv": [11, 2, 13, 4], "texture": "#1"},
				"south": {"uv": [13, 6, 15, 8], "texture": "#1"},
				"west": {"uv": [11, 0, 13, 2], "texture": "#1"},
				"up": {"uv": [15, 2, 13, 0], "texture": "#1"},
				"down": {"uv": [15, 4, 13, 6], "texture": "#1"}
			}
		},
		{
			"from": [5.5, 5, 0],
			"to": [10.5, 11, 5],
			"rotation": {"angle": 0, "axis": "y", "origin": [8, 8, 8]},
			"faces": {
				"east": {"uv": [3.66667, 9.66667, 5.33333, 11.66667], "texture": "#1"},
				"west": {"uv": [0, 9.66667, 1.66667, 11.66667], "texture": "#1"}
			}
		},
		{
			"from": [5.501, 5.5, 2.5],
			"to": [10.499, 9.5, 6.5],
			"rotation": {"angle": 45, "axis": "x", "origin": [8, 8, 8], "rescale": true},
			"faces": {
				"east": {"uv": [2.66666, 7.66667, 5.33334, 9.66667], "texture": "#1"},
				"west": {"uv": [0, 7.66667, 2.66667, 9.66667], "texture": "#1"},
				"up": {"uv": [8, 10.33333, 5.33334, 7.66667], "texture": "#1"}
			}
		},
		{
			"from": [5.501, 6.5, 2.5],
			"to": [10.499, 10.5, 6.5],
			"rotation": {"angle": -45, "axis": "x", "origin": [8, 8, 8], "rescale": true},
			"faces": {
				"east": {"uv": [2.66666, 11.66667, 5.33334, 13.66667], "texture": "#1"},
				"west": {"uv": [0, 11.66667, 2.66667, 13.66667], "texture": "#1"},
				"down": {"uv": [10.66667, 10.33333, 8, 7.66667], "texture": "#1"}
			}
		},
		{
			"from": [4, 5, 0],
			"to": [12, 11, 0],
			"rotation": {"angle": 0, "axis": "y", "origin": [8, 8, 1.5]},
			"faces": {
				"north": {"uv": [0, 2.33333, 2.66667, 4.33333], "texture": "#1"},
				"south": {"uv": [2.66667, 2.33333, 5.33334, 4.33333], "texture": "#1"}
			}
		},
		{
			"from": [4, 5, 0],
			"to": [4, 11, 3],
			"rotation": {"angle": 0, "axis": "y", "origin": [8, 8, 1.5]},
			"faces": {
				"north": {"uv": [0, 0, 0, 2], "texture": "#1"},
				"east": {"uv": [9, 2.33333, 10, 4.33333], "texture": "#1"},
				"south": {"uv": [0, 0, 0, 2], "texture": "#1"},
				"west": {"uv": [7, 2.33333, 8, 4.33333], "texture": "#1"},
				"up": {"uv": [0, 1, 0, 0], "texture": "#1"},
				"down": {"uv": [0, 0, 0, 1], "texture": "#1"}
			}
		},
		{
			"from": [12, 5, 0],
			"to": [12, 11, 3],
			"rotation": {"angle": 0, "axis": "y", "origin": [8, 8, 1.5]},
			"faces": {
				"north": {"uv": [0, 0, 0, 2], "texture": "#1"},
				"east": {"uv": [8, 2.33333, 9, 4.33333], "texture": "#1"},
				"south": {"uv": [0, 0, 0, 2], "texture": "#1"},
				"west": {"uv": [10, 2.33333, 11, 4.33333], "texture": "#1"},
				"up": {"uv": [0, 1, 0, 0], "texture": "#1"},
				"down": {"uv": [0, 0, 0, 1], "texture": "#1"}
			}
		},
		{
			"from": [4.001, 5.5, 2.5],
			"to": [11.999, 10.5, 2.5],
			"rotation": {"angle": 45, "axis": "x", "origin": [8, 8, 8], "rescale": true},
			"faces": {
				"north": {"uv": [0, 0, 2.66666, 2.33333], "texture": "#1"},
				"south": {"uv": [2.66667, 0, 5.33333, 2.33333], "texture": "#1"}
			}
		},
		{
			"from": [4.001, 12, 5.5],
			"to": [4.001, 13.5, 10.5],
			"rotation": {"angle": -45, "axis": "x", "origin": [8, 8, 8], "rescale": true},
			"faces": {
				"north": {"uv": [0, 0, 0, 0.66667], "texture": "#1"},
				"east": {"uv": [9, 0, 10.00001, 2.33332], "rotation": 270, "texture": "#1"},
				"south": {"uv": [0, 0, 0, 0.66667], "texture": "#1"},
				"west": {"uv": [7, 0, 8, 2.33332], "rotation": 90, "texture": "#1"},
				"up": {"uv": [0, 1.66667, 0, 0], "texture": "#1"},
				"down": {"uv": [0, 0, 0, 1.66667], "texture": "#1"}
			}
		},
		{
			"from": [11.999, 12, 5.5],
			"to": [11.999, 13.5, 10.5],
			"rotation": {"angle": -45, "axis": "x", "origin": [8, 8, 8], "rescale": true},
			"faces": {
				"north": {"uv": [0, 0, 0, 0.66667], "texture": "#1"},
				"east": {"uv": [8, 0, 9.00001, 2.33332], "rotation": 270, "texture": "#1"},
				"south": {"uv": [0, 0, 0, 0.66667], "texture": "#1"},
				"west": {"uv": [10, 0, 11, 2.33333], "rotation": 90, "texture": "#1"},
				"up": {"uv": [0, 1.66667, 0, 0], "texture": "#1"},
				"down": {"uv": [0, 0, 0, 1.66667], "texture": "#1"}
			}
		},
		{
			"from": [4, 12, 10.5],
			"to": [12, 13.5, 10.5],
			"rotation": {"angle": -45, "axis": "x", "origin": [8, 8, 8], "rescale": true},
			"faces": {
				"north": {"uv": [7, 7.66667, 9.66667, 6.66667], "rotation": 180, "texture": "#1"},
				"east": {"uv": [0, 0, 0, 0.66667], "texture": "#1"},
				"south": {"uv": [0, 7.66667, 2.66667, 6.66667], "texture": "#1"},
				"west": {"uv": [0, 0, 0, 0.66667], "texture": "#1"},
				"up": {"uv": [2.66667, 0, 0, 0], "texture": "#1"},
				"down": {"uv": [2.66667, 0, 0, 0], "texture": "#1"}
			}
		},
		{
			"from": [4.001, 5.5, 2.5],
			"to": [11.999, 10.5, 2.5],
			"rotation": {"angle": -45, "axis": "x", "origin": [8, 8, 8], "rescale": true},
			"faces": {
				"north": {"uv": [0, 4.33333, 2.66666, 6.66667], "texture": "#1"},
				"south": {"uv": [2.66667, 4.33333, 5.33334, 6.66667], "texture": "#1"}
			}
		},
		{
			"from": [4.001, 5.5, 2.5],
			"to": [4.001, 10.5, 4],
			"rotation": {"angle": -45, "axis": "x", "origin": [8, 8, 8], "rescale": true},
			"faces": {
				"north": {"uv": [0, 0, 0, 1.66667], "texture": "#1"},
				"east": {"uv": [9, 4.33333, 10, 6.66667], "texture": "#1"},
				"south": {"uv": [0, 0, 0, 1.66667], "texture": "#1"},
				"west": {"uv": [7, 4.33333, 8, 6.66667], "texture": "#1"},
				"up": {"uv": [0, 0.66667, 0, 0], "texture": "#1"},
				"down": {"uv": [0, 0, 0, 0.66667], "texture": "#1"}
			}
		},
		{
			"from": [11.999, 5.5, 2.5],
			"to": [11.999, 10.5, 4],
			"rotation": {"angle": -45, "axis": "x", "origin": [8, 8, 8], "rescale": true},
			"faces": {
				"north": {"uv": [0, 0, 0, 1.66667], "texture": "#1"},
				"east": {"uv": [8, 4.33333, 9, 6.66667], "texture": "#1"},
				"south": {"uv": [0, 0, 0, 1.66667], "texture": "#1"},
				"west": {"uv": [10, 4.33333, 11, 6.66667], "texture": "#1"},
				"up": {"uv": [0, 0.66667, 0, 0], "texture": "#1"},
				"down": {"uv": [0, 0, 0, 0.66667], "texture": "#1"}
			}
		},
		{
			"from": [4, 5.5, 2.5],
			"to": [12, 5.5, 4],
			"rotation": {"angle": -45, "axis": "x", "origin": [8, 8, 8], "rescale": true},
			"faces": {
				"north": {"uv": [0, 0, 2.66667, 0], "texture": "#1"},
				"east": {"uv": [0, 0, 0.66667, 0], "texture": "#1"},
				"south": {"uv": [0, 0, 2.66667, 0], "texture": "#1"},
				"west": {"uv": [0, 0, 0.66667, 0], "texture": "#1"},
				"up": {"uv": [12.33333, 6.66667, 9.66666, 7.66667], "texture": "#1"},
				"down": {"uv": [5.33333, 7.66667, 2.66667, 6.66667], "texture": "#1"}
			}
		},
		{
			"from": [9, 6, -1],
			"to": [10, 10, 0],
			"faces": {
				"north": {"uv": [5.33333, 1.33334, 5.66666, 2.66667], "texture": "#1"},
				"east": {"uv": [6.66666, 1.33334, 7, 2.66667], "texture": "#1"},
				"west": {"uv": [5.33334, 4.33333, 5.66667, 5.66666], "texture": "#1"}
			}
		},
		{
			"from": [6, 6, -1],
			"to": [7, 10, 0],
			"faces": {
				"north": {"uv": [6.33333, 1.33333, 6.66666, 2.66666], "texture": "#1"},
				"east": {"uv": [5.33333, 4.33333, 5.66667, 5.66666], "texture": "#1"},
				"west": {"uv": [6.66667, 1.33333, 7, 2.66666], "texture": "#1"}
			}
		},
		{
			"from": [6, 10, -1],
			"to": [10, 11, 0],
			"rotation": {"angle": 0, "axis": "y", "origin": [6.5, 8, -0.5]},
			"faces": {
				"north": {"uv": [5.33333, 1, 6.66667, 1.33333], "texture": "#1"},
				"east": {"uv": [6.66667, 1, 7, 1.33334], "texture": "#1"},
				"west": {"uv": [6.66667, 1, 7, 1.33333], "texture": "#1"},
				"down": {"uv": [6.66666, 4.33334, 5.33333, 4.66667], "texture": "#1"}
			}
		},
		{
			"from": [6, 5, -1],
			"to": [10, 6, 0],
			"rotation": {"angle": 0, "axis": "y", "origin": [6.5, 8, -0.5]},
			"faces": {
				"north": {"uv": [5.33333, 2.66667, 6.66667, 3], "texture": "#1"},
				"east": {"uv": [6.66667, 2.66666, 7, 3], "texture": "#1"},
				"west": {"uv": [6.66667, 2.66667, 7, 3], "texture": "#1"},
				"up": {"uv": [6.66666, 4.66667, 5.33333, 4.33333], "texture": "#1"}
			}
		},
		{
			"from": [6.001, 9.25, -2.25],
			"to": [9.999, 11.25, -1.75],
			"rotation": {"angle": 45, "axis": "x", "origin": [6.5, 8, -0.5], "rescale": true},
			"faces": {
				"north": {"uv": [5.33333, 0, 6.66667, 1], "texture": "#1"},
				"east": {"uv": [6.66666, 0, 7, 1], "texture": "#1"},
				"west": {"uv": [6.66666, 0, 7, 1], "texture": "#1"},
				"up": {"uv": [6.66666, 4.33333, 5.33333, 4], "texture": "#1"}
			}
		},
		{
			"from": [6.001, 4.75, -2.25],
			"to": [9.999, 6.75, -1.75],
			"rotation": {"angle": -45, "axis": "x", "origin": [6.5, 8, -0.5], "rescale": true},
			"faces": {
				"north": {"uv": [5.33333, 3, 6.66667, 4], "texture": "#1"},
				"east": {"uv": [6.66666, 3, 7, 4], "texture": "#1"},
				"west": {"uv": [6.66666, 3, 7, 4], "texture": "#1"},
				"down": {"uv": [6.66666, 4, 5.33333, 4.33333], "texture": "#1"}
			}
		}
	]
}