{
	"credit": "Made with Blockbench",
	"texture_size": [96, 96],
	"textures": {
		"0": "other/robotend",
		"particle": "other/robotend"
	},
	"elements": [
		{
			"from": [-6, 2, -6],
			"to": [18, 14, 18],
			"rotation": {"angle": 0, "axis": "y", "origin": [1, 7, 7]},
			"faces": {
				"north": {"uv": [6, 0, 8, 4], "rotation": 270, "texture": "#0"},
				"east": {"uv": [6, 8, 4, 4], "rotation": 270, "texture": "#0"},
				"south": {"uv": [4, 0, 6, 4], "rotation": 90, "texture": "#0"},
				"west": {"uv": [8, 4, 6, 8], "rotation": 270, "texture": "#0"},
				"up": {"uv": [0, 4, 4, 8], "rotation": 90, "texture": "#0"},
				"down": {"uv": [0, 0, 4, 4], "rotation": 90, "texture": "#0"}
			}
		},
		{
			"from": [-11, 3.999, -7.8],
			"to": [0.3, 12.001, 6.2],
			"rotation": {"angle": -22.5, "axis": "y", "origin": [-10.51776, 5, -4.33577], "rescale": true},
			"faces": {
				"west": {"uv": [1.33333, 10.83333, 0, 13.33333], "rotation": 270, "texture": "#0"},
				"up": {"uv": [10.16667, 8.66667, 12.66667, 10.66667], "rotation": 90, "texture": "#0"},
				"down": {"uv": [10.16667, 6.66667, 12.66667, 8.66667], "rotation": 90, "texture": "#0"}
			}
		},
		{
			"from": [-11, 4, 5.80065],
			"to": [-3, 12, 17.80065],
			"rotation": {"angle": 22.5, "axis": "y", "origin": [-10.51776, 5, 16.33643], "rescale": true},
			"faces": {
				"north": {"uv": [7.75, 12, 7.25, 12.5], "rotation": 270, "texture": "#0"},
				"south": {"uv": [15.5, 6.66667, 14.16667, 8.66667], "rotation": 90, "texture": "#0"},
				"west": {"uv": [1.33333, 10.83333, 0, 8.66667], "rotation": 270, "texture": "#0"},
				"up": {"uv": [10.16667, 8.66667, 8, 10.66667], "rotation": 90, "texture": "#0"},
				"down": {"uv": [10.16667, 6.66667, 8, 8.66667], "rotation": 90, "texture": "#0"}
			}
		},
		{
			"from": [-9.3653, 4, -8.60628],
			"to": [-1.3653, 12, -0.60628],
			"rotation": {"angle": 22.5, "axis": "y", "origin": [-7.90108, 5, -8.12404], "rescale": true},
			"faces": {
				"north": {"uv": [1.33333, 14.83333, 0, 13.33333], "rotation": 270, "texture": "#0"},
				"east": {"uv": [15.5, 8.66667, 14.16667, 10.66667], "rotation": 270, "texture": "#0"},
				"west": {"uv": [12.5, 7.25, 12, 7.75], "rotation": 90, "texture": "#0"},
				"up": {"uv": [14.16667, 8.66667, 12.66667, 10.66667], "rotation": 180, "texture": "#0"},
				"down": {"uv": [14.16667, 6.66667, 12.66667, 8.66667], "texture": "#0"}
			}
		},
		{
			"from": [-9.12, -4, -7.8],
			"to": [-9.12, 4.002, 6.2],
			"rotation": {"angle": -22.5, "axis": "y", "origin": [-10.51776, 5, -4.33577], "rescale": true},
			"faces": {
				"east": {"uv": [5.33333, 13, 4, 10.5], "rotation": 270, "texture": "#0"},
				"west": {"uv": [4, 10.5, 2.66667, 13], "rotation": 270, "texture": "#0"}
			}
		},
		{
			"from": [-9.13151, -4, 6.57825],
			"to": [-9.13151, 4, 21.24975],
			"rotation": {"angle": 22.5, "axis": "y", "origin": [-8.64927, 5.002, 17.08553], "rescale": true},
			"faces": {
				"east": {"uv": [5.33333, 8, 4, 10.5], "rotation": 270, "texture": "#0"},
				"west": {"uv": [4, 10.5, 2.66667, 8], "rotation": 270, "texture": "#0"}
			}
		},
		{
			"from": [-5.0419, 12, -9.20824],
			"to": [7.6296, 20, -9.20824],
			"rotation": {"angle": 22.5, "axis": "y", "origin": [-0.2419, 16, -2.82824], "rescale": true},
			"faces": {
				"north": {"uv": [5.33333, 13, 6.66667, 15.16667], "rotation": 270, "texture": "#0"},
				"south": {"uv": [6.66667, 13, 8, 15.16667], "rotation": 270, "texture": "#0"}
			}
		},
		{
			"from": [-9.12, 12, -7.8],
			"to": [-9.12, 20.002, 6.2],
			"rotation": {"angle": -22.5, "axis": "y", "origin": [-10.51776, 21, -4.33577], "rescale": true},
			"faces": {
				"east": {"uv": [8, 13, 6.66667, 10.5], "rotation": 270, "texture": "#0"},
				"west": {"uv": [6.66667, 10.5, 5.33333, 13], "rotation": 270, "texture": "#0"}
			}
		},
		{
			"from": [-9.13151, 12, 6.57825],
			"to": [-9.13151, 20, 21.24975],
			"rotation": {"angle": 22.5, "axis": "y", "origin": [-8.64927, 21.002, 17.08553], "rescale": true},
			"faces": {
				"east": {"uv": [8, 8, 6.66667, 10.5], "rotation": 270, "texture": "#0"},
				"west": {"uv": [6.66667, 10.5, 5.33333, 8], "rotation": 270, "texture": "#0"}
			}
		},
		{
			"from": [-5.0419, -4, -9.20824],
			"to": [7.6296, 4, -9.20824],
			"rotation": {"angle": 22.5, "axis": "y", "origin": [-0.2419, 0, -2.82824], "rescale": true},
			"faces": {
				"north": {"uv": [2.66667, 13, 4, 15.16667], "rotation": 270, "texture": "#0"},
				"south": {"uv": [4, 13, 5.33333, 15.16667], "rotation": 270, "texture": "#0"}
			}
		},
		{
			"from": [-9.56506, 4, 18.00043],
			"to": [-9.56506, 12, 22.00043],
			"rotation": {"angle": 22.5, "axis": "y", "origin": [-9.56506, 4, 20.00043], "rescale": true},
			"faces": {
				"east": {"uv": [1.33333, 8, 2.66667, 8.66667], "rotation": 270, "texture": "#0"},
				"west": {"uv": [0, 8, 1.33333, 8.66667], "rotation": 270, "texture": "#0"}
			}
		},
		{
			"from": [-1.56459, 4, -11.31251],
			"to": [4.43541, 12, -11.31251],
			"rotation": {"angle": 22.5, "axis": "y", "origin": [-1.56459, 4, -11.31251], "rescale": true},
			"faces": {
				"north": {"uv": [0, 14.83333, 1.33333, 15.83333], "rotation": 270, "texture": "#0"},
				"south": {"uv": [1.33333, 14.83333, 2.66667, 15.83333], "rotation": 270, "texture": "#0"}
			}
		},
		{
			"from": [-8.73655, 4, 13.44406],
			"to": [-6.07055, 4, 17.44406],
			"rotation": {"angle": 22.5, "axis": "y", "origin": [2.26345, 4, 17.44406], "rescale": true},
			"faces": {
				"up": {"uv": [8, 6, 8.66667, 6.66667], "rotation": 90, "texture": "#0"},
				"down": {"uv": [8, 5.33333, 8.66667, 6], "rotation": 90, "texture": "#0"}
			}
		},
		{
			"from": [-1.78617, 12, -12.97038],
			"to": [4.21383, 12, -10.30438],
			"rotation": {"angle": 22.5, "axis": "y", "origin": [2.21383, 4, -13.50438], "rescale": true},
			"faces": {
				"up": {"uv": [10.5, 5.33333, 11.5, 6], "rotation": 180, "texture": "#0"},
				"down": {"uv": [10.5, 6, 11.5, 6.66667], "texture": "#0"}
			}
		},
		{
			"from": [-8.73655, 12, 13.44406],
			"to": [-6.07055, 12, 17.44406],
			"rotation": {"angle": 22.5, "axis": "y", "origin": [2.26345, 4, 17.44406], "rescale": true},
			"faces": {
				"up": {"uv": [9.83333, 5.33333, 10.5, 6], "rotation": 90, "texture": "#0"},
				"down": {"uv": [9.83333, 6, 10.5, 6.66667], "rotation": 90, "texture": "#0"}
			}
		},
		{
			"from": [-1.78617, 4, -12.97038],
			"to": [4.21383, 4, -10.30438],
			"rotation": {"angle": 22.5, "axis": "y", "origin": [2.21383, 4, -13.50438], "rescale": true},
			"faces": {
				"up": {"uv": [8.66667, 6, 9.66667, 6.66667], "rotation": 180, "texture": "#0"},
				"down": {"uv": [8.66667, 5.33333, 9.66667, 6], "texture": "#0"}
			}
		},
		{
			"from": [-8.51348, -4.001, -7.22103],
			"to": [-1.01348, -4.001, 6.77897],
			"rotation": {"angle": -22.5, "axis": "y", "origin": [-8.51348, -3.999, -5.22103], "rescale": true},
			"faces": {
				"up": {"uv": [10.5, 1.33333, 13, 2.66667], "rotation": 90, "texture": "#0"},
				"down": {"uv": [10.5, 0, 13, 1.33333], "rotation": 90, "texture": "#0"}
			}
		},
		{
			"from": [-10.99184, -4, 10.6711],
			"to": [-5.69184, -4, 25.3426],
			"rotation": {"angle": 22.5, "axis": "y", "origin": [-20.39061, -8, 16.68734], "rescale": true},
			"faces": {
				"up": {"uv": [8, 1.33333, 10.5, 2.66667], "rotation": 90, "texture": "#0"},
				"down": {"uv": [8, 0, 10.5, 1.33333], "rotation": 90, "texture": "#0"}
			}
		},
		{
			"from": [-7.68498, 20, -11.36321],
			"to": [4.98652, 20, -6.06321],
			"rotation": {"angle": 22.5, "axis": "y", "origin": [2.31502, 20, -11.36321], "rescale": true},
			"faces": {
				"up": {"uv": [13, 2.66667, 15.16667, 4], "rotation": 180, "texture": "#0"},
				"down": {"uv": [13, 4, 15.16667, 5.33333], "texture": "#0"}
			}
		},
		{
			"from": [-8.51348, 20.001, -7.22103],
			"to": [-1.01348, 20.001, 6.77897],
			"rotation": {"angle": -22.5, "axis": "y", "origin": [-8.51348, 20.001, -5.22103], "rescale": true},
			"faces": {
				"up": {"uv": [10.5, 2.66667, 13, 4], "rotation": 90, "texture": "#0"},
				"down": {"uv": [10.5, 4, 13, 5.33333], "rotation": 90, "texture": "#0"}
			}
		},
		{
			"from": [-10.99184, 20, 10.6711],
			"to": [-5.69184, 20, 25.3426],
			"rotation": {"angle": 22.5, "axis": "y", "origin": [-20.39061, 16, 16.68734], "rescale": true},
			"faces": {
				"up": {"uv": [8, 2.66667, 10.5, 4], "rotation": 90, "texture": "#0"},
				"down": {"uv": [8, 4, 10.5, 5.33333], "rotation": 90, "texture": "#0"}
			}
		},
		{
			"from": [-7.68498, -4, -11.36321],
			"to": [4.98652, -4, -6.06321],
			"rotation": {"angle": 22.5, "axis": "y", "origin": [2.31502, -4, -11.36321], "rescale": true},
			"faces": {
				"up": {"uv": [13, 1.33333, 15.16667, 2.66667], "rotation": 180, "texture": "#0"},
				"down": {"uv": [13, 0, 15.16667, 1.33333], "texture": "#0"}
			}
		}
	],
	"groups": [
		{
			"name": "group",
			"origin": [-4, 2.31502, 25.36321],
			"color": 0,
			"children": [0, 1, 2, 3, 4, 5, 6, 7, 8, 9, 10, 11, 12, 13, 14, 15, 16, 17, 18, 19, 20, 21]
		}
	]
}