{
	"credit": "Made with Blockbench",
	"texture_size": [64, 64],
	"textures": {
		"0": "other/robotmiddle",
		"particle": "other/robotmiddle"
	},
	"elements": [
		{
			"from": [1.5, 3, 3],
			"to": [9.5, 13, 19],
			"rotation": {"angle": 0, "axis": "y", "origin": [5.5, 8, 11]},
			"faces": {
				"north": {"uv": [2.5, 4, 5, 6], "rotation": 270, "texture": "#0"},
				"east": {"uv": [2.5, 4, 0, 0], "rotation": 270, "texture": "#0"},
				"south": {"uv": [0, 4, 2.5, 6], "rotation": 90, "texture": "#0"},
				"west": {"uv": [5, 0, 2.5, 4], "rotation": 270, "texture": "#0"},
				"up": {"uv": [5, 2, 9, 4], "rotation": 90, "texture": "#0"},
				"down": {"uv": [5, 0, 9, 2], "rotation": 90, "texture": "#0"}
			}
		},
		{
			"from": [5, 4, 18],
			"to": [11, 12, 24],
			"rotation": {"angle": -45, "axis": "y", "origin": [8, 8, 21]},
			"faces": {
				"north": {"uv": [12.5, 1.5, 14.5, 3], "rotation": 270, "texture": "#0"},
				"east": {"uv": [14.5, 1.5, 12.5, 0], "rotation": 270, "texture": "#0"},
				"south": {"uv": [12.5, 4.5, 14.5, 6], "rotation": 90, "texture": "#0"},
				"west": {"uv": [14.5, 3, 12.5, 4.5], "rotation": 270, "texture": "#0"},
				"up": {"uv": [6.5, 6, 8, 7.5], "rotation": 90, "texture": "#0"},
				"down": {"uv": [5, 6, 6.5, 7.5], "rotation": 90, "texture": "#0"}
			}
		},
		{
			"from": [3, 1, -3.75],
			"to": [11, 15, 4.25],
			"rotation": {"angle": 45, "axis": "y", "origin": [5.9, 8, -1.65]},
			"faces": {
				"north": {"uv": [12.5, 4, 9, 6], "rotation": 270, "texture": "#0"},
				"east": {"uv": [9, 2, 12.5, 4], "rotation": 270, "texture": "#0"},
				"south": {"uv": [12.5, 2, 9, 0], "rotation": 270, "texture": "#0"},
				"west": {"uv": [9, 6, 12.5, 8], "rotation": 90, "texture": "#0"},
				"up": {"uv": [7, 4, 9, 6], "rotation": 180, "texture": "#0"},
				"down": {"uv": [5, 4, 7, 6], "texture": "#0"}
			}
		},
		{
			"from": [-1.5, 4.999, 1],
			"to": [0.5, 4.999, 6],
			"rotation": {"angle": -45, "axis": "y", "origin": [0.5, 7, 4], "rescale": true},
			"faces": {
				"up": {"uv": [11.5, 8.5, 13.5, 9], "rotation": 90, "texture": "#0"},
				"down": {"uv": [9, 8.5, 11, 9], "rotation": 90, "texture": "#0"}
			}
		},
		{
			"from": [-1.5, 11.001, 1],
			"to": [0.5, 11.001, 6],
			"rotation": {"angle": -45, "axis": "y", "origin": [0.5, 7, 4], "rescale": true},
			"faces": {
				"up": {"uv": [9, 9.5, 11, 10], "rotation": 90, "texture": "#0"},
				"down": {"uv": [11.5, 9.5, 13.25, 10], "rotation": 90, "texture": "#0"}
			}
		},
		{
			"from": [-1.5, 5, 1],
			"to": [-1.5, 11, 6],
			"rotation": {"angle": -45, "axis": "y", "origin": [0.5, 7, 4], "rescale": true},
			"faces": {
				"east": {"uv": [9, 15.5, 7.5, 13.5], "rotation": 270, "texture": "#0"},
				"west": {"uv": [7.5, 13.5, 6, 15.5], "rotation": 270, "texture": "#0"}
			}
		},
		{
			"from": [-0.5, 11.001, 17],
			"to": [1.5, 11.001, 24],
			"rotation": {"angle": 45, "axis": "y", "origin": [0.5, 7, 20], "rescale": true},
			"faces": {
				"up": {"uv": [9, 9, 11.5, 9.5], "rotation": 90, "texture": "#0"},
				"down": {"uv": [11.5, 9, 14, 9.5], "rotation": 90, "texture": "#0"}
			}
		},
		{
			"from": [-0.5, 4.999, 17],
			"to": [1.5, 4.999, 24],
			"rotation": {"angle": 45, "axis": "y", "origin": [0.5, 7, 20], "rescale": true},
			"faces": {
				"up": {"uv": [11.5, 8, 14, 8.5], "rotation": 90, "texture": "#0"},
				"down": {"uv": [9, 8, 11.5, 8.5], "rotation": 90, "texture": "#0"}
			}
		},
		{
			"from": [-0.5, 5, 17],
			"to": [-0.5, 11, 24],
			"rotation": {"angle": 45, "axis": "y", "origin": [0.5, 7, 20], "rescale": true},
			"faces": {
				"east": {"uv": [9, 10, 7.5, 7.5], "rotation": 270, "texture": "#0"},
				"west": {"uv": [7.5, 7.5, 6, 10], "rotation": 270, "texture": "#0"}
			}
		},
		{
			"from": [-1.5, 11, 4],
			"to": [-1.5, 17, 18],
			"rotation": {"angle": 0, "axis": "y", "origin": [-1.5, 14, 11]},
			"faces": {
				"east": {"uv": [3, 14, 1.5, 10.5], "rotation": 270, "texture": "#0"},
				"west": {"uv": [1.5, 10.5, 0, 14], "rotation": 270, "texture": "#0"}
			}
		},
		{
			"from": [-1.5, 17, 4],
			"to": [1.5, 17, 18],
			"rotation": {"angle": 0, "axis": "y", "origin": [-1.5, 14, 11]},
			"faces": {
				"up": {"uv": [9, 14.5, 12.5, 13.75], "rotation": 90, "texture": "#0"},
				"down": {"uv": [12.5, 14.5, 16, 13.75], "rotation": 90, "texture": "#0"}
			}
		},
		{
			"from": [1.5, 11, 17],
			"to": [1.5, 17, 23],
			"rotation": {"angle": 45, "axis": "y", "origin": [2.5, 13, 20], "rescale": true},
			"faces": {
				"east": {"uv": [3, 10.5, 1.5, 8.5], "rotation": 270, "texture": "#0"},
				"west": {"uv": [1.5, 10.5, 0, 8.5], "rotation": 270, "texture": "#0"}
			}
		},
		{
			"from": [1.5, 17.001, 17],
			"to": [4.5, 17.001, 23],
			"rotation": {"angle": 45, "axis": "y", "origin": [2.5, 13, 20], "rescale": true},
			"faces": {
				"up": {"uv": [9, 12.25, 11, 11.5], "rotation": 90, "texture": "#0"},
				"down": {"uv": [11, 11.5, 13, 12.25], "rotation": 90, "texture": "#0"}
			}
		},
		{
			"from": [0.5, 11, 2],
			"to": [0.5, 17, 6],
			"rotation": {"angle": -45, "axis": "y", "origin": [2.5, 13, 4], "rescale": true},
			"faces": {
				"east": {"uv": [3, 15.5, 1.5, 14], "rotation": 270, "texture": "#0"},
				"west": {"uv": [1.5, 15.5, 0, 14], "rotation": 270, "texture": "#0"}
			}
		},
		{
			"from": [0.5, 17.001, 2],
			"to": [3.5, 17.001, 6],
			"rotation": {"angle": -45, "axis": "y", "origin": [2.5, 13, 4], "rescale": true},
			"faces": {
				"up": {"uv": [9, 13, 10.5, 12.25], "rotation": 90, "texture": "#0"},
				"down": {"uv": [11, 12.25, 12.5, 13], "rotation": 90, "texture": "#0"}
			}
		},
		{
			"from": [-1.5, -1, 4],
			"to": [-1.5, 5, 18],
			"rotation": {"angle": 0, "axis": "y", "origin": [-1.5, 2, 11]},
			"faces": {
				"east": {"uv": [6, 14, 4.5, 10.5], "rotation": 270, "texture": "#0"},
				"west": {"uv": [4.5, 10.5, 3, 14], "rotation": 270, "texture": "#0"}
			}
		},
		{
			"from": [-1.5, -1, 4],
			"to": [1.5, -1, 18],
			"rotation": {"angle": 0, "axis": "y", "origin": [-1.5, -4, 11]},
			"faces": {
				"up": {"uv": [12.5, 13.75, 16, 13], "rotation": 90, "texture": "#0"},
				"down": {"uv": [9, 13.75, 12.5, 13], "rotation": 90, "texture": "#0"}
			}
		},
		{
			"from": [1.5, -1, 17],
			"to": [1.5, 5, 23],
			"rotation": {"angle": 45, "axis": "y", "origin": [2.5, 1, 20], "rescale": true},
			"faces": {
				"east": {"uv": [6, 10.5, 4.5, 8.5], "rotation": 270, "texture": "#0"},
				"west": {"uv": [4.5, 10.5, 3, 8.5], "rotation": 270, "texture": "#0"}
			}
		},
		{
			"from": [1.5, -1.001, 17],
			"to": [4.5, -1.001, 23],
			"rotation": {"angle": 45, "axis": "y", "origin": [2.5, 1, 20], "rescale": true},
			"faces": {
				"up": {"uv": [11, 10, 13, 10.75], "rotation": 90, "texture": "#0"},
				"down": {"uv": [9, 10.75, 11, 10], "rotation": 90, "texture": "#0"}
			}
		},
		{
			"from": [0.5, -1, 2],
			"to": [0.5, 5, 6],
			"rotation": {"angle": -45, "axis": "y", "origin": [2.5, 1, 4], "rescale": true},
			"faces": {
				"east": {"uv": [6, 15.5, 4.5, 14], "rotation": 270, "texture": "#0"},
				"west": {"uv": [4.5, 15.5, 3, 14], "rotation": 270, "texture": "#0"}
			}
		},
		{
			"from": [0.5, -1.001, 2],
			"to": [3.5, -1.001, 6],
			"rotation": {"angle": -45, "axis": "y", "origin": [2.5, 1, 4], "rescale": true},
			"faces": {
				"up": {"uv": [11, 11.5, 12.5, 10.75], "rotation": 90, "texture": "#0"},
				"down": {"uv": [9, 11.5, 10.5, 10.75], "rotation": 90, "texture": "#0"}
			}
		},
		{
			"from": [-3.5, 5, 4],
			"to": [1.5, 11, 18],
			"rotation": {"angle": 0, "axis": "y", "origin": [-2.5, 0, 19]},
			"faces": {
				"north": {"uv": [3.5, 7.25, 5, 8.5], "rotation": 270, "texture": "#0"},
				"south": {"uv": [3.5, 6, 5, 7.25], "rotation": 90, "texture": "#0"},
				"west": {"uv": [7.5, 10, 6, 13.5], "rotation": 270, "texture": "#0"},
				"up": {"uv": [0, 7.25, 3.5, 8.5], "rotation": 90, "texture": "#0"},
				"down": {"uv": [0, 6, 3.5, 7.25], "rotation": 90, "texture": "#0"}
			}
		},
		{
			"from": [6.5, 3, 7.5],
			"to": [8.5, 5, 18.25],
			"rotation": {"angle": -22.5, "axis": "x", "origin": [0.5, 0, 18.25], "rescale": true},
			"faces": {
				"east": {"uv": [15, 2.75, 14.5, 0], "rotation": 270, "texture": "#0"},
				"west": {"uv": [15, 0, 15.5, 2.75], "rotation": 270, "texture": "#0"},
				"up": {"uv": [11.75, 14.5, 14.5, 15], "rotation": 90, "texture": "#0"},
				"down": {"uv": [9, 14.5, 11.75, 15], "rotation": 90, "texture": "#0"}
			}
		},
		{
			"from": [6, -8.25, 2.15],
			"to": [9, -5.25, 9.25],
			"rotation": {"angle": 22.5, "axis": "x", "origin": [0.5, -0.75, 24.9], "rescale": true},
			"faces": {
				"east": {"uv": [13.75, 13, 13, 11.25], "rotation": 270, "texture": "#0"},
				"south": {"uv": [12.5, 6, 13.25, 6.75], "rotation": 90, "texture": "#0"},
				"west": {"uv": [13.75, 11.25, 14.5, 13], "rotation": 270, "texture": "#0"},
				"up": {"uv": [14, 9.5, 15.75, 10.25], "rotation": 90, "texture": "#0"},
				"down": {"uv": [14, 8, 15.75, 8.75], "rotation": 90, "texture": "#0"}
			}
		},
		{
			"from": [6, 21.25, -2.85],
			"to": [9, 24.25, 4.25],
			"rotation": {"angle": -22.5, "axis": "x", "origin": [0.5, 28.75, 19.9], "rescale": true},
			"faces": {
				"east": {"uv": [14.5, 13, 15.25, 11.25], "rotation": 270, "texture": "#0"},
				"south": {"uv": [12.5, 6.75, 13.25, 7.5], "rotation": 90, "texture": "#0"},
				"west": {"uv": [16, 11.25, 15.25, 13], "rotation": 270, "texture": "#0"},
				"up": {"uv": [14, 8.75, 15.75, 9.5], "rotation": 90, "texture": "#0"},
				"down": {"uv": [14, 10.25, 15.75, 11], "rotation": 90, "texture": "#0"}
			}
		},
		{
			"from": [6.5, 11, 4.15],
			"to": [8.5, 13, 14.9],
			"rotation": {"angle": 22.5, "axis": "x", "origin": [0.5, 8, 14.9], "rescale": true},
			"faces": {
				"east": {"uv": [14.5, 5.5, 15, 2.75], "rotation": 270, "texture": "#0"},
				"west": {"uv": [15.5, 2.75, 15, 5.5], "rotation": 270, "texture": "#0"},
				"up": {"uv": [9, 15, 11.75, 15.5], "rotation": 90, "texture": "#0"},
				"down": {"uv": [11.75, 15, 14.5, 15.5], "rotation": 90, "texture": "#0"}
			}
		}
	],
	"groups": [
		{
			"name": "group",
			"origin": [8, 2, 4.1],
			"color": 0,
			"children": [0, 1, 2, 3, 4, 5, 6, 7, 8, 9, 10, 11, 12, 13, 14, 15, 16, 17, 18, 19, 20, 21, 22, 23, 24, 25]
		}
	]
}