{
	"credit": "Made with Blockbench",
	"texture_size": [80, 80],
	"textures": {
		"0": "other/robotstabilizer",
		"particle": "other/robotstabilizer"
	},
	"elements": [
		{
			"from": [4, -6, 0],
			"to": [12, 6, 0],
			"rotation": {"angle": 0, "axis": "y", "origin": [8, 0, 8]},
			"faces": {
				"north": {"uv": [0, 0, 1.6, 2.4], "texture": "#0"}
			}
		},
		{
			"from": [6, -6, 2],
			"to": [10, 6, 4],
			"rotation": {"angle": 45, "axis": "y", "origin": [8, 0, 8], "rescale": true},
			"faces": {
				"north": {"uv": [1.6, 0, 2.8, 2.4], "texture": "#0"},
				"up": {"uv": [2.8, 3, 1.6, 2.4], "texture": "#0"},
				"down": {"uv": [2.8, 2.4, 1.6, 3], "texture": "#0"}
			}
		},
		{
			"from": [16, -6, 4],
			"to": [16, 6, 12],
			"rotation": {"angle": 0, "axis": "y", "origin": [8, 0, 8]},
			"faces": {
				"east": {"uv": [0, 0, 1.6, 2.4], "texture": "#0"}
			}
		},
		{
			"from": [12, -6, 6],
			"to": [14, 6, 10],
			"rotation": {"angle": 45, "axis": "y", "origin": [8, 0, 8], "rescale": true},
			"faces": {
				"east": {"uv": [1.6, 0, 2.8, 2.4], "texture": "#0"},
				"up": {"uv": [2.8, 3, 1.6, 2.4], "rotation": 90, "texture": "#0"},
				"down": {"uv": [1.6, 3, 2.8, 2.4], "rotation": 90, "texture": "#0"}
			}
		},
		{
			"from": [4, -6, 16],
			"to": [12, 6, 16],
			"rotation": {"angle": 0, "axis": "y", "origin": [8, 0, 8]},
			"faces": {
				"south": {"uv": [0, 0, 1.6, 2.4], "texture": "#0"}
			}
		},
		{
			"from": [6, -6, 12],
			"to": [10, 6, 14],
			"rotation": {"angle": 45, "axis": "y", "origin": [8, 0, 8], "rescale": true},
			"faces": {
				"south": {"uv": [1.6, 0, 2.8, 2.4], "texture": "#0"},
				"up": {"uv": [2.8, 3, 1.6, 2.4], "rotation": 180, "texture": "#0"},
				"down": {"uv": [2.8, 2.4, 1.6, 3], "rotation": 180, "texture": "#0"}
			}
		},
		{
			"from": [0, -6, 4],
			"to": [0, 6, 12],
			"rotation": {"angle": 0, "axis": "y", "origin": [8, 0, 8]},
			"faces": {
				"west": {"uv": [0, 0, 1.6, 2.4], "texture": "#0"}
			}
		},
		{
			"from": [2, -6, 6],
			"to": [4, 6, 10],
			"rotation": {"angle": 45, "axis": "y", "origin": [8, 0, 8], "rescale": true},
			"faces": {
				"west": {"uv": [1.6, 0, 2.8, 2.4], "texture": "#0"},
				"up": {"uv": [2.8, 3, 1.6, 2.4], "rotation": 270, "texture": "#0"},
				"down": {"uv": [1.6, 3, 2.8, 2.4], "rotation": 270, "texture": "#0"}
			}
		},
		{
			"from": [4, 2.19594, -0.89228],
			"to": [12, 11.85594, 3.60772],
			"rotation": {"angle": 22.5, "axis": "x", "origin": [8, 0.04164, 8.29142], "rescale": true},
			"faces": {
				"north": {"uv": [2.8, 0, 4.4, 2], "texture": "#0"},
				"east": {"uv": [4.4, 0, 5.2, 2], "texture": "#0"},
				"west": {"uv": [5.2, 0, 4.4, 2], "texture": "#0"}
			}
		},
		{
			"from": [12.39328, 2.19594, 4],
			"to": [16.89328, 11.85594, 12],
			"rotation": {"angle": 22.5, "axis": "z", "origin": [7.70958, 0.04164, 8], "rescale": true},
			"faces": {
				"north": {"uv": [5.2, 0, 4.4, 2], "texture": "#0"},
				"east": {"uv": [2.8, 0, 4.4, 2], "texture": "#0"},
				"south": {"uv": [4.4, 0, 5.2, 2], "texture": "#0"}
			}
		},
		{
			"from": [4, 2.19594, 12.39328],
			"to": [12, 11.85594, 16.89328],
			"rotation": {"angle": -22.5, "axis": "x", "origin": [8, 0.04164, 7.70958], "rescale": true},
			"faces": {
				"east": {"uv": [5.2, 0, 4.4, 2], "texture": "#0"},
				"south": {"uv": [2.8, 0, 4.4, 2], "texture": "#0"},
				"west": {"uv": [4.4, 0, 5.2, 2], "texture": "#0"}
			}
		},
		{
			"from": [-0.89228, 2.19594, 4],
			"to": [3.60772, 11.85594, 12],
			"rotation": {"angle": -22.5, "axis": "z", "origin": [8.29142, 0.04164, 8], "rescale": true},
			"faces": {
				"north": {"uv": [4.4, 0, 5.2, 2], "texture": "#0"},
				"south": {"uv": [5.2, 0, 4.4, 2], "texture": "#0"},
				"west": {"uv": [2.8, 0, 4.4, 2], "texture": "#0"}
			}
		},
		{
			"from": [4, 15.66, 4],
			"to": [12, 15.66, 12],
			"rotation": {"angle": 0, "axis": "y", "origin": [8, 0, 8]},
			"faces": {
				"up": {"uv": [6.8, 1.6, 5.2, 0], "texture": "#0"}
			}
		},
		{
			"from": [4, -11.85594, -0.89228],
			"to": [12, -2.19594, 3.60772],
			"rotation": {"angle": -22.5, "axis": "x", "origin": [8, -0.04164, 8.29142], "rescale": true},
			"faces": {
				"north": {"uv": [2.8, 0, 4.4, 2], "texture": "#0"},
				"east": {"uv": [4.4, 0, 5.2, 2], "texture": "#0"},
				"west": {"uv": [5.2, 0, 4.4, 2], "texture": "#0"}
			}
		},
		{
			"from": [12.39328, -11.85594, 4],
			"to": [16.89328, -2.19594, 12],
			"rotation": {"angle": -22.5, "axis": "z", "origin": [7.70958, -0.04164, 8], "rescale": true},
			"faces": {
				"north": {"uv": [5.2, 0, 4.4, 2], "texture": "#0"},
				"east": {"uv": [2.8, 0, 4.4, 2], "texture": "#0"},
				"south": {"uv": [4.4, 0, 5.2, 2], "texture": "#0"}
			}
		},
		{
			"from": [4, -11.85594, 12.39328],
			"to": [12, -2.19594, 16.89328],
			"rotation": {"angle": 22.5, "axis": "x", "origin": [8, -0.04164, 7.70958], "rescale": true},
			"faces": {
				"east": {"uv": [5.2, 0, 4.4, 2], "texture": "#0"},
				"south": {"uv": [2.8, 0, 4.4, 2], "texture": "#0"},
				"west": {"uv": [4.4, 0, 5.2, 2], "texture": "#0"}
			}
		},
		{
			"from": [-0.89228, -11.85594, 4],
			"to": [3.60772, -2.19594, 12],
			"rotation": {"angle": 22.5, "axis": "z", "origin": [8.29142, -0.04164, 8], "rescale": true},
			"faces": {
				"north": {"uv": [4.4, 0, 5.2, 2], "texture": "#0"},
				"south": {"uv": [5.2, 0, 4.4, 2], "texture": "#0"},
				"west": {"uv": [2.8, 0, 4.4, 2], "texture": "#0"}
			}
		},
		{
			"from": [4, -15.66, 4],
			"to": [12, -15.66, 12],
			"rotation": {"angle": 0, "axis": "y", "origin": [8, 0, 8]},
			"faces": {
				"down": {"uv": [6.8, 0, 5.2, 1.6], "texture": "#0"}
			}
		},
		{
			"from": [5, -4, 16],
			"to": [11, 4, 27],
			"rotation": {"angle": 0, "axis": "y", "origin": [4, 4, 16]},
			"faces": {
				"east": {"uv": [1.2, 3, 3.4, 4.6], "texture": "#0"},
				"south": {"uv": [0, 5.2, 1.2, 6.8], "texture": "#0"},
				"west": {"uv": [3.4, 3, 1.2, 4.6], "texture": "#0"},
				"up": {"uv": [0, 3, 1.2, 5.2], "texture": "#0"},
				"down": {"uv": [1.2, 5.2, 0, 3], "texture": "#0"}
			}
		},
		{
			"from": [0.99999, -3.999, 15],
			"to": [8.99999, 3.999, 19],
			"rotation": {"angle": -45, "axis": "y", "origin": [4.99999, 4, 15], "rescale": true},
			"faces": {
				"south": {"uv": [3.6, 4.6, 1.2, 6.2], "texture": "#0"},
				"west": {"uv": [5.2, 4.6, 3.6, 6.2], "texture": "#0"},
				"up": {"uv": [3.6, 7.8, 1.2, 6.2], "texture": "#0"},
				"down": {"uv": [3.6, 6.2, 1.2, 7.8], "texture": "#0"}
			}
		},
		{
			"from": [7.00001, -3.999, 15],
			"to": [15.00001, 3.999, 19],
			"rotation": {"angle": 45, "axis": "y", "origin": [11.00001, 4, 15], "rescale": true},
			"faces": {
				"east": {"uv": [3.6, 4.6, 5.2, 6.2], "texture": "#0"},
				"south": {"uv": [1.2, 4.6, 3.6, 6.2], "texture": "#0"},
				"up": {"uv": [1.2, 7.8, 3.6, 6.2], "texture": "#0"},
				"down": {"uv": [1.2, 6.2, 3.6, 7.8], "texture": "#0"}
			}
		},
		{
			"from": [5.001, -6.76972, 25.97041],
			"to": [10.999, 32, 31.97041],
			"rotation": {"angle": -22.5, "axis": "x", "origin": [4, -18.76972, 5.97041], "rescale": true},
			"faces": {
				"north": {"uv": [5.2, 1.6, 6.4, 9.4], "texture": "#0"},
				"east": {"uv": [5.2, 1.6, 6.4, 9.4], "texture": "#0"},
				"south": {"uv": [6.4, 1.6, 7.6, 9.4], "texture": "#0"},
				"west": {"uv": [5.2, 1.6, 6.4, 9.4], "texture": "#0"},
				"up": {"uv": [8.8, 2.8, 7.6, 1.6], "texture": "#0"}
			}
		}
	],
	"groups": [
		{
			"name": "group",
			"origin": [8, 8, 8],
			"color": 0,
			"children": [0, 1, 2, 3, 4, 5, 6, 7]
		},
		{
			"name": "group",
			"origin": [8, 8, 8],
			"color": 0,
			"children": [8, 9, 10, 11, 12]
		},
		{
			"name": "group",
			"origin": [8, 8, 8],
			"color": 0,
			"children": [13, 14, 15, 16, 17]
		},
		{
			"name": "group",
			"origin": [4, -18.76972, 5.97041],
			"color": 0,
			"children": [18, 19, 20, 21]
		}
	]
}