{
	"credit": "Made with Blockbench",
	"texture_size": [64, 64],
	"textures": {
		"0": "other/robotconnector2",
		"particle": "other/robotconnector2"
	},
	"elements": [
		{
			"from": [2, 2.5, -12.5],
			"to": [14, 2.5, 20.5],
			"rotation": {"angle": 0, "axis": "y", "origin": [4, 7.5, 6.5]},
			"faces": {
				"up": {"uv": [6, 0, 9, 6.25], "rotation": 180, "texture": "#0"},
				"down": {"uv": [9, 0, 12, 6.25], "rotation": 180, "texture": "#0"}
			}
		},
		{
			"from": [2.5, 2, -12.5],
			"to": [2.5, 14, 20.5],
			"rotation": {"angle": 0, "axis": "y", "origin": [4.5, 7, 6.5]},
			"faces": {
				"east": {"uv": [3, 6.25, 0, 0], "rotation": 270, "texture": "#0"},
				"west": {"uv": [6, 0, 3, 6.25], "rotation": 270, "texture": "#0"}
			}
		},
		{
			"from": [13.5, 2, -12.5],
			"to": [13.5, 14, 20.5],
			"rotation": {"angle": 0, "axis": "y", "origin": [3.5, 7, 6.5]},
			"faces": {
				"east": {"uv": [3, 6.25, 0, 0], "rotation": 270, "texture": "#0"},
				"west": {"uv": [6, 0, 3, 6.25], "rotation": 270, "texture": "#0"}
			}
		},
		{
			"from": [2, 13.5, -12.5],
			"to": [14, 13.5, 20.5],
			"rotation": {"angle": 0, "axis": "y", "origin": [4, 6.5, 6.5]},
			"faces": {
				"up": {"uv": [6, 0, 9, 6.25], "rotation": 180, "texture": "#0"},
				"down": {"uv": [9, 0, 12, 6.25], "rotation": 180, "texture": "#0"}
			}
		},
		{
			"from": [5.875, -13.5625, -10.3125],
			"to": [9.625, -9.8125, 8.3125],
			"rotation": {"angle": 22.5, "axis": "x", "origin": [-1, -4.1875, 27.875], "rescale": true},
			"faces": {
				"east": {"uv": [0.75, 10, 0, 6.25], "rotation": 270, "texture": "#0"},
				"south": {"uv": [0, 10, 0.75, 10.75], "rotation": 90, "texture": "#0"},
				"west": {"uv": [1.5, 6.25, 2.25, 10], "rotation": 270, "texture": "#0"},
				"up": {"uv": [2.25, 6.25, 3, 10], "rotation": 180, "texture": "#0"},
				"down": {"uv": [0.75, 6.25, 1.5, 10], "rotation": 180, "texture": "#0"}
			}
		},
		{
			"from": [6.5, 0.5, 6.125],
			"to": [9, 3, 26.5625],
			"rotation": {"angle": -22.5, "axis": "x", "origin": [-1, -3.25, 19.5625], "rescale": true},
			"faces": {
				"east": {"uv": [3.75, 12.25, 3, 6.25], "rotation": 270, "texture": "#0"},
				"west": {"uv": [4.5, 6.25, 5.25, 12.25], "rotation": 270, "texture": "#0"},
				"up": {"uv": [5.25, 6.25, 6, 12.25], "rotation": 180, "texture": "#0"},
				"down": {"uv": [3.75, 6.25, 4.5, 12.25], "rotation": 180, "texture": "#0"}
			}
		},
		{
			"from": [5.875, 25.8125, -16],
			"to": [9.625, 29.5625, 2.0625],
			"rotation": {"angle": -22.5, "axis": "x", "origin": [-1, 35.1875, 21.625], "rescale": true},
			"faces": {
				"east": {"uv": [6, 10, 6.75, 6.25], "rotation": 270, "texture": "#0"},
				"south": {"uv": [6, 10, 6.75, 10.75], "rotation": 90, "texture": "#0"},
				"west": {"uv": [8.25, 6.25, 7.5, 10], "rotation": 270, "texture": "#0"},
				"up": {"uv": [6.75, 6.25, 7.5, 10], "rotation": 180, "texture": "#0"},
				"down": {"uv": [8.25, 6.25, 9, 10], "rotation": 180, "texture": "#0"}
			}
		},
		{
			"from": [6.5, 13, 1.9375],
			"to": [9, 15.5, 22.375],
			"rotation": {"angle": 22.5, "axis": "x", "origin": [-1, 9.25, 15.375], "rescale": true},
			"faces": {
				"east": {"uv": [9, 12.25, 9.75, 6.25], "rotation": 270, "texture": "#0"},
				"west": {"uv": [11.25, 6.25, 10.5, 12.25], "rotation": 270, "texture": "#0"},
				"up": {"uv": [9.75, 12.25, 10.5, 6.25], "rotation": 180, "texture": "#0"},
				"down": {"uv": [11.25, 6.25, 12, 12.25], "rotation": 180, "texture": "#0"}
			}
		}
	],
	"groups": [
		{
			"name": "group",
			"origin": [9.25, 2, -1.875],
			"color": 0,
			"children": [0, 1, 2, 3, 4, 5, 6, 7]
		}
	]
}