{
	"credit": "Made with Blockbench",
	"texture_size": [64, 64],
	"textures": {
		"0": "other/robotstabilizer",
		"particle": "other/robotstabilizer"
	},
	"elements": [
		{
			"from": [1, 0, 4],
			"to": [15, 16, 16],
			"rotation": {"angle": 0, "axis": "y", "origin": [7, 0, 7]},
			"faces": {
				"north": {"uv": [0, 0, 3.5, 4], "texture": "#0"},
				"east": {"uv": [0, 4, 3, 8], "texture": "#0"},
				"south": {"uv": [3.5, 0, 7, 4], "texture": "#0"},
				"west": {"uv": [3, 4, 6, 8], "texture": "#0"},
				"up": {"uv": [9.5, 7, 6, 4], "texture": "#0"},
				"down": {"uv": [10.5, 0, 7, 3], "texture": "#0"}
			}
		},
		{
			"from": [2, 12.27205, 3.99994],
			"to": [14, 26.27205, 15.99994],
			"rotation": {"angle": -22.5, "axis": "x", "origin": [7, 12.27205, 6.99994], "rescale": true},
			"faces": {
				"north": {"uv": [6, 7, 9, 10.5], "texture": "#0"},
				"east": {"uv": [0, 8, 3, 11.5], "texture": "#0"},
				"south": {"uv": [3, 8, 6, 11.5], "texture": "#0"},
				"west": {"uv": [9, 7, 12, 10.5], "texture": "#0"},
				"up": {"uv": [13.5, 3, 10.5, 0], "texture": "#0"}
			}
		},
		{
			"from": [2, -10.27215, -1.7991],
			"to": [14, 3.72785, 10.2009],
			"rotation": {"angle": 22.5, "axis": "x", "origin": [6, -10.27215, 1.2009], "rescale": true},
			"faces": {
				"north": {"uv": [9.5, 3, 12.5, 6.5], "texture": "#0"},
				"east": {"uv": [6, 10.5, 9, 14], "texture": "#0"},
				"south": {"uv": [9, 10.5, 12, 14], "texture": "#0"},
				"west": {"uv": [0, 11.5, 3, 15], "texture": "#0"},
				"down": {"uv": [6, 11.5, 3, 14.5], "texture": "#0"}
			}
		}
	]
}