{
	"credit": "Made with Blockbench",
	"texture_size": [32, 32],
	"textures": {
		"0": "other/spiderleghigh",
		"particle": "other/spiderleghigh"
	},
	"elements": [
		{
			"from": [5.9, 5.9, 0],
			"to": [10.1, 10.1, 16],
			"rotation": {"angle": 0, "axis": "y", "origin": [8, 8, 8]},
			"faces": {
				"north": {"uv": [10, 5, 8, 3], "rotation": 180, "texture": "#0"},
				"east": {"uv": [6, 14, 8, 10], "rotation": 90, "texture": "#0"},
				"south": {"uv": [8.5, 7.5, 6.5, 9.5], "texture": "#0"},
				"west": {"uv": [6, 14, 8, 10], "rotation": 270, "texture": "#0"},
				"up": {"uv": [6, 14, 8, 10], "texture": "#0"},
				"down": {"uv": [6, 14, 8, 10], "rotation": 180, "texture": "#0"}
			}
		}
	]
}