{
	"credit": "Made with Blockbench",
	"texture_size": [48, 48],
	"textures": {
		"0": "other/turret_stand",
		"particle": "other/turret_stand"
	},
	"elements": [
		{
			"from": [4, 31, 4],
			"to": [12, 32, 12],
			"rotation": {"angle": 0, "axis": "y", "origin": [0, 31, 0]},
			"faces": {
				"north": {"uv": [2.66667, 2.66667, 5.33333, 3], "texture": "#0"},
				"east": {"uv": [2.66667, 3, 5.33333, 3.33333], "texture": "#0"},
				"south": {"uv": [2.66667, 3.33333, 5.33333, 3.66667], "texture": "#0"},
				"west": {"uv": [2.66667, 3.66667, 5.33333, 4], "texture": "#0"},
				"down": {"uv": [5.33333, 0, 2.66667, 2.66667], "texture": "#0"}
			}
		},
		{
			"from": [7, -7, 7],
			"to": [9, 31, 9],
			"rotation": {"angle": 0, "axis": "y", "origin": [7, 29, 7]},
			"faces": {
				"north": {"uv": [0, 0, 0.66667, 12.66667], "texture": "#0"},
				"east": {"uv": [0.66667, 0, 1.33333, 12.66667], "texture": "#0"},
				"south": {"uv": [1.33333, 0, 2, 12.66667], "texture": "#0"},
				"west": {"uv": [2, 0, 2.66667, 12.66667], "texture": "#0"}
			}
		}
	]
}