{
	"credit": "Made with Blockbench",
	"texture_size": [64, 64],
	"textures": {
		"0": "other/turret_rocket",
		"particle": "other/turret_rocket"
	},
	"elements": [
		{
			"from": [5, 0, 2],
			"to": [11, 14, 16],
			"rotation": {"angle": 0, "axis": "y", "origin": [8, 0, 0]},
			"faces": {
				"north": {"uv": [12.25, 7, 13.75, 11], "texture": "#0"},
				"east": {"uv": [0, 0.5, 3.5, 4], "texture": "#0"},
				"south": {"uv": [13.75, 7, 15.25, 11], "texture": "#0"},
				"west": {"uv": [3.5, 0.5, 7, 4], "texture": "#0"},
				"down": {"uv": [9, 0, 8, 3.5], "texture": "#0"}
			}
		},
		{
			"from": [5.01, 12.58954, 2.00208],
			"to": [10.99, 15.98954, 9.79808],
			"rotation": {"angle": -22.5, "axis": "x", "origin": [7.99, 14.98954, 7.00208]},
			"faces": {
				"east": {"uv": [14.25, 0, 16, 1], "texture": "#0"},
				"west": {"uv": [14.25, 1, 16, 2], "texture": "#0"},
				"up": {"uv": [13.75, 12.75, 12.25, 11], "texture": "#0"}
			}
		},
		{
			"from": [5, 14, 9.2],
			"to": [11, 16.994, 16],
			"rotation": {"angle": 0, "axis": "y", "origin": [8, 9, -6]},
			"faces": {
				"north": {"uv": [12.25, 12.75, 13.75, 13.5], "texture": "#0"},
				"east": {"uv": [9, 5.25, 10.75, 6], "texture": "#0"},
				"south": {"uv": [12.25, 12.75, 13.75, 13.5], "texture": "#0"},
				"west": {"uv": [9, 6, 10.75, 6.75], "texture": "#0"},
				"up": {"uv": [15.25, 12.75, 13.75, 11], "texture": "#0"}
			}
		},
		{
			"from": [11, 9, 2],
			"to": [15, 13, 13.98],
			"rotation": {"angle": 0, "axis": "y", "origin": [11, 9, 2]},
			"faces": {
				"north": {"uv": [10, 1, 11, 2], "texture": "#0"},
				"east": {"uv": [8, 3.5, 11, 4.5], "texture": "#0"},
				"south": {"uv": [10.25, 8.5, 11.25, 9.5], "texture": "#0"},
				"up": {"uv": [9, 7.5, 8, 4.5], "texture": "#0"},
				"down": {"uv": [8, 8, 7, 11], "texture": "#0"}
			}
		},
		{
			"from": [11, 7, 2],
			"to": [13, 9, 10],
			"rotation": {"angle": 0, "axis": "y", "origin": [11, 4, 2]},
			"faces": {
				"north": {"uv": [11, 6.75, 11.5, 7.25], "texture": "#0"},
				"east": {"uv": [9, 6.75, 11, 7.25], "texture": "#0"},
				"south": {"uv": [7.5, 11, 8, 11.5], "texture": "#0"},
				"down": {"uv": [10.75, 9.5, 10.25, 11.5], "texture": "#0"}
			}
		},
		{
			"from": [1, 7, 4],
			"to": [5, 11, 13.98],
			"rotation": {"angle": 0, "axis": "y", "origin": [1, 7, 2]},
			"faces": {
				"south": {"uv": [0, 10.75, 1, 11.75], "texture": "#0"},
				"west": {"uv": [8, 7.5, 10.5, 8.5], "texture": "#0"},
				"up": {"uv": [1, 10.75, 0, 8.25], "texture": "#0"},
				"down": {"uv": [2, 8.25, 1, 10.75], "texture": "#0"}
			}
		},
		{
			"from": [1, 7, -2],
			"to": [5, 11, 4],
			"rotation": {"angle": 0, "axis": "y", "origin": [1, 7, -8]},
			"faces": {
				"north": {"uv": [13, 2.5, 14, 3.5], "texture": "#0"},
				"east": {"uv": [13, 5, 14.5, 6], "texture": "#0"},
				"west": {"uv": [13, 6, 14.5, 7], "texture": "#0"},
				"up": {"uv": [15, 5, 14, 3.5], "texture": "#0"},
				"down": {"uv": [14, 3.5, 13, 5], "texture": "#0"}
			}
		},
		{
			"from": [4, -1, 7],
			"to": [5, 14, 14],
			"rotation": {"angle": 0, "axis": "y", "origin": [7, -10, 0]},
			"faces": {
				"north": {"uv": [10, 8.5, 10.25, 12.75], "texture": "#0"},
				"east": {"uv": [0, 4.5, 1.75, 8.25], "texture": "#0"},
				"south": {"uv": [2, 10.25, 2.25, 14.5], "texture": "#0"},
				"west": {"uv": [1.75, 4.5, 3.5, 8.25], "texture": "#0"},
				"up": {"uv": [3, 12, 2.75, 10.25], "texture": "#0"},
				"down": {"uv": [11.25, 3.5, 11, 5.25], "texture": "#0"}
			}
		},
		{
			"from": [11, -1, 7],
			"to": [12, 14, 14],
			"rotation": {"angle": 0, "axis": "y", "origin": [14, -10, 0]},
			"faces": {
				"north": {"uv": [2.25, 10.25, 2.5, 14.5], "texture": "#0"},
				"east": {"uv": [3.5, 4.5, 5.25, 8.25], "texture": "#0"},
				"south": {"uv": [2.5, 10.25, 2.75, 14.5], "texture": "#0"},
				"west": {"uv": [5.25, 4.5, 7, 8.25], "texture": "#0"},
				"up": {"uv": [7.25, 12.75, 7, 11], "texture": "#0"},
				"down": {"uv": [7.5, 11, 7.25, 12.75], "texture": "#0"}
			}
		},
		{
			"from": [4.99, 15, 12],
			"to": [4.99, 21, 15],
			"rotation": {"angle": 0, "axis": "y", "origin": [5, 15, 13]},
			"faces": {
				"east": {"uv": [12.25, 0, 13, 1.5], "texture": "#0"},
				"west": {"uv": [11.5, 0, 12.25, 1.5], "texture": "#0"}
			}
		}
	]
}