{
	"credit": "Made with Blockbench",
	"texture_size": [64, 64],
	"textures": {
		"0": "other/spiderbody",
		"particle": "other/spiderbody"
	},
	"elements": [
		{
			"from": [0, 0, 0],
			"to": [16, 18, 16],
			"rotation": {"angle": 0, "axis": "y", "origin": [0, 2, 0]},
			"faces": {
				"east": {"uv": [4, 0, 8, 4.5], "texture": "#0"},
				"west": {"uv": [4, 4.5, 8, 9], "texture": "#0"},
				"up": {"uv": [12, 4, 8, 0], "texture": "#0"},
				"down": {"uv": [12, 4, 8, 8], "texture": "#0"}
			}
		},
		{
			"from": [0, 0, 16],
			"to": [16, 16, 18],
			"rotation": {"angle": 0, "axis": "y", "origin": [2, 0, 16]},
			"faces": {
				"east": {"uv": [12, 2.25, 12.5, 6.25], "texture": "#0"},
				"south": {"uv": [8, 8, 12, 12], "texture": "#0"},
				"west": {"uv": [12, 6.25, 12.5, 10.25], "texture": "#0"},
				"down": {"uv": [16, 10.25, 12, 10.75], "texture": "#0"}
			}
		},
		{
			"from": [0, 0, -3],
			"to": [16, 15, 0],
			"rotation": {"angle": 0, "axis": "y", "origin": [2, 0, -3]},
			"faces": {
				"north": {"uv": [0, 9, 4, 12.75], "texture": "#0"},
				"east": {"uv": [6.5, 9, 7.25, 12.75], "texture": "#0"},
				"west": {"uv": [7.25, 9, 8, 12.75], "texture": "#0"},
				"down": {"uv": [16, 0.75, 12, 1.5], "texture": "#0"}
			}
		},
		{
			"from": [0.01, 15.25, 15.5],
			"to": [15.99, 16.25, 17.5],
			"rotation": {"angle": 45, "axis": "x", "origin": [7.5, 15.75, 17.25], "rescale": true},
			"faces": {
				"east": {"uv": [13, 4.75, 13.5, 5.25], "texture": "#0"},
				"west": {"uv": [13, 5.25, 13.5, 5.75], "texture": "#0"},
				"up": {"uv": [16, 11.25, 12, 10.75], "texture": "#0"}
			}
		},
		{
			"from": [0.01, 14.25, -1.5],
			"to": [15.99, 16.25, 1.5],
			"rotation": {"angle": -45, "axis": "x", "origin": [7.5, 14.75, -0.25], "rescale": true},
			"faces": {
				"east": {"uv": [13, 3.75, 13.75, 4.25], "texture": "#0"},
				"west": {"uv": [13, 4.25, 13.75, 4.75], "texture": "#0"},
				"up": {"uv": [16, 2.25, 12, 1.5], "texture": "#0"}
			}
		},
		{
			"from": [6, 0, -5],
			"to": [10, 1, -3],
			"rotation": {"angle": 0, "axis": "y", "origin": [6, 0, -5]},
			"faces": {
				"north": {"uv": [13, 5.75, 14, 6], "texture": "#0"},
				"up": {"uv": [13.5, 10.25, 12.5, 9.75], "texture": "#0"},
				"down": {"uv": [2.5, 12.75, 1.5, 13.25], "texture": "#0"}
			}
		},
		{
			"from": [6, 5, -5],
			"to": [10, 6, -3],
			"rotation": {"angle": 0, "axis": "y", "origin": [6, 5, -5]},
			"faces": {
				"north": {"uv": [13, 6, 14, 6.25], "texture": "#0"},
				"up": {"uv": [3.5, 13.25, 2.5, 12.75], "texture": "#0"},
				"down": {"uv": [7.5, 12.75, 6.5, 13.25], "texture": "#0"}
			}
		},
		{
			"from": [6, 8, -5],
			"to": [10, 9, -3],
			"rotation": {"angle": 0, "axis": "y", "origin": [6, 8, -5]},
			"faces": {
				"north": {"uv": [13, 6.25, 14, 6.5], "texture": "#0"},
				"up": {"uv": [13.5, 13.25, 12.5, 12.75], "texture": "#0"},
				"down": {"uv": [14, 2.25, 13, 2.75], "texture": "#0"}
			}
		},
		{
			"from": [6, 13, -5],
			"to": [10, 14, -3],
			"rotation": {"angle": 0, "axis": "y", "origin": [6, 13, -5]},
			"faces": {
				"north": {"uv": [13, 6.5, 14, 6.75], "texture": "#0"},
				"up": {"uv": [14, 3.25, 13, 2.75], "texture": "#0"},
				"down": {"uv": [14, 3.25, 13, 3.75], "texture": "#0"}
			}
		},
		{
			"from": [5, 0, -5],
			"to": [6, 6, -3],
			"rotation": {"angle": 0, "axis": "y", "origin": [5, 0, -5]},
			"faces": {
				"north": {"uv": [3.5, 12.75, 3.75, 14.25], "texture": "#0"},
				"east": {"uv": [10, 12.5, 10.5, 14], "texture": "#0"},
				"west": {"uv": [10.5, 12.5, 11, 14], "texture": "#0"},
				"up": {"uv": [13.25, 9.25, 13, 8.75], "texture": "#0"},
				"down": {"uv": [13.25, 9.25, 13, 9.75], "texture": "#0"}
			}
		},
		{
			"from": [10, 8, -5],
			"to": [11, 14, -3],
			"rotation": {"angle": 0, "axis": "y", "origin": [10, 8, -5]},
			"faces": {
				"north": {"uv": [7.75, 12.75, 8, 14.25], "texture": "#0"},
				"east": {"uv": [0.5, 12.75, 1, 14.25], "texture": "#0"},
				"west": {"uv": [1, 12.75, 1.5, 14.25], "texture": "#0"},
				"up": {"uv": [2, 13.75, 1.75, 13.25], "texture": "#0"},
				"down": {"uv": [2.25, 13.25, 2, 13.75], "texture": "#0"}
			}
		},
		{
			"from": [5, 8, -5],
			"to": [6, 14, -3],
			"rotation": {"angle": 0, "axis": "y", "origin": [5, 8, -5]},
			"faces": {
				"north": {"uv": [7.5, 12.75, 7.75, 14.25], "texture": "#0"},
				"east": {"uv": [11.5, 12.5, 12, 14], "texture": "#0"},
				"west": {"uv": [0, 12.75, 0.5, 14.25], "texture": "#0"},
				"up": {"uv": [13.25, 12.75, 13, 12.25], "texture": "#0"},
				"down": {"uv": [1.75, 13.25, 1.5, 13.75], "texture": "#0"}
			}
		},
		{
			"from": [10, 0, -5],
			"to": [11, 6, -3],
			"rotation": {"angle": 0, "axis": "y", "origin": [10, 0, -5]},
			"faces": {
				"north": {"uv": [3.75, 12.75, 4, 14.25], "texture": "#0"},
				"east": {"uv": [11, 12.5, 11.5, 14], "texture": "#0"},
				"west": {"uv": [12.5, 11.25, 13, 12.75], "texture": "#0"},
				"up": {"uv": [13.25, 11.75, 13, 11.25], "texture": "#0"},
				"down": {"uv": [13.25, 11.75, 13, 12.25], "texture": "#0"}
			}
		},
		{
			"from": [-2, 4, 0],
			"to": [0, 14, 10],
			"rotation": {"angle": 0, "axis": "y", "origin": [-2, 10, 0]},
			"faces": {
				"north": {"uv": [12, 11.25, 12.5, 13.75], "texture": "#0"},
				"south": {"uv": [12.5, 2.25, 13, 4.75], "texture": "#0"},
				"west": {"uv": [4, 9, 6.5, 11.5], "texture": "#0"},
				"up": {"uv": [13, 7.25, 12.5, 4.75], "texture": "#0"},
				"down": {"uv": [13, 7.25, 12.5, 9.75], "texture": "#0"}
			}
		},
		{
			"from": [16, 4, 0],
			"to": [18, 14, 10],
			"rotation": {"angle": 0, "axis": "y", "origin": [16, 10, 0]},
			"faces": {
				"north": {"uv": [8, 12.5, 8.5, 15], "texture": "#0"},
				"east": {"uv": [4, 11.5, 6.5, 14], "texture": "#0"},
				"south": {"uv": [8.5, 12.5, 9, 15], "texture": "#0"},
				"up": {"uv": [9.5, 15, 9, 12.5], "texture": "#0"},
				"down": {"uv": [10, 12.5, 9.5, 15], "texture": "#0"}
			}
		}
	]
}