{
	"credit": "Made with Blockbench",
	"textures": {
		"0": "guns/usps",
		"particle": "guns/glock18"
	},
	"elements": [
		{
			"from": [8, 7, 6.25],
			"to": [8, 8.5, 9.25],
			"rotation": {"angle": 0, "axis": "y", "origin": [16, 15, 14.25]},
			"faces": {
				"north": {"uv": [0, 0, 0, 2.5], "texture": "#0"},
				"east": {"uv": [11, 5, 8, 6.5], "texture": "#0"},
				"south": {"uv": [0, 0, 0, 2.5], "texture": "#0"},
				"west": {"uv": [8, 5, 11, 6.5], "texture": "#0"},
				"up": {"uv": [0, 0, 0, 2.5], "texture": "#0"},
				"down": {"uv": [0, 0, 0, 2.5], "texture": "#0"}
			}
		},
		{
			"from": [8, 11, 4.25],
			"to": [8, 11.5, 5.25],
			"rotation": {"angle": 0, "axis": "y", "origin": [16, 19, 12.25]},
			"faces": {
				"north": {"uv": [0, 0, 0, 1], "texture": "#0"},
				"east": {"uv": [15, 0, 16, 0.5], "texture": "#0"},
				"south": {"uv": [0, 0, 0, 1], "texture": "#0"},
				"west": {"uv": [15, 0, 16, 0.5], "rotation": 180, "texture": "#0"},
				"up": {"uv": [0, 0, 0, 1], "texture": "#0"},
				"down": {"uv": [0, 0, 0, 1], "texture": "#0"}
			}
		},
		{
			"from": [7, 8.5, 3.75],
			"to": [9, 11, 11.75],
			"rotation": {"angle": 0, "axis": "y", "origin": [14.75, 17.5, 13.25]},
			"faces": {
				"north": {"uv": [7, 0, 7.5, 2.5], "texture": "#0"},
				"east": {"uv": [8, 2.5, 0, 5], "texture": "#0"},
				"south": {"uv": [7.5, 0, 8, 2.5], "texture": "#0"},
				"west": {"uv": [0, 0, 8, 2.5], "texture": "#0"},
				"up": {"uv": [0, 5, 8, 7], "rotation": 90, "texture": "#0"},
				"down": {"uv": [0, 7, 8, 9], "rotation": 270, "texture": "#0"}
			}
		},
		{
			"from": [7, 9, -4.75],
			"to": [9, 11, 3.25],
			"rotation": {"angle": 0, "axis": "y", "origin": [14.75, 18, 4.75]},
			"faces": {
				"north": {"uv": [8, 9, 10, 11], "texture": "#0"},
				"east": {"uv": [8, 9, 0, 11], "texture": "#0"},
				"south": {"uv": [4.5, 9, 5, 11], "texture": "#0"},
				"west": {"uv": [0, 9, 8, 11], "texture": "#0"},
				"up": {"uv": [0, 11, 8, 13], "rotation": 90, "texture": "#0"},
				"down": {"uv": [0, 13, 8, 15], "rotation": 270, "texture": "#0"}
			}
		},
		{
			"from": [7.5, 9.5, 3.25],
			"to": [8.5, 10.5, 3.75],
			"rotation": {"angle": 0, "axis": "y", "origin": [15.25, 18.5, 12.75]},
			"faces": {
				"north": {"uv": [7.5, 0, 9.5, 2], "texture": "#0"},
				"east": {"uv": [15, 0.5, 15.5, 1.5], "texture": "#0"},
				"south": {"uv": [7, 0, 7.5, 2], "texture": "#0"},
				"west": {"uv": [15, 0.5, 15.5, 1.5], "texture": "#0"},
				"up": {"uv": [15, 1.5, 15.5, 2.5], "rotation": 90, "texture": "#0"},
				"down": {"uv": [15, 1, 15.5, 1.5], "rotation": 270, "texture": "#0"}
			}
		},
		{
			"from": [7.25, 5, 7.75],
			"to": [8.75, 10, 10.25],
			"rotation": {"angle": -22.5, "axis": "x", "origin": [8.25, 11, 11.75]},
			"faces": {
				"north": {"uv": [13.5, 0, 12, 5], "texture": "#0"},
				"east": {"uv": [10.5, 0, 8, 5], "texture": "#0"},
				"south": {"uv": [10.5, 0, 12, 5], "texture": "#0"},
				"west": {"uv": [8, 0, 10.5, 5], "texture": "#0"},
				"down": {"uv": [8, 4.5, 10.5, 5], "rotation": 270, "texture": "#0"}
			}
		},
		{
			"from": [7.25, 8.5, 10.25],
			"to": [8.75, 11, 11.75],
			"rotation": {"angle": -22.5, "axis": "x", "origin": [8.25, 11, 11.75]},
			"faces": {
				"north": {"uv": [0, 0, 1.5, 2], "rotation": 180, "texture": "#0"},
				"east": {"uv": [15, 0, 13.5, 2.5], "texture": "#0"},
				"south": {"uv": [13.5, 2.5, 15, 5], "texture": "#0"},
				"west": {"uv": [13.5, 0, 15, 2.5], "texture": "#0"},
				"up": {"uv": [8.5, 2.5, 9, 3], "rotation": 180, "texture": "#0"},
				"down": {"uv": [13.5, 2, 15, 2.5], "rotation": 270, "texture": "#0"}
			}
		}
	],
	"gui_light": "front",
	"display": {
		"thirdperson_righthand": {
			"rotation": [8, -12, 0],
			"scale": [0.8, 0.8, 0.8]
		},
		"thirdperson_lefthand": {
			"rotation": [8, -12, 0],
			"scale": [0.8, 0.8, 0.8]
		},
		"firstperson_righthand": {
			"rotation": [-2, -14, 0],
			"translation": [6.75, 0, -2]
		},
		"firstperson_lefthand": {
			"rotation": [-2, -14, 0],
			"translation": [6.75, 0, -2]
		},
		"ground": {
			"rotation": [0, 0, 90],
			"translation": [0, -3, 0]
		},
		"gui": {
			"rotation": [20, 145, 0],
			"translation": [3.25, -0.5, 0],
			"scale": [1.35, 1.35, 1.35]
		},
		"head": {
			"translation": [0, 0, -0.25]
		},
		"fixed": {
			"rotation": [0, 90, 0],
			"translation": [4.25, -5.75, -0.25]
		}
	},
	"groups": [
		{
			"name": "usps",
			"origin": [8.25, 17, 7.75],
			"color": 0,
			"children": [0, 1, 2, 3, 4, 5, 6]
		}
	]
}