{
  "model": {
    "type": "minecraft:range_dispatch",
    "property": "minecraft:custom_model_data",
    "entries": [
      { "threshold": 1, "model": {
          "type": "minecraft:select",
          "property": "minecraft:charge_type",
          "cases": [
            { "when": "arrow", "model": { "type": "minecraft:model", "model": "guns/glock18/glock18_crossbow" } },
            { "when": "rocket", "model": { "type": "minecraft:model", "model": "guns/glock18/glock18_crossbow" } }
          ],
          "fallback": { "type": "minecraft:model", "model": "guns/glock18/glock18" }
      } },
      { "threshold": 2, "model": {
          "type": "minecraft:select",
          "property": "minecraft:charge_type",
          "cases": [
            { "when": "arrow", "model": { "type": "minecraft:model", "model": "guns/ak47/ak47_crossbow" } },
            { "when": "rocket", "model": { "type": "minecraft:model", "model": "guns/ak47/ak47_crossbow" } }
          ],
          "fallback": { "type": "minecraft:model", "model": "guns/ak47/ak47" }
      } },
      { "threshold": 3, "model": {
          "type": "minecraft:select",
          "property": "minecraft:charge_type",
          "cases": [
            { "when": "arrow", "model": { "type": "minecraft:model", "model": "guns/mac10/mac10_crossbow" } },
            { "when": "rocket", "model": { "type": "minecraft:model", "model": "guns/mac10/mac10_crossbow" } }
          ],
          "fallback": { "type": "minecraft:model", "model": "guns/mac10/mac10" }
      } },
      { "threshold": 4, "model": {
          "type": "minecraft:select",
          "property": "minecraft:charge_type",
          "cases": [
            { "when": "arrow", "model": { "type": "minecraft:model", "model": "guns/xm1014/xm1014_crossbow" } },
            { "when": "rocket", "model": { "type": "minecraft:model", "model": "guns/xm1014/xm1014_crossbow" } }
          ],
          "fallback": { "type": "minecraft:model", "model": "guns/xm1014/xm1014" }
      } },
      { "threshold": 5, "model": {
          "type": "minecraft:select",
          "property": "minecraft:charge_type",
          "cases": [
            { "when": "arrow", "model": { "type": "minecraft:model", "model": "guns/usps/usps_crossbow" } },
            { "when": "rocket", "model": { "type": "minecraft:model", "model": "guns/usps/usps_crossbow" } }
          ],
          "fallback": { "type": "minecraft:model", "model": "guns/usps/usps" }
      } },
      { "threshold": 6, "model": {
          "type": "minecraft:select",
          "property": "minecraft:charge_type",
          "cases": [
            { "when": "arrow", "model": { "type": "minecraft:model", "model": "guns/deagle/deagle_crossbow" } },
            { "when": "rocket", "model": { "type": "minecraft:model", "model": "guns/deagle/deagle_crossbow" } }
          ],
          "fallback": { "type": "minecraft:model", "model": "guns/deagle/deagle" }
      } },
      { "threshold": 7, "model": {
          "type": "minecraft:select",
          "property": "minecraft:charge_type",
          "cases": [
            { "when": "arrow", "model": { "type": "minecraft:model", "model": "guns/m4a1s/m4a1s_crossbow" } },
            { "when": "rocket", "model": { "type": "minecraft:model", "model": "guns/m4a1s/m4a1s_crossbow" } }
          ],
          "fallback": { "type": "minecraft:model", "model": "guns/m4a1s/m4a1s" }
      } },
      { "threshold": 8, "model": {
          "type": "minecraft:select",
          "property": "minecraft:charge_type",
          "cases": [
            { "when": "arrow", "model": { "type": "minecraft:model", "model": "guns/famas/famas_crossbow" } },
            { "when": "rocket", "model": { "type": "minecraft:model", "model": "guns/famas/famas_crossbow" } }
          ],
          "fallback": { "type": "minecraft:model", "model": "guns/famas/famas" }
      } },
      { "threshold": 9, "model": {
          "type": "minecraft:select",
          "property": "minecraft:charge_type",
          "cases": [
            { "when": "arrow", "model": { "type": "minecraft:model", "model": "guns/tec9/tec9_crossbow" } },
            { "when": "rocket", "model": { "type": "minecraft:model", "model": "guns/tec9/tec9_crossbow" } }
          ],
          "fallback": { "type": "minecraft:model", "model": "guns/tec9/tec9" }
      } },
      { "threshold": 10, "model": {
          "type": "minecraft:select",
          "property": "minecraft:charge_type",
          "cases": [
            { "when": "arrow", "model": { "type": "minecraft:model", "model": "guns/nova/nova_crossbow" } },
            { "when": "rocket", "model": { "type": "minecraft:model", "model": "guns/nova/nova_crossbow" } }
          ],
          "fallback": { "type": "minecraft:model", "model": "guns/nova/nova" }
      } },
      { "threshold": 11, "model": {
          "type": "minecraft:select",
          "property": "minecraft:charge_type",
          "cases": [
            { "when": "arrow", "model": { "type": "minecraft:model", "model": "guns/minigun/minigun_crossbow" } },
            { "when": "rocket", "model": { "type": "minecraft:model", "model": "guns/minigun/minigun_crossbow" } }
          ],
          "fallback": { "type": "minecraft:model", "model": "guns/minigun/minigun" }
      } },
      { "threshold": 12, "model": {
          "type": "minecraft:select",
          "property": "minecraft:charge_type",
          "cases": [
            { "when": "arrow", "model": { "type": "minecraft:model", "model": "guns/revolver/revolver_crossbow" } },
            { "when": "rocket", "model": { "type": "minecraft:model", "model": "guns/revolver/revolver_crossbow" } }
          ],
          "fallback": { "type": "minecraft:model", "model": "guns/revolver/revolver" }
      } },
      { "threshold": 13, "model": {
          "type": "minecraft:select",
          "property": "minecraft:charge_type",
          "cases": [
            { "when": "arrow", "model": { "type": "minecraft:model", "model": "guns/mp7/mp7_crossbow" } },
            { "when": "rocket", "model": { "type": "minecraft:model", "model": "guns/mp7/mp7_crossbow" } }
          ],
          "fallback": { "type": "minecraft:model", "model": "guns/mp7/mp7" }
      } }
    ],
    "fallback": {
      "type": "minecraft:condition",
      "property": "minecraft:using_item",
      "on_false": {
        "type": "minecraft:select",
        "property": "minecraft:charge_type",
        "cases": [
          { "when": "arrow", "model": { "type": "minecraft:model", "model": "minecraft:item/crossbow_arrow" } },
          { "when": "rocket", "model": { "type": "minecraft:model", "model": "minecraft:item/crossbow_firework" } }
        ],
        "fallback": { "type": "minecraft:model", "model": "minecraft:item/crossbow" }
      },
      "on_true": {
        "type": "minecraft:range_dispatch",
        "property": "minecraft:crossbow/pull",
        "entries": [
          { "threshold": 0.58, "model": { "type": "minecraft:model", "model": "minecraft:item/crossbow_pulling_1" } },
          { "threshold": 1.0, "model": { "type": "minecraft:model", "model": "minecraft:item/crossbow_pulling_2" } }
        ],
        "fallback": { "type": "minecraft:model", "model": "minecraft:item/crossbow_pulling_0" }
      }
    }
  }
}