{
  "model": {
    "type": "minecraft:range_dispatch",
    "property": "minecraft:custom_model_data",
    "entries": [
      { "threshold": 1, "model": { "type": "minecraft:model", "model": "guns/awp/awp" } },
      { "threshold": 2, "model": { "type": "minecraft:model", "model": "guns/awp/awp_hide" } },
      { "threshold": 3, "model": { "type": "minecraft:model", "model": "guns/ssg08/ssg08" } },
      { "threshold": 4, "model": { "type": "minecraft:model", "model": "guns/ssg08_hide/ssg08_hide" } }
    ],
    "fallback": { 
      "type": "minecraft:model",
      "model": "minecraft:item/leather_horse_armor",
      "tints": [
        { "type": "minecraft:dye", "default": -6265536 }
      ]
    }
  }
}