{
  "model": {
    "type": "minecraft:range_dispatch",
    "property": "minecraft:custom_model_data",
    "entries": [
      { "threshold": 1, "model": { "type": "minecraft:model", "model": "other/he_grenade" } },
      { "threshold": 2, "model": { "type": "minecraft:model", "model": "other/smoke_grenade" } },
      { "threshold": 3, "model": { "type": "minecraft:model", "model": "other/flash_grenade" } },
      { "threshold": 4, "model": { "type": "minecraft:model", "model": "other/fire_grenade" } },
      { "threshold": 5, "model": { "type": "minecraft:model", "model": "other/gas_grenade" } }
    ],
    "fallback": { "type": "minecraft:model", "model": "minecraft:item/sugar" }
  }
}