{
	"credit": "Made with Blockbench",
	"texture_size": [32, 32],
	"textures": {
		"0": "other/medpack",
		"particle": "other/medpack"
	},
	"elements": [
		{
			"from": [3, 0, 3],
			"to": [13, 4, 13],
			"rotation": {"angle": 0, "axis": "y", "origin": [11, 8, 11]},
			"faces": {
				"north": {"uv": [0, 14, 5, 16], "texture": "#0"},
				"east": {"uv": [0, 14, 5, 16], "texture": "#0"},
				"south": {"uv": [5, 14, 0, 16], "texture": "#0"},
				"west": {"uv": [0, 14, 5, 16], "texture": "#0"},
				"up": {"uv": [0, 9, 5, 14], "rotation": 270, "texture": "#0"},
				"down": {"uv": [5, 9, 10, 14], "rotation": 90, "texture": "#0"}
			}
		},
		{
			"from": [5, 0, 3],
			"to": [11, 3, 3],
			"rotation": {"angle": 22.5, "axis": "x", "origin": [5, 3, 3]},
			"faces": {
				"north": {"uv": [5, 14, 8, 15.5], "texture": "#0"},
				"east": {"uv": [0, 5, 5, 7], "texture": "#0"},
				"south": {"uv": [8, 14, 5, 15.5], "texture": "#0"},
				"west": {"uv": [0, 5, 5, 7], "texture": "#0"},
				"up": {"uv": [0, 0, 5, 5], "rotation": 270, "texture": "#0"},
				"down": {"uv": [5, 0, 10, 5], "rotation": 90, "texture": "#0"}
			}
		}
	],
	"display": {
		"thirdperson_righthand": {
			"rotation": [171, 0, -98],
			"translation": [5.25, -1.5, -3]
		},
		"thirdperson_lefthand": {
			"rotation": [171, 0, -98],
			"translation": [5.25, -1.5, -3]
		},
		"firstperson_righthand": {
			"rotation": [21, -17, 88],
			"translation": [-3.25, 1, 0.75]
		},
		"firstperson_lefthand": {
			"rotation": [21, -17, 88],
			"translation": [-3.25, 1, 0.75]
		},
		"ground": {
			"translation": [-0.25, 5, 0]
		},
		"gui": {
			"rotation": [35, -135, 0],
			"translation": [0, 3.75, 0],
			"scale": [0, 0, 0]
		},
		"head": {
			"translation": [0, 19.5, 0],
			"scale": [1.66, 1.66, 1.66]
		},
		"fixed": {
			"rotation": [0, 90, -90],
			"translation": [0, 0, -14],
			"scale": [2, 2, 2]
		}
	}
}