{
  "parent": "minecraft:block/brown_stained_glass",
  "overrides": [
    {
      "predicate": {
        "custom_model_data": 1
      },
      "model": "other/glow"
    },
    {
      "predicate": {
        "custom_model_data": 2
      },
      "model": "other/ball_spawner"
    },
    {
      "predicate": {
        "custom_model_data": 3
      },
      "model": "other/ball_spawner_on"
    },
    {
      "predicate": {
        "custom_model_data": 4
      },
      "model": "other/ball_receiver"
    },
    {
      "predicate": {
        "custom_model_data": 5
      },
      "model": "other/ball_receiver_on"
    }
  ]
}