{
  "parent": "item/generated",
  "textures": {
    "layer0": "item/potion_overlay",
    "layer1": "item/potion"
  },
  "overrides": [
    { "predicate": { "custom_model_data": 1 },  "model": "objmc/glock18_idle" },
    { "predicate": { "custom_model_data": 2 },  "model": "objmc/usps_idle" },
    { "predicate": { "custom_model_data": 3 },  "model": "objmc/tec9_idle" },
    { "predicate": { "custom_model_data": 4 },  "model": "objmc/deagle_idle" },
    { "predicate": { "custom_model_data": 5 },  "model": "objmc/revolver_idle" },
    { "predicate": { "custom_model_data": 6 },  "model": "objmc/mac10_idle" },
    { "predicate": { "custom_model_data": 7 },  "model": "objmc/mp7_idle" },
    { "predicate": { "custom_model_data": 8 },  "model": "objmc/famas_idle" },
    { "predicate": { "custom_model_data": 9 },  "model": "objmc/m4a1s_idle" },
    { "predicate": { "custom_model_data": 10 }, "model": "objmc/ak47_idle" },
    { "predicate": { "custom_model_data": 11 }, "model": "objmc/xm1014_idle" },
    { "predicate": { "custom_model_data": 12 }, "model": "objmc/nova_idle" },
    { "predicate": { "custom_model_data": 13 }, "model": "objmc/awp_idle" },
    { "predicate": { "custom_model_data": 14 }, "model": "objmc/ssg08_idle" },
    { "predicate": { "custom_model_data": 15 }, "model": "objmc/minigun_idle" },
    { "predicate": { "custom_model_data": 16 }, "model": "objmc/knife_idle" },
    { "predicate": { "custom_model_data": 17 }, "model": "objmc/medpack_idle" },
    { "predicate": { "custom_model_data": 18 }, "model": "objmc/grenade_he_idle" },
    { "predicate": { "custom_model_data": 19 }, "model": "objmc/grenade_smoke_idle" },
    { "predicate": { "custom_model_data": 20 }, "model": "objmc/grenade_flash_idle" },
    { "predicate": { "custom_model_data": 21 }, "model": "objmc/grenade_fire_idle" },
    { "predicate": { "custom_model_data": 22 }, "model": "objmc/grenade_gas_idle" },
    { "predicate": { "custom_model_data": 23 }, "model": "objmc/slot_empty" },

    { "predicate": { "custom_model_data": 101 }, "model": "objmc/glock18_shoot" },
    { "predicate": { "custom_model_data": 102 }, "model": "objmc/usps_shoot" },
    { "predicate": { "custom_model_data": 103 }, "model": "objmc/tec9_shoot" },
    { "predicate": { "custom_model_data": 104 }, "model": "objmc/deagle_shoot" },
    { "predicate": { "custom_model_data": 105 }, "model": "objmc/revolver_shoot" },
    { "predicate": { "custom_model_data": 106 }, "model": "objmc/mac10_shoot" },
    { "predicate": { "custom_model_data": 107 }, "model": "objmc/mp7_shoot" },
    { "predicate": { "custom_model_data": 108 }, "model": "objmc/famas_shoot" },
    { "predicate": { "custom_model_data": 109 }, "model": "objmc/m4a1s_shoot" },
    { "predicate": { "custom_model_data": 110 }, "model": "objmc/ak47_shoot" },
    { "predicate": { "custom_model_data": 111 }, "model": "objmc/xm1014_shoot" },
    { "predicate": { "custom_model_data": 112 }, "model": "objmc/nova_shoot" },
    { "predicate": { "custom_model_data": 113 }, "model": "objmc/awp_shoot" },
    { "predicate": { "custom_model_data": 114 }, "model": "objmc/ssg08_shoot" },
    { "predicate": { "custom_model_data": 115 }, "model": "objmc/minigun_shoot" },
    { "predicate": { "custom_model_data": 116 }, "model": "objmc/knife_swing1" },
    { "predicate": { "custom_model_data": 117 }, "model": "objmc/medpack_swing1" },
    { "predicate": { "custom_model_data": 118 }, "model": "objmc/grenade_he_swing1" },
    { "predicate": { "custom_model_data": 119 }, "model": "objmc/grenade_smoke_swing1" },
    { "predicate": { "custom_model_data": 120 }, "model": "objmc/grenade_flash_swing1" },
    { "predicate": { "custom_model_data": 121 }, "model": "objmc/grenade_fire_swing1" },
    { "predicate": { "custom_model_data": 122 }, "model": "objmc/grenade_gas_swing1" },
    { "predicate": { "custom_model_data": 123 }, "model": "objmc/slot_empty" },

    { "predicate": { "custom_model_data": 201 }, "model": "objmc/glock18_reload" },
    { "predicate": { "custom_model_data": 202 }, "model": "objmc/usps_reload" },
    { "predicate": { "custom_model_data": 203 }, "model": "objmc/tec9_reload" },
    { "predicate": { "custom_model_data": 204 }, "model": "objmc/deagle_reload" },
    { "predicate": { "custom_model_data": 205 }, "model": "objmc/revolver_reload" },
    { "predicate": { "custom_model_data": 206 }, "model": "objmc/mac10_reload" },
    { "predicate": { "custom_model_data": 207 }, "model": "objmc/mp7_reload" },
    { "predicate": { "custom_model_data": 208 }, "model": "objmc/famas_reload" },
    { "predicate": { "custom_model_data": 209 }, "model": "objmc/m4a1s_reload" },
    { "predicate": { "custom_model_data": 210 }, "model": "objmc/ak47_reload" },
    { "predicate": { "custom_model_data": 211 }, "model": "objmc/xm1014_reload" },
    { "predicate": { "custom_model_data": 212 }, "model": "objmc/nova_reload" },
    { "predicate": { "custom_model_data": 213 }, "model": "objmc/awp_reload" },
    { "predicate": { "custom_model_data": 214 }, "model": "objmc/ssg08_reload" },
    { "predicate": { "custom_model_data": 215 }, "model": "objmc/minigun_reload" },
    { "predicate": { "custom_model_data": 216 }, "model": "objmc/knife_swing2" },
    { "predicate": { "custom_model_data": 217 }, "model": "objmc/medpack_swing1" },
    { "predicate": { "custom_model_data": 218 }, "model": "objmc/grenade_he_swing1" },
    { "predicate": { "custom_model_data": 219 }, "model": "objmc/grenade_smoke_swing1" },
    { "predicate": { "custom_model_data": 220 }, "model": "objmc/grenade_flash_swing1" },
    { "predicate": { "custom_model_data": 221 }, "model": "objmc/grenade_fire_swing1" },
    { "predicate": { "custom_model_data": 222 }, "model": "objmc/grenade_gas_swing1" },
    { "predicate": { "custom_model_data": 223 }, "model": "objmc/slot_empty" }
  ]
}
