{
	"sources": [
		{
			"type": "directory",
			"source": "cubes",
			"prefix": "cubes/"
		},
		{
			"type": "directory",
			"source": "other",
			"prefix": "other/"
		},
		{
			"type": "directory",
			"source": "portal",
			"prefix": "portal/"
		},
		{
			"type": "directory",
			"source": "portal_gun",
			"prefix": "portal_gun/"
		},
		{
			"type": "directory",
			"source": "ui",
			"prefix": "ui/"
		},
		{
			"type": "directory",
			"source": "objmc",
			"prefix": "objmc/"
		}
	]
}