{
	"credit": "Made with Blockbench",
	"textures": {
		"0": "guns/m4a1s"
	},
	"elements": [
		{
			"from": [7, 8.75, 3.5],
			"to": [9, 11.75, 11.5],
			"rotation": {"angle": 0, "axis": "y", "origin": [0, 0.25, -2.5]},
			"faces": {
				"north": {"uv": [4, 4, 5, 5.5], "texture": "#0"},
				"east": {"uv": [0, 4, 4, 5.5], "texture": "#0"},
				"south": {"uv": [9, 4, 10, 5.5], "texture": "#0"},
				"west": {"uv": [5, 4, 9, 5.5], "texture": "#0"},
				"up": {"uv": [5, 4, 4, 0], "texture": "#0"},
				"down": {"uv": [6, 0, 5, 4], "texture": "#0"}
			}
		},
		{
			"from": [8, 11.75, 3.5],
			"to": [8, 13.75, 11.5],
			"rotation": {"angle": 0, "axis": "y", "origin": [0, 3.25, -2.5]},
			"faces": {
				"east": {"uv": [4, 5.5, 0, 6.5], "texture": "#0"},
				"west": {"uv": [0, 5.5, 4, 6.5], "texture": "#0"}
			}
		},
		{
			"from": [8, 11, -6],
			"to": [8, 14, -3],
			"rotation": {"angle": 0, "axis": "y", "origin": [0, 2.5, -11.5]},
			"faces": {
				"east": {"uv": [9.5, 9.5, 8, 11], "texture": "#0"},
				"west": {"uv": [8, 9.5, 9.5, 11], "texture": "#0"}
			}
		},
		{
			"from": [7, 9.5, 13.5],
			"to": [9, 11.5, 19],
			"rotation": {"angle": 0, "axis": "y", "origin": [0, 0.25, -3.5]},
			"faces": {
				"north": {"uv": [8.75, 2.75, 9.75, 3.75], "texture": "#0"},
				"east": {"uv": [6, 2.75, 8.75, 3.75], "texture": "#0"},
				"south": {"uv": [12.5, 2.75, 13.5, 3.75], "texture": "#0"},
				"west": {"uv": [9.75, 2.75, 12.5, 3.75], "texture": "#0"},
				"up": {"uv": [9.75, 2.75, 8.75, 0], "texture": "#0"},
				"down": {"uv": [10.75, 0, 9.75, 2.75], "texture": "#0"}
			}
		},
		{
			"from": [7, 8, 17.5],
			"to": [9, 9.5, 19],
			"rotation": {"angle": 0, "axis": "y", "origin": [0, 0.5, -2]},
			"faces": {
				"north": {"uv": [11.5, 0.75, 12.5, 1.5], "texture": "#0"},
				"east": {"uv": [10.75, 0.75, 11.5, 1.5], "texture": "#0"},
				"south": {"uv": [13.25, 0.75, 14.25, 1.5], "texture": "#0"},
				"west": {"uv": [12.5, 0.75, 13.25, 1.5], "texture": "#0"},
				"down": {"uv": [13.5, 0, 12.5, 0.75], "texture": "#0"}
			}
		},
		{
			"from": [7.25, 9, 13.75],
			"to": [8.75, 10.25, 17.75],
			"rotation": {"angle": 22.5, "axis": "x", "origin": [8, 8.75, 15.5], "rescale": true},
			"faces": {
				"east": {"uv": [6, 7.75, 4, 8.5], "texture": "#0"},
				"west": {"uv": [4, 7.75, 6, 8.5], "texture": "#0"},
				"down": {"uv": [4, 7, 6, 7.75], "rotation": 90, "texture": "#0"}
			}
		},
		{
			"from": [7.25, 9.75, 11.5],
			"to": [8.75, 11.25, 13.5],
			"rotation": {"angle": 0, "axis": "y", "origin": [0, 0.25, -2.5]},
			"faces": {
				"east": {"uv": [10, 6.75, 11, 7.5], "texture": "#0"},
				"west": {"uv": [11.75, 6.75, 12.75, 7.5], "texture": "#0"},
				"up": {"uv": [11.75, 6.75, 11, 5.75], "texture": "#0"},
				"down": {"uv": [12.5, 5.75, 11.75, 6.75], "texture": "#0"}
			}
		},
		{
			"from": [7.25, 9.75, 3],
			"to": [8.75, 11.25, 3.5],
			"rotation": {"angle": 0, "axis": "y", "origin": [0, 0.25, -13.5]},
			"faces": {
				"east": {"uv": [6, 0.25, 6.25, 1], "texture": "#0"},
				"west": {"uv": [7, 0.25, 7.25, 1], "texture": "#0"},
				"up": {"uv": [7, 0.25, 6.25, 0], "texture": "#0"},
				"down": {"uv": [7.75, 0, 7, 0.25], "texture": "#0"}
			}
		},
		{
			"from": [6.96, 9.48175, -3.24],
			"to": [9.04, 11.56175, 3],
			"rotation": {"angle": 0, "axis": "z", "origin": [8, 10.52175, -0.22]},
			"faces": {
				"north": {"uv": [8, 8.5, 9, 9.5], "texture": "#0"},
				"east": {"uv": [5, 8.5, 8, 9.5], "texture": "#0"},
				"south": {"uv": [12, 8.5, 13, 9.5], "texture": "#0"},
				"west": {"uv": [9, 8.5, 12, 9.5], "texture": "#0"},
				"up": {"uv": [9, 8.5, 8, 5.5], "texture": "#0"},
				"down": {"uv": [10, 5.5, 9, 8.5], "texture": "#0"}
			}
		},
		{
			"from": [7.5, 10, -6.5],
			"to": [8.5, 11, -2.5],
			"rotation": {"angle": 0, "axis": "y", "origin": [8, 10.5, -5.5]},
			"faces": {
				"east": {"uv": [9.25, 15.5, 11.25, 16], "texture": "#0"},
				"west": {"uv": [11.75, 15.5, 13.75, 16], "texture": "#0"},
				"up": {"uv": [11.75, 15.5, 11.25, 13.5], "texture": "#0"},
				"down": {"uv": [12.25, 13.5, 11.75, 15.5], "texture": "#0"}
			}
		},
		{
			"from": [7.25, 9.75, -11.5],
			"to": [8.75, 11.25, -6.5],
			"rotation": {"angle": 0, "axis": "y", "origin": [8.25, 10.25, -7.5]},
			"faces": {
				"north": {"uv": [2.25, 12.5, 3.25, 13.5], "texture": "#0"},
				"east": {"uv": [0, 10.25, 2.5, 11], "texture": "#0"},
				"south": {"uv": [5.75, 10.25, 6.5, 11], "texture": "#0"},
				"west": {"uv": [3.25, 10.25, 5.75, 11], "texture": "#0"},
				"up": {"uv": [3.25, 10.25, 2.5, 7.75], "texture": "#0"},
				"down": {"uv": [4, 7.75, 3.25, 10.25], "texture": "#0"}
			}
		},
		{
			"from": [7, 8.25, 3.5],
			"to": [9, 8.75, 7],
			"rotation": {"angle": 0, "axis": "y", "origin": [0, -0.25, -2.5]},
			"faces": {
				"north": {"uv": [11.25, 11.25, 12.25, 11.5], "texture": "#0"},
				"east": {"uv": [9.5, 11.25, 11.25, 11.5], "texture": "#0"},
				"south": {"uv": [14, 11.25, 15, 11.5], "texture": "#0"},
				"west": {"uv": [12.25, 11.25, 14, 11.5], "texture": "#0"},
				"down": {"uv": [13.25, 9.5, 12.25, 11.25], "texture": "#0"}
			}
		},
		{
			"from": [8, 6.25, 3.5],
			"to": [8, 8.75, 9.5],
			"rotation": {"angle": 0, "axis": "y", "origin": [0, 0.25, -2.5]},
			"faces": {
				"east": {"uv": [3, 6.5, 0, 7.75], "texture": "#0"},
				"west": {"uv": [0, 6.5, 3, 7.75], "texture": "#0"}
			}
		},
		{
			"from": [7.25, 4.475, 9.125],
			"to": [8.75, 9.475, 11.625],
			"rotation": {"angle": -22.5, "axis": "x", "origin": [8, 7.25, 10.5]},
			"faces": {
				"north": {"uv": [1.25, 1.25, 2, 3.75], "texture": "#0"},
				"east": {"uv": [0, 1.25, 1.25, 3.75], "texture": "#0"},
				"south": {"uv": [3.25, 1.25, 4, 3.75], "texture": "#0"},
				"west": {"uv": [2, 1.25, 3.25, 3.75], "texture": "#0"},
				"down": {"uv": [2.75, 0, 2, 1.25], "texture": "#0"}
			}
		},
		{
			"from": [7.25, 2.4, 3.1],
			"to": [8.75, 8.9, 6.1],
			"rotation": {"angle": 22.5, "axis": "x", "origin": [8.25, 6.65, 5.1]},
			"faces": {
				"north": {"uv": [6.5, 11, 7.25, 14.25], "texture": "#0"},
				"east": {"uv": [5, 11, 6.5, 14.25], "texture": "#0"},
				"south": {"uv": [8.75, 11, 9.5, 14.25], "texture": "#0"},
				"west": {"uv": [7.25, 11, 8.75, 14.25], "texture": "#0"},
				"down": {"uv": [8, 9.5, 7.25, 11], "texture": "#0"}
			}
		}
	],
	"gui_light": "front",
	"display": {
		"thirdperson_righthand": {
			"rotation": [8, -12, 0],
			"scale": [0.8, 0.8, 0.8]
		},
		"thirdperson_lefthand": {
			"rotation": [8, -12, 0],
			"scale": [0.8, 0.8, 0.8]
		},
		"firstperson_righthand": {
			"rotation": [-2, -4, 0],
			"translation": [-3.2, 0, 1.3]
		},
		"firstperson_lefthand": {
			"rotation": [-2, -4, 0],
			"translation": [-3.2, 0, 1.3]
		},
		"ground": {
			"rotation": [0, 0, 90],
			"translation": [0, -3, 0]
		},
		"gui": {
			"rotation": [20, 145, 0],
			"translation": [2, -0.25, 0],
			"scale": [0.85, 0.85, 0.85]
		}
	},
	"groups": [
		{
			"name": "m4a1s",
			"origin": [8.25, 10.4, 8.6],
			"color": 0,
			"children": [0, 1, 2, 3, 4, 5, 6, 7, 8, 9, 10, 11, 12, 13, 14]
		}
	]
}