{
  "parent": "minecraft:item/generated",
  "textures": {
    "layer0": "minecraft:block/black_stained_glass"
  },
  "overrides": [
    {
      "predicate": {
        "custom_model_data": 1
      },
      "model": "portal/portal_blue"
    },
    {
      "predicate": {
        "custom_model_data": 2
      },
      "model": "portal/portal_orange"
    },
    {
      "predicate": {
        "custom_model_data": 3
      },
      "model": "portal/portal_blue_open"
    },
    {
      "predicate": {
        "custom_model_data": 4
      },
      "model": "portal/portal_orange_open"
    },
    {
      "predicate": {
        "custom_model_data": 5
      },
      "model": "portal/portal_blue_2"
    },
    {
      "predicate": {
        "custom_model_data": 6
      },
      "model": "portal/portal_orange_2"
    },
    {
      "predicate": {
        "custom_model_data": 7
      },
      "model": "portal/portal_blue_open_2"
    },
    {
      "predicate": {
        "custom_model_data": 8
      },
      "model": "portal/portal_orange_open_2"
    }
  ]
}