{
  "parent": "minecraft:item/generated",
  "textures": {
    "layer0": "minecraft:item/lapis_lazuli"
  },
  "overrides": [
    {
      "predicate": {
        "custom_model_data": 1
      },
      "model": "other/launch_off"
    },
    {
      "predicate": {
        "custom_model_data": 2
      },
      "model": "other/launch_on"
    },
    {
      "predicate": {
        "custom_model_data": 3
      },
      "model": "other/bigfan"
    },
    {
      "predicate": {
        "custom_model_data": 4
      },
      "model": "other/bigfanoff"
    }
  ]
}