{
  "parent": "minecraft:item/generated",
  "textures": {
    "layer0": "minecraft:item/slime_ball"
  },
  "overrides": [
    {
      "predicate": {
        "custom_model_data": 1
      },
      "model": "other/camera"
    },
    {
      "predicate": {
        "custom_model_data": 2
      },
      "model": "other/computer"
    },
    {
      "predicate": {
        "custom_model_data": 3
      },
      "model": "other/computer_on"
    },
    {
      "predicate": {
        "custom_model_data": 4
      },
      "model": "other/computer_noise"
    }
  ]
}